donor,region,roi,other_immune,epithelial,unknown,PP cell,beta cell,macrophage,cd8_t,cd4_t,b_cell,mdsc,fibroblast,alpha cell,endothelial,acinar
HPAP-004,Body of pancreas,ROI1,2341.0,998.0,706.0,468.0,192.0,156.0,23.0,6.0,5.0,0.0,0.0,0.0,0.0,0.0
HPAP-004,Body of pancreas,ROI3,2841.0,996.0,517.0,0.0,211.0,76.0,22.0,5.0,9.0,4.0,0.0,0.0,0.0,0.0
HPAP-004,Body of pancreas,ROI4,2349.0,9.0,1114.0,532.0,245.0,129.0,26.0,4.0,14.0,1.0,91.0,17.0,0.0,0.0
HPAP-004,Head of pancreas,ROI1,1054.0,0.0,78.0,0.0,107.0,72.0,281.0,3.0,6.0,1.0,674.0,0.0,0.0,0.0
HPAP-004,Head of pancreas,ROI2,1392.0,743.0,494.0,0.0,128.0,133.0,47.0,11.0,4.0,1.0,0.0,416.0,0.0,0.0
HPAP-004,Head of pancreas,ROI3,1280.0,672.0,0.0,0.0,507.0,165.0,419.0,5.0,36.0,6.0,0.0,0.0,0.0,0.0
HPAP-004,Tail of pancreas,ROI1,1648.0,1808.0,540.0,0.0,0.0,152.0,97.0,13.0,211.0,1.0,0.0,0.0,118.0,0.0
HPAP-004,Tail of pancreas,ROI2,1387.0,849.0,581.0,0.0,0.0,50.0,15.0,5.0,38.0,0.0,0.0,0.0,190.0,0.0
HPAP-004,Tail of pancreas,ROI3,1470.0,128.0,851.0,0.0,0.0,58.0,18.0,4.0,12.0,0.0,0.0,0.0,567.0,0.0
HPAP-005,Body of pancreas,ROI1,452.0,415.0,383.0,0.0,0.0,30.0,32.0,5.0,4.0,300.0,0.0,0.0,52.0,0.0
HPAP-005,Body of pancreas,ROI2,410.0,641.0,487.0,376.0,107.0,2.0,5.0,1.0,2.0,368.0,0.0,0.0,374.0,0.0
HPAP-005,Body of pancreas,ROI3,611.0,474.0,0.0,0.0,307.0,24.0,2.0,0.0,1.0,175.0,0.0,0.0,461.0,0.0
HPAP-005,Head of pancreas,ROI1,745.0,2083.0,704.0,0.0,173.0,63.0,10.0,0.0,10.0,33.0,1021.0,0.0,0.0,0.0
HPAP-005,Head of pancreas,ROI2,1822.0,742.0,600.0,0.0,0.0,44.0,5.0,1.0,4.0,27.0,0.0,0.0,248.0,0.0
HPAP-005,Head of pancreas,ROI3,899.0,354.0,223.0,0.0,49.0,2.0,21.0,2.0,3.0,118.0,0.0,0.0,316.0,0.0
HPAP-005,Tail of pancreas,ROI1,20.0,84.0,72.0,0.0,0.0,12.0,5.0,2.0,5.0,185.0,0.0,0.0,0.0,0.0
HPAP-005,Tail of pancreas,ROI2,5.0,104.0,0.0,0.0,0.0,5.0,6.0,2.0,1.0,147.0,0.0,0.0,86.0,0.0
HPAP-006,Body of pancreas,ROI4,212.0,370.0,130.0,0.0,0.0,27.0,37.0,14.0,45.0,2.0,0.0,0.0,0.0,0.0
HPAP-006,Body of pancreas,ROI5,530.0,391.0,242.0,0.0,0.0,30.0,19.0,11.0,3.0,1.0,0.0,0.0,83.0,0.0
HPAP-006,Body of pancreas,ROI6,560.0,289.0,138.0,0.0,0.0,41.0,30.0,11.0,13.0,10.0,0.0,0.0,12.0,0.0
HPAP-006,Head of pancreas,ROI1,1185.0,0.0,461.0,29.0,0.0,96.0,56.0,41.0,87.0,16.0,268.0,0.0,174.0,0.0
HPAP-006,Head of pancreas,ROI2,773.0,716.0,272.0,0.0,0.0,102.0,31.0,10.0,254.0,2.0,0.0,0.0,0.0,0.0
HPAP-006,Head of pancreas,ROI3,929.0,506.0,307.0,0.0,0.0,99.0,30.0,21.0,188.0,10.0,0.0,0.0,0.0,0.0
HPAP-006,Tail of pancreas,ROI1,196.0,181.0,191.0,0.0,0.0,11.0,8.0,2.0,36.0,0.0,0.0,0.0,0.0,0.0
HPAP-006,Tail of pancreas,ROI2,411.0,262.0,144.0,0.0,55.0,14.0,14.0,0.0,8.0,2.0,0.0,0.0,0.0,0.0
HPAP-006,Tail of pancreas,ROI3,386.0,0.0,113.0,0.0,29.0,26.0,5.0,0.0,1.0,0.0,0.0,0.0,0.0,0.0
HPAP-011,Body of pancreas,ROI1,24.0,114.0,0.0,0.0,22.0,6.0,5.0,0.0,179.0,0.0,0.0,0.0,103.0,0.0
HPAP-011,Body of pancreas,ROI2,56.0,105.0,0.0,0.0,37.0,7.0,0.0,0.0,25.0,0.0,0.0,0.0,116.0,0.0
HPAP-011,Body of pancreas,ROI3,27.0,74.0,0.0,0.0,70.0,9.0,0.0,0.0,181.0,0.0,0.0,0.0,0.0,0.0
HPAP-011,Head of pancreas,ROI1,0.0,184.0,0.0,195.0,0.0,224.0,81.0,0.0,0.0,0.0,101.0,0.0,0.0,0.0
HPAP-011,Head of pancreas,ROI2,0.0,281.0,0.0,0.0,0.0,209.0,16.0,0.0,4.0,0.0,0.0,0.0,60.0,0.0
HPAP-011,Head of pancreas,ROI3,0.0,158.0,0.0,0.0,0.0,238.0,176.0,0.0,62.0,0.0,41.0,0.0,0.0,0.0
HPAP-011,Tail of pancreas,ROI1,78.0,158.0,0.0,0.0,189.0,40.0,1.0,1.0,192.0,2.0,0.0,0.0,0.0,0.0
HPAP-011,Tail of pancreas,ROI2,109.0,342.0,0.0,0.0,160.0,117.0,22.0,0.0,167.0,2.0,0.0,0.0,0.0,0.0
HPAP-011,Tail of pancreas,ROI3,269.0,111.0,0.0,0.0,0.0,234.0,23.0,3.0,307.0,12.0,0.0,0.0,59.0,272.0
HPAP-012,Body of pancreas,ROI1,360.0,252.0,306.0,0.0,0.0,19.0,2.0,1.0,13.0,0.0,0.0,0.0,24.0,0.0
HPAP-012,Body of pancreas,ROI2,395.0,376.0,0.0,443.0,0.0,17.0,0.0,0.0,4.0,0.0,0.0,0.0,0.0,0.0
HPAP-012,Body of pancreas,ROI3,44.0,560.0,0.0,648.0,212.0,21.0,0.0,0.0,1.0,0.0,549.0,0.0,0.0,0.0
HPAP-012,Head of pancreas,ROI1,1065.0,1256.0,1364.0,0.0,0.0,120.0,7.0,6.0,259.0,1.0,833.0,0.0,0.0,0.0
HPAP-012,Head of pancreas,ROI2,0.0,341.0,296.0,0.0,105.0,42.0,318.0,0.0,108.0,0.0,390.0,0.0,0.0,0.0
HPAP-012,Head of pancreas,ROI3,2048.0,1916.0,0.0,0.0,0.0,111.0,13.0,4.0,60.0,0.0,563.0,0.0,0.0,0.0
HPAP-012,Tail of pancreas,ROI1,1393.0,1446.0,0.0,643.0,0.0,71.0,12.0,2.0,6.0,0.0,0.0,0.0,0.0,0.0
HPAP-012,Tail of pancreas,ROI2,1015.0,495.0,300.0,0.0,0.0,121.0,9.0,2.0,1.0,0.0,0.0,0.0,70.0,0.0
HPAP-012,Tail of pancreas,ROI3,1454.0,866.0,739.0,0.0,0.0,74.0,7.0,0.0,41.0,0.0,0.0,0.0,105.0,0.0
HPAP-014,Body of pancreas,ROI1,193.0,172.0,0.0,0.0,0.0,30.0,6.0,2.0,0.0,0.0,0.0,0.0,21.0,0.0
HPAP-014,Body of pancreas,ROI2,1224.0,1181.0,0.0,0.0,75.0,81.0,26.0,5.0,3.0,0.0,0.0,0.0,0.0,0.0
HPAP-014,Body of pancreas,ROI3,150.0,231.0,0.0,0.0,38.0,23.0,9.0,1.0,0.0,0.0,0.0,0.0,0.0,0.0
HPAP-014,Head of pancreas,ROI1,422.0,476.0,0.0,0.0,0.0,29.0,9.0,3.0,2.0,0.0,0.0,0.0,32.0,0.0
HPAP-014,Head of pancreas,ROI2,170.0,247.0,0.0,0.0,0.0,10.0,11.0,0.0,1.0,0.0,0.0,0.0,0.0,0.0
HPAP-014,Head of pancreas,ROI3,533.0,144.0,129.0,0.0,0.0,48.0,14.0,2.0,7.0,0.0,117.0,0.0,0.0,0.0
HPAP-014,Tail of pancreas,ROI1,845.0,599.0,0.0,0.0,0.0,218.0,49.0,1.0,1.0,0.0,0.0,0.0,510.0,0.0
HPAP-014,Tail of pancreas,ROI2,452.0,399.0,325.0,0.0,0.0,72.0,19.0,0.0,6.0,0.0,0.0,0.0,463.0,0.0
HPAP-014,Tail of pancreas,ROI3,121.0,411.0,0.0,0.0,0.0,139.0,80.0,18.0,2.0,0.0,0.0,0.0,0.0,0.0
HPAP-018,Body of pancreas,ROI1,2125.0,284.0,949.0,0.0,68.0,38.0,21.0,0.0,4.0,0.0,0.0,0.0,0.0,0.0
HPAP-018,Body of pancreas,ROI2,1587.0,710.0,461.0,0.0,45.0,32.0,28.0,0.0,9.0,0.0,0.0,0.0,0.0,0.0
HPAP-018,Body of pancreas,ROI3,0.0,771.0,607.0,0.0,0.0,0.0,0.0,0.0,0.0,0.0,155.0,0.0,0.0,0.0
HPAP-018,Head of pancreas,ROI1,2929.0,104.0,1048.0,0.0,41.0,42.0,93.0,2.0,19.0,0.0,35.0,0.0,0.0,0.0
HPAP-018,Head of pancreas,ROI2,2210.0,296.0,982.0,0.0,187.0,85.0,86.0,2.0,21.0,0.0,0.0,0.0,0.0,0.0
HPAP-018,Tail of pancreas,ROI4,187.0,1076.0,394.0,0.0,143.0,4.0,15.0,0.0,1.0,0.0,0.0,0.0,0.0,0.0
HPAP-018,Tail of pancreas,ROI5,506.0,438.0,721.0,0.0,133.0,6.0,10.0,0.0,0.0,0.0,0.0,0.0,0.0,0.0
HPAP-026,Head of pancreas,ROI1,3.0,307.0,0.0,0.0,0.0,183.0,0.0,0.0,0.0,0.0,0.0,0.0,0.0,0.0
HPAP-026,Head of pancreas,ROI2,131.0,187.0,0.0,0.0,0.0,81.0,10.0,5.0,6.0,0.0,0.0,0.0,106.0,0.0
HPAP-026,Head of pancreas,ROI3,626.0,902.0,370.0,0.0,0.0,394.0,27.0,12.0,22.0,0.0,0.0,0.0,0.0,0.0
HPAP-026,Tail of pancreas,ROI1,71.0,47.0,556.0,0.0,0.0,1530.0,76.0,14.0,3.0,0.0,0.0,0.0,117.0,0.0
HPAP-026,Tail of pancreas,ROI2,51.0,924.0,0.0,0.0,34.0,667.0,3.0,2.0,1.0,0.0,0.0,0.0,0.0,0.0
HPAP-026,Tail of pancreas,ROI3,251.0,584.0,96.0,11.0,0.0,328.0,31.0,20.0,26.0,1.0,0.0,0.0,64.0,0.0
HPAP-027,Body of pancreas,ROI1,302.0,722.0,522.0,0.0,151.0,364.0,48.0,9.0,59.0,74.0,0.0,0.0,0.0,0.0
HPAP-027,Body of pancreas,ROI2,240.0,242.0,221.0,0.0,0.0,116.0,29.0,4.0,71.0,3.0,0.0,0.0,0.0,0.0
HPAP-027,Body of pancreas,ROI3,603.0,647.0,272.0,0.0,114.0,132.0,31.0,5.0,47.0,29.0,0.0,0.0,142.0,0.0
HPAP-027,Head of pancreas,ROI1,9.0,0.0,248.0,0.0,0.0,405.0,219.0,4.0,2.0,0.0,0.0,0.0,93.0,0.0
HPAP-027,Head of pancreas,ROI2,84.0,190.0,0.0,0.0,78.0,111.0,286.0,14.0,17.0,31.0,179.0,0.0,0.0,0.0
HPAP-027,Head of pancreas,ROI3,178.0,320.0,282.0,0.0,102.0,158.0,252.0,55.0,29.0,61.0,0.0,0.0,0.0,0.0
HPAP-034,Body of pancreas,ROI1,446.0,1047.0,231.0,674.0,0.0,17.0,8.0,1.0,0.0,60.0,0.0,0.0,116.0,0.0
HPAP-034,Body of pancreas,ROI2,1133.0,1601.0,549.0,0.0,0.0,38.0,23.0,12.0,0.0,227.0,0.0,0.0,272.0,0.0
HPAP-034,Body of pancreas,ROI3,271.0,1759.0,746.0,0.0,0.0,30.0,18.0,4.0,0.0,78.0,761.0,0.0,0.0,0.0
HPAP-034,Head of pancreas,ROI1,768.0,850.0,426.0,0.0,0.0,26.0,16.0,9.0,1.0,604.0,0.0,357.0,0.0,0.0
HPAP-034,Head of pancreas,ROI2,953.0,435.0,655.0,0.0,0.0,47.0,15.0,10.0,0.0,1269.0,0.0,0.0,221.0,0.0
HPAP-034,Head of pancreas,ROI3,493.0,461.0,634.0,504.0,0.0,34.0,13.0,6.0,1.0,1472.0,0.0,0.0,187.0,0.0
HPAP-034,Tail of pancreas,ROI1,178.0,188.0,235.0,0.0,0.0,39.0,6.0,9.0,0.0,488.0,129.0,0.0,0.0,0.0
HPAP-034,Tail of pancreas,ROI2,1023.0,492.0,719.0,0.0,0.0,123.0,22.0,8.0,0.0,732.0,385.0,0.0,67.0,0.0
HPAP-034,Tail of pancreas,ROI3,443.0,597.0,351.0,0.0,0.0,48.0,11.0,9.0,0.0,506.0,276.0,0.0,0.0,0.0
HPAP-034,Tail of pancreas,ROI4,338.0,648.0,151.0,0.0,0.0,52.0,13.0,7.0,0.0,355.0,0.0,0.0,56.0,0.0
HPAP-035,Body of pancreas,ROI1,828.0,506.0,619.0,0.0,185.0,74.0,664.0,291.0,47.0,480.0,0.0,0.0,387.0,0.0
HPAP-035,Body of pancreas,ROI2,92.0,856.0,817.0,0.0,362.0,158.0,774.0,75.0,7.0,27.0,609.0,0.0,0.0,0.0
HPAP-035,Body of pancreas,ROI3,798.0,892.0,550.0,0.0,130.0,12.0,178.0,52.0,168.0,284.0,609.0,0.0,364.0,0.0
HPAP-035,Head of pancreas,ROI1,871.0,1873.0,509.0,0.0,234.0,83.0,79.0,79.0,143.0,205.0,0.0,0.0,0.0,0.0
HPAP-035,Head of pancreas,ROI2,1126.0,1885.0,229.0,0.0,217.0,18.0,105.0,41.0,318.0,225.0,0.0,0.0,297.0,0.0
HPAP-035,Head of pancreas,ROI3,987.0,1150.0,0.0,0.0,268.0,63.0,80.0,14.0,206.0,120.0,512.0,0.0,843.0,0.0
HPAP-035,Tail of pancreas,ROI1,125.0,166.0,0.0,0.0,270.0,41.0,24.0,25.0,3.0,0.0,119.0,0.0,0.0,0.0
HPAP-035,Tail of pancreas,ROI2,50.0,497.0,0.0,0.0,275.0,21.0,24.0,30.0,2.0,0.0,0.0,112.0,212.0,0.0
HPAP-035,Tail of pancreas,ROI3,220.0,357.0,0.0,0.0,306.0,45.0,24.0,21.0,2.0,0.0,38.0,199.0,74.0,0.0
HPAP-036,Body of pancreas,ROI1,857.0,921.0,1081.0,0.0,157.0,179.0,49.0,38.0,200.0,49.0,277.0,0.0,0.0,0.0
HPAP-036,Body of pancreas,ROI2,1475.0,1075.0,787.0,0.0,0.0,206.0,48.0,37.0,229.0,84.0,10.0,0.0,0.0,0.0
HPAP-036,Body of pancreas,ROI3,1374.0,1141.0,862.0,0.0,213.0,18.0,4.0,8.0,311.0,47.0,0.0,0.0,324.0,0.0
HPAP-036,Head of pancreas,ROI1,1415.0,837.0,0.0,0.0,102.0,145.0,9.0,36.0,41.0,34.0,750.0,0.0,49.0,0.0
HPAP-036,Head of pancreas,ROI2,1416.0,867.0,0.0,0.0,173.0,164.0,32.0,12.0,9.0,11.0,590.0,0.0,0.0,0.0
HPAP-036,Head of pancreas,ROI3,1043.0,444.0,0.0,0.0,39.0,139.0,14.0,9.0,10.0,6.0,0.0,0.0,484.0,0.0
HPAP-036,Tail of pancreas,ROI1,687.0,498.0,509.0,0.0,278.0,93.0,121.0,5.0,82.0,6.0,587.0,0.0,0.0,0.0
HPAP-036,Tail of pancreas,ROI2,931.0,769.0,531.0,0.0,261.0,41.0,224.0,19.0,71.0,9.0,0.0,0.0,313.0,0.0
HPAP-036,Tail of pancreas,ROI3,1206.0,46.0,781.0,0.0,204.0,91.0,948.0,26.0,22.0,19.0,0.0,0.0,357.0,0.0
HPAP-037,Body of pancreas,ROI1,778.0,1501.0,834.0,0.0,0.0,34.0,22.0,2.0,0.0,154.0,0.0,0.0,240.0,0.0
HPAP-037,Body of pancreas,ROI2,942.0,871.0,728.0,0.0,0.0,42.0,26.0,1.0,0.0,65.0,0.0,0.0,118.0,0.0
HPAP-037,Body of pancreas,ROI3,369.0,2085.0,895.0,0.0,0.0,30.0,40.0,9.0,0.0,20.0,618.0,0.0,220.0,0.0
HPAP-037,Head of pancreas,ROI1,1202.0,1112.0,539.0,71.0,0.0,43.0,26.0,3.0,0.0,311.0,0.0,0.0,164.0,0.0
HPAP-037,Head of pancreas,ROI2,337.0,2361.0,792.0,0.0,0.0,39.0,31.0,4.0,0.0,233.0,919.0,0.0,265.0,0.0
HPAP-037,Head of pancreas,ROI3,643.0,725.0,666.0,0.0,0.0,26.0,19.0,4.0,0.0,250.0,0.0,0.0,39.0,0.0
HPAP-037,Tail of pancreas,ROI1,100.0,548.0,245.0,0.0,0.0,43.0,21.0,4.0,0.0,455.0,243.0,0.0,0.0,0.0
HPAP-037,Tail of pancreas,ROI2,191.0,135.0,298.0,0.0,0.0,55.0,27.0,2.0,0.0,552.0,0.0,0.0,153.0,0.0
HPAP-037,Tail of pancreas,ROI3,682.0,531.0,669.0,298.0,0.0,48.0,31.0,4.0,1.0,914.0,0.0,0.0,0.0,0.0
HPAP-039,Body of pancreas,ROI3,299.0,2436.0,0.0,0.0,28.0,77.0,123.0,105.0,1.0,0.0,0.0,0.0,496.0,0.0
HPAP-039,Body of pancreas,ROI4,248.0,879.0,345.0,0.0,9.0,154.0,142.0,136.0,1.0,0.0,0.0,0.0,346.0,0.0
HPAP-039,Body of pancreas,ROI5,146.0,1685.0,1057.0,0.0,0.0,71.0,225.0,134.0,0.0,0.0,718.0,0.0,487.0,0.0
HPAP-039,Head of pancreas,ROI1,591.0,1085.0,0.0,0.0,0.0,363.0,234.0,149.0,7.0,0.0,0.0,0.0,34.0,0.0
HPAP-039,Head of pancreas,ROI2,746.0,951.0,322.0,0.0,0.0,247.0,128.0,108.0,0.0,0.0,177.0,0.0,102.0,0.0
HPAP-039,Head of pancreas,ROI4,198.0,1221.0,0.0,291.0,98.0,164.0,82.0,92.0,0.0,0.0,383.0,0.0,0.0,0.0
HPAP-039,Tail of pancreas,ROI1,894.0,497.0,771.0,0.0,453.0,167.0,134.0,90.0,2.0,0.0,0.0,0.0,0.0,0.0
HPAP-039,Tail of pancreas,ROI2,67.0,2015.0,706.0,0.0,60.0,29.0,212.0,88.0,4.0,0.0,0.0,0.0,0.0,0.0
HPAP-039,Tail of pancreas,ROI3,398.0,1202.0,630.0,0.0,0.0,106.0,141.0,114.0,6.0,0.0,391.0,0.0,0.0,0.0
HPAP-040,Body of pancreas,ROI1,1247.0,1032.0,568.0,0.0,0.0,53.0,15.0,0.0,0.0,171.0,0.0,0.0,62.0,0.0
HPAP-040,Body of pancreas,ROI2,313.0,369.0,422.0,0.0,0.0,36.0,14.0,6.0,1.0,149.0,289.0,0.0,0.0,0.0
HPAP-040,Body of pancreas,ROI3,309.0,282.0,326.0,0.0,0.0,39.0,18.0,3.0,0.0,198.0,275.0,0.0,0.0,0.0
HPAP-040,Head of pancreas,ROI1,215.0,1674.0,653.0,0.0,0.0,59.0,37.0,2.0,1.0,919.0,0.0,0.0,0.0,0.0
HPAP-040,Head of pancreas,ROI2,294.0,726.0,634.0,0.0,0.0,49.0,37.0,2.0,0.0,753.0,0.0,0.0,0.0,600.0
HPAP-040,Head of pancreas,ROI3,422.0,527.0,497.0,0.0,0.0,68.0,24.0,0.0,0.0,1029.0,0.0,0.0,177.0,0.0
HPAP-040,Tail of pancreas,ROI1,472.0,1772.0,724.0,0.0,0.0,45.0,18.0,1.0,0.0,63.0,0.0,0.0,0.0,0.0
HPAP-040,Tail of pancreas,ROI2,776.0,1519.0,255.0,0.0,0.0,51.0,45.0,1.0,0.0,87.0,0.0,0.0,0.0,0.0
HPAP-040,Tail of pancreas,ROI3,390.0,958.0,259.0,0.0,0.0,50.0,28.0,2.0,0.0,94.0,0.0,0.0,112.0,0.0
HPAP-042,Body of pancreas,ROI1,335.0,1192.0,0.0,0.0,0.0,20.0,0.0,0.0,3.0,5.0,317.0,675.0,36.0,0.0
HPAP-042,Body of pancreas,ROI2,0.0,1148.0,0.0,355.0,0.0,0.0,0.0,0.0,0.0,0.0,0.0,15.0,396.0,0.0
HPAP-042,Body of pancreas,ROI3,380.0,322.0,0.0,0.0,0.0,15.0,1.0,3.0,2.0,29.0,0.0,192.0,0.0,0.0
HPAP-042,Tail of pancreas,ROI1,379.0,858.0,160.0,0.0,0.0,18.0,2.0,1.0,1.0,13.0,0.0,0.0,187.0,0.0
HPAP-042,Tail of pancreas,ROI2,544.0,956.0,0.0,324.0,0.0,27.0,1.0,0.0,11.0,11.0,0.0,0.0,0.0,0.0
HPAP-046,Body of pancreas,ROI1,262.0,624.0,654.0,0.0,0.0,24.0,5.0,2.0,1.0,203.0,0.0,0.0,0.0,0.0
HPAP-046,Body of pancreas,ROI2,683.0,1235.0,630.0,0.0,0.0,78.0,24.0,15.0,2.0,144.0,0.0,0.0,0.0,0.0
HPAP-046,Body of pancreas,ROI3,750.0,1095.0,759.0,0.0,0.0,67.0,10.0,1.0,0.0,144.0,0.0,0.0,0.0,0.0
HPAP-046,Head of pancreas,ROI1,1436.0,813.0,0.0,560.0,0.0,66.0,23.0,1.0,0.0,139.0,0.0,0.0,0.0,0.0
HPAP-046,Head of pancreas,ROI3,111.0,78.0,0.0,0.0,0.0,23.0,5.0,6.0,0.0,19.0,113.0,0.0,97.0,0.0
HPAP-046,Tail of pancreas,ROI1,1243.0,1214.0,872.0,567.0,0.0,70.0,28.0,2.0,0.0,161.0,0.0,0.0,0.0,0.0
HPAP-046,Tail of pancreas,ROI2,435.0,2044.0,823.0,0.0,0.0,61.0,9.0,2.0,0.0,23.0,0.0,0.0,136.0,0.0
HPAP-046,Tail of pancreas,ROI3,550.0,1654.0,643.0,0.0,0.0,28.0,20.0,2.0,1.0,24.0,0.0,0.0,154.0,0.0
HPAP-047,Body of pancreas,ROI1,1039.0,1333.0,0.0,0.0,147.0,317.0,3.0,0.0,173.0,8.0,0.0,0.0,141.0,0.0
HPAP-047,Body of pancreas,ROI2,885.0,501.0,0.0,445.0,0.0,225.0,3.0,0.0,159.0,0.0,0.0,0.0,107.0,0.0
HPAP-047,Body of pancreas,ROI3,562.0,664.0,0.0,766.0,0.0,47.0,3.0,0.0,6.0,1.0,0.0,0.0,0.0,0.0
HPAP-052,Body of pancreas,ROI1,906.0,918.0,470.0,65.0,0.0,80.0,21.0,2.0,1.0,164.0,0.0,0.0,0.0,0.0
HPAP-052,Body of pancreas,ROI2,595.0,2698.0,0.0,0.0,0.0,220.0,24.0,2.0,0.0,56.0,0.0,0.0,53.0,0.0
HPAP-052,Body of pancreas,ROI3,660.0,1263.0,439.0,841.0,0.0,168.0,22.0,3.0,2.0,192.0,515.0,0.0,76.0,0.0
HPAP-052,Head of pancreas,ROI1,1469.0,1951.0,0.0,113.0,0.0,363.0,30.0,4.0,0.0,131.0,0.0,0.0,0.0,0.0
HPAP-052,Head of pancreas,ROI2,1056.0,997.0,303.0,0.0,0.0,162.0,16.0,3.0,0.0,130.0,707.0,0.0,0.0,0.0
HPAP-052,Head of pancreas,ROI3,930.0,1772.0,0.0,0.0,0.0,246.0,40.0,2.0,2.0,100.0,696.0,0.0,162.0,0.0
HPAP-052,Tail of pancreas,ROI1,1259.0,1119.0,514.0,0.0,0.0,203.0,29.0,2.0,3.0,50.0,0.0,0.0,554.0,0.0
HPAP-052,Tail of pancreas,ROI2,806.0,2037.0,0.0,0.0,0.0,166.0,33.0,2.0,0.0,6.0,0.0,725.0,0.0,0.0
HPAP-052,Tail of pancreas,ROI3,1750.0,987.0,1088.0,0.0,0.0,257.0,41.0,4.0,0.0,53.0,0.0,0.0,473.0,0.0
HPAP-053,Body of pancreas,ROI1,1543.0,1707.0,0.0,278.0,76.0,188.0,46.0,3.0,1.0,136.0,0.0,0.0,0.0,0.0
HPAP-053,Body of pancreas,ROI2,1427.0,1330.0,365.0,0.0,0.0,158.0,55.0,0.0,0.0,44.0,0.0,0.0,101.0,0.0
HPAP-053,Body of pancreas,ROI3,1674.0,306.0,998.0,0.0,0.0,105.0,32.0,1.0,1.0,92.0,0.0,0.0,54.0,0.0
HPAP-053,Head of pancreas,ROI1,2056.0,1184.0,595.0,0.0,0.0,179.0,34.0,0.0,0.0,71.0,0.0,0.0,399.0,0.0
HPAP-053,Head of pancreas,ROI2,1455.0,1453.0,953.0,0.0,130.0,159.0,34.0,5.0,0.0,25.0,0.0,0.0,0.0,0.0
HPAP-053,Head of pancreas,ROI3,925.0,1703.0,538.0,0.0,128.0,137.0,18.0,2.0,0.0,8.0,211.0,0.0,90.0,0.0
HPAP-053,Tail of pancreas,ROI1,464.0,417.0,456.0,0.0,0.0,98.0,23.0,5.0,1.0,412.0,0.0,0.0,200.0,0.0
HPAP-053,Tail of pancreas,ROI2,1617.0,587.0,188.0,736.0,0.0,161.0,49.0,1.0,0.0,77.0,0.0,0.0,110.0,0.0
HPAP-053,Tail of pancreas,ROI3,951.0,1226.0,274.0,0.0,0.0,205.0,31.0,0.0,1.0,86.0,390.0,0.0,91.0,0.0
HPAP-054,Body of pancreas,ROI1,917.0,1152.0,551.0,0.0,0.0,75.0,24.0,1.0,2.0,46.0,0.0,0.0,203.0,0.0
HPAP-054,Body of pancreas,ROI2,2053.0,390.0,308.0,715.0,0.0,198.0,33.0,0.0,0.0,74.0,0.0,0.0,306.0,0.0
HPAP-054,Body of pancreas,ROI3,1184.0,817.0,640.0,0.0,0.0,60.0,16.0,3.0,1.0,65.0,0.0,0.0,53.0,0.0
HPAP-054,Head of pancreas,ROI1,460.0,950.0,361.0,0.0,12.0,128.0,15.0,10.0,2.0,247.0,0.0,0.0,0.0,0.0
HPAP-054,Head of pancreas,ROI2,1532.0,891.0,991.0,0.0,0.0,97.0,34.0,1.0,2.0,44.0,0.0,0.0,0.0,0.0
HPAP-054,Head of pancreas,ROI3,701.0,481.0,338.0,0.0,0.0,78.0,9.0,3.0,1.0,302.0,0.0,0.0,124.0,0.0
HPAP-054,Tail of pancreas,ROI1,213.0,910.0,376.0,774.0,0.0,134.0,40.0,15.0,0.0,385.0,0.0,0.0,0.0,0.0
HPAP-054,Tail of pancreas,ROI2,1318.0,363.0,616.0,0.0,0.0,63.0,30.0,8.0,0.0,269.0,0.0,0.0,218.0,0.0
HPAP-054,Tail of pancreas,ROI3,381.0,349.0,129.0,0.0,0.0,56.0,12.0,6.0,5.0,439.0,0.0,0.0,47.0,0.0
HPAP-056,Body of pancreas,ROI2,488.0,0.0,0.0,1132.0,0.0,1118.0,28.0,9.0,1.0,9.0,0.0,0.0,902.0,0.0
HPAP-056,Body of pancreas,ROI3,562.0,0.0,741.0,376.0,0.0,541.0,36.0,10.0,10.0,24.0,0.0,0.0,942.0,0.0
HPAP-056,Body of pancreas,ROI5,506.0,0.0,0.0,1003.0,0.0,400.0,25.0,7.0,3.0,9.0,0.0,0.0,726.0,0.0
HPAP-056,Head of pancreas,ROI1,2052.0,0.0,958.0,3048.0,0.0,1521.0,64.0,10.0,5.0,167.0,0.0,0.0,126.0,0.0
HPAP-056,Head of pancreas,ROI2,585.0,0.0,372.0,290.0,0.0,693.0,9.0,7.0,5.0,13.0,0.0,0.0,29.0,0.0
HPAP-056,Tail of pancreas,ROI1,1041.0,0.0,0.0,1413.0,144.0,484.0,37.0,11.0,0.0,23.0,0.0,0.0,163.0,0.0
HPAP-056,Tail of pancreas,ROI2,1368.0,0.0,690.0,329.0,82.0,383.0,34.0,9.0,3.0,23.0,0.0,0.0,197.0,0.0
HPAP-056,Tail of pancreas,ROI3,1267.0,0.0,804.0,289.0,171.0,325.0,34.0,8.0,0.0,12.0,0.0,0.0,211.0,0.0
HPAP-059,Body of pancreas,ROI1,498.0,0.0,662.0,0.0,0.0,45.0,2.0,0.0,0.0,63.0,0.0,0.0,104.0,414.0
HPAP-059,Body of pancreas,ROI2,268.0,0.0,472.0,326.0,0.0,39.0,10.0,0.0,0.0,31.0,0.0,0.0,544.0,0.0
HPAP-059,Body of pancreas,ROI3,554.0,0.0,908.0,0.0,0.0,81.0,10.0,0.0,1.0,38.0,0.0,0.0,838.0,0.0
HPAP-059,Head of pancreas,ROI2,272.0,3421.0,0.0,0.0,0.0,361.0,34.0,0.0,2.0,443.0,0.0,0.0,159.0,0.0
HPAP-059,Head of pancreas,ROI3,344.0,823.0,788.0,0.0,0.0,224.0,35.0,0.0,0.0,834.0,47.0,0.0,239.0,0.0
HPAP-059,Head of pancreas,ROI4,601.0,4604.0,0.0,0.0,0.0,472.0,70.0,6.0,0.0,627.0,0.0,0.0,730.0,0.0
HPAP-059,Tail of pancreas,ROI1,124.0,0.0,1063.0,317.0,0.0,91.0,21.0,0.0,0.0,6.0,0.0,0.0,852.0,0.0
HPAP-059,Tail of pancreas,ROI2,346.0,0.0,440.0,384.0,175.0,46.0,20.0,1.0,0.0,11.0,0.0,0.0,609.0,0.0
HPAP-059,Tail of pancreas,ROI3,45.0,0.0,1166.0,239.0,96.0,72.0,17.0,0.0,0.0,3.0,0.0,0.0,1086.0,0.0
HPAP-063,Body of pancreas,ROI1,292.0,1230.0,0.0,0.0,0.0,541.0,22.0,6.0,0.0,134.0,0.0,0.0,319.0,0.0
HPAP-063,Body of pancreas,ROI2,453.0,935.0,298.0,0.0,0.0,409.0,33.0,7.0,0.0,173.0,0.0,0.0,209.0,0.0
HPAP-063,Body of pancreas,ROI3,544.0,326.0,200.0,0.0,0.0,255.0,16.0,4.0,2.0,186.0,0.0,0.0,131.0,0.0
HPAP-063,Head of pancreas,ROI1,745.0,1085.0,309.0,556.0,0.0,283.0,26.0,8.0,1.0,51.0,0.0,0.0,125.0,0.0
HPAP-063,Head of pancreas,ROI2,423.0,700.0,33.0,715.0,0.0,211.0,14.0,19.0,1.0,34.0,0.0,0.0,0.0,0.0
HPAP-063,Head of pancreas,ROI3,1068.0,1174.0,726.0,0.0,0.0,249.0,29.0,5.0,0.0,28.0,0.0,0.0,75.0,0.0
HPAP-063,Tail of pancreas,ROI1,170.0,1729.0,141.0,0.0,0.0,319.0,56.0,6.0,0.0,80.0,0.0,0.0,197.0,0.0
HPAP-063,Tail of pancreas,ROI2,999.0,910.0,0.0,0.0,195.0,246.0,65.0,9.0,1.0,164.0,0.0,0.0,273.0,0.0
HPAP-063,Tail of pancreas,ROI3,1222.0,1755.0,868.0,0.0,130.0,293.0,72.0,12.0,1.0,55.0,0.0,0.0,367.0,0.0
HPAP-066,Head of pancreas,ROI3,2.0,2655.0,293.0,0.0,0.0,4.0,13.0,0.0,1.0,0.0,111.0,0.0,597.0,0.0
HPAP-066,Head of pancreas,ROI4,20.0,3281.0,472.0,0.0,0.0,98.0,33.0,0.0,0.0,1.0,58.0,0.0,824.0,0.0
HPAP-066,Head of pancreas,ROI5,48.0,3336.0,418.0,0.0,0.0,113.0,30.0,0.0,0.0,0.0,168.0,0.0,751.0,0.0
HPAP-066,Tail of pancreas,ROI2,686.0,1904.0,0.0,0.0,691.0,246.0,34.0,4.0,2.0,1.0,0.0,0.0,0.0,0.0
HPAP-066,Tail of pancreas,ROI3,447.0,2059.0,0.0,876.0,386.0,203.0,26.0,1.0,3.0,2.0,0.0,0.0,151.0,0.0
HPAP-066,Tail of pancreas,ROI5,564.0,1976.0,0.0,638.0,459.0,150.0,29.0,0.0,1.0,2.0,115.0,452.0,0.0,0.0
HPAP-067,Body of pancreas,ROI1,434.0,1719.0,487.0,0.0,108.0,187.0,5.0,1.0,0.0,13.0,0.0,0.0,0.0,0.0
HPAP-067,Body of pancreas,ROI2,348.0,2688.0,670.0,0.0,81.0,179.0,21.0,6.0,0.0,17.0,0.0,0.0,232.0,0.0
HPAP-067,Body of pancreas,ROI3,91.0,2896.0,0.0,0.0,126.0,151.0,23.0,3.0,0.0,10.0,549.0,0.0,259.0,0.0
HPAP-067,Head of pancreas,ROI1,38.0,2531.0,0.0,517.0,247.0,188.0,21.0,0.0,0.0,13.0,0.0,0.0,193.0,0.0
HPAP-067,Head of pancreas,ROI2,303.0,2740.0,0.0,0.0,428.0,167.0,22.0,2.0,0.0,18.0,598.0,0.0,0.0,0.0
HPAP-067,Head of pancreas,ROI3,571.0,2867.0,434.0,0.0,240.0,145.0,21.0,6.0,0.0,10.0,0.0,0.0,270.0,0.0
HPAP-067,Tail of pancreas,ROI1,383.0,1539.0,0.0,0.0,134.0,200.0,12.0,1.0,0.0,34.0,0.0,0.0,0.0,0.0
HPAP-067,Tail of pancreas,ROI2,634.0,1668.0,787.0,0.0,0.0,191.0,13.0,0.0,0.0,20.0,0.0,0.0,0.0,0.0
HPAP-067,Tail of pancreas,ROI3,612.0,1818.0,719.0,0.0,244.0,222.0,10.0,0.0,1.0,13.0,0.0,0.0,0.0,0.0
HPAP-074,Body of pancreas,ROI1,1028.0,1598.0,0.0,0.0,0.0,373.0,63.0,3.0,14.0,284.0,0.0,0.0,509.0,0.0
HPAP-074,Body of pancreas,ROI2,1161.0,547.0,215.0,0.0,179.0,287.0,34.0,10.0,13.0,68.0,0.0,0.0,121.0,0.0
HPAP-074,Body of pancreas,ROI3,882.0,709.0,526.0,0.0,385.0,249.0,56.0,5.0,75.0,71.0,0.0,0.0,72.0,0.0
HPAP-074,Head of pancreas,ROI3,639.0,1358.0,0.0,0.0,391.0,274.0,28.0,8.0,63.0,159.0,0.0,0.0,0.0,0.0
HPAP-074,Head of pancreas,ROI4,1087.0,393.0,0.0,0.0,0.0,173.0,41.0,3.0,53.0,20.0,9.0,0.0,255.0,0.0
HPAP-074,Head of pancreas,ROI5,633.0,1773.0,535.0,0.0,0.0,171.0,37.0,5.0,28.0,14.0,0.0,0.0,0.0,0.0
HPAP-075,Body of pancreas,ROI1,44.0,2600.0,0.0,1026.0,338.0,95.0,21.0,1.0,0.0,7.0,697.0,0.0,389.0,0.0
HPAP-075,Body of pancreas,ROI3,41.0,3642.0,0.0,0.0,363.0,85.0,25.0,0.0,0.0,8.0,0.0,0.0,751.0,0.0
HPAP-075,Body of pancreas,ROI4,47.0,2554.0,0.0,86.0,235.0,94.0,23.0,0.0,0.0,14.0,0.0,1148.0,687.0,0.0
HPAP-075,Head of pancreas,ROI1,231.0,3531.0,729.0,0.0,260.0,117.0,32.0,0.0,0.0,51.0,0.0,0.0,0.0,0.0
HPAP-075,Head of pancreas,ROI2,13.0,2615.0,910.0,0.0,156.0,2.0,23.0,0.0,0.0,0.0,0.0,0.0,1074.0,0.0
HPAP-075,Head of pancreas,ROI3,516.0,2596.0,780.0,707.0,258.0,85.0,26.0,3.0,0.0,58.0,0.0,0.0,0.0,0.0
HPAP-075,Tail of pancreas,ROI1,1443.0,889.0,685.0,0.0,0.0,358.0,43.0,2.0,0.0,582.0,0.0,0.0,361.0,0.0
HPAP-075,Tail of pancreas,ROI2,766.0,2791.0,1405.0,0.0,0.0,625.0,101.0,0.0,0.0,1350.0,0.0,0.0,2292.0,0.0
HPAP-075,Tail of pancreas,ROI6,2325.0,2843.0,0.0,1629.0,721.0,433.0,64.0,6.0,1.0,161.0,0.0,0.0,0.0,0.0
HPAP-080,Head of pancreas,ROI1,451.0,2455.0,0.0,1202.0,248.0,47.0,9.0,0.0,0.0,12.0,0.0,0.0,503.0,0.0
HPAP-080,Head of pancreas,ROI2,294.0,2877.0,623.0,0.0,312.0,53.0,3.0,5.0,0.0,11.0,0.0,479.0,0.0,0.0
HPAP-080,Head of pancreas,ROI3,0.0,2612.0,348.0,889.0,380.0,0.0,0.0,0.0,0.0,0.0,0.0,0.0,550.0,0.0
HPAP-080,Tail of pancreas,ROI1,930.0,5927.0,0.0,0.0,539.0,617.0,13.0,5.0,0.0,17.0,0.0,0.0,1366.0,0.0
HPAP-080,Tail of pancreas,ROI2,257.0,4998.0,0.0,1966.0,893.0,321.0,10.0,7.0,0.0,7.0,0.0,0.0,411.0,0.0
HPAP-080,Tail of pancreas,ROI3,78.0,3158.0,0.0,0.0,377.0,166.0,5.0,1.0,0.0,7.0,0.0,0.0,1124.0,0.0
HPAP-082,Body of pancreas,ROI1,92.0,0.0,1181.0,0.0,345.0,1100.0,12.0,7.0,71.0,781.0,0.0,440.0,0.0,0.0
HPAP-082,Body of pancreas,ROI4,644.0,0.0,1390.0,0.0,101.0,950.0,28.0,5.0,19.0,688.0,0.0,56.0,0.0,335.0
HPAP-082,Head of pancreas,ROI1,90.0,0.0,375.0,1194.0,246.0,559.0,49.0,11.0,22.0,330.0,0.0,1380.0,0.0,0.0
HPAP-082,Head of pancreas,ROI2,109.0,0.0,1095.0,25.0,220.0,566.0,40.0,5.0,183.0,2054.0,0.0,0.0,23.0,0.0
HPAP-082,Head of pancreas,ROI3,186.0,0.0,1327.0,0.0,168.0,569.0,31.0,5.0,18.0,799.0,0.0,0.0,0.0,0.0
HPAP-082,Tail of pancreas,ROI1,417.0,0.0,0.0,1782.0,0.0,486.0,28.0,4.0,67.0,912.0,0.0,348.0,0.0,0.0
HPAP-082,Tail of pancreas,ROI3,867.0,0.0,402.0,584.0,0.0,364.0,33.0,8.0,45.0,1236.0,0.0,0.0,680.0,0.0
HPAP-082,Tail of pancreas,ROI5,1895.0,0.0,391.0,0.0,241.0,217.0,26.0,3.0,9.0,732.0,0.0,0.0,0.0,412.0
HPAP-093,Body of pancreas,ROI2,1858.0,926.0,472.0,0.0,262.0,195.0,19.0,5.0,1.0,8.0,0.0,0.0,0.0,0.0
HPAP-093,Body of pancreas,ROI3,1554.0,997.0,479.0,0.0,219.0,110.0,35.0,2.0,3.0,39.0,0.0,0.0,0.0,0.0
HPAP-093,Body of pancreas,ROI6,2402.0,162.0,1067.0,0.0,337.0,212.0,35.0,10.0,0.0,8.0,0.0,0.0,0.0,0.0
HPAP-093,Head of pancreas,ROI1,1787.0,614.0,173.0,0.0,295.0,263.0,44.0,10.0,0.0,32.0,0.0,0.0,0.0,0.0
HPAP-093,Head of pancreas,ROI3,974.0,835.0,0.0,0.0,367.0,364.0,51.0,25.0,0.0,9.0,0.0,0.0,0.0,0.0
HPAP-093,Head of pancreas,ROI5,1585.0,1121.0,909.0,0.0,257.0,172.0,45.0,3.0,0.0,27.0,0.0,0.0,0.0,0.0
HPAP-093,Tail of pancreas,ROI1,636.0,914.0,866.0,0.0,128.0,268.0,39.0,4.0,5.0,94.0,0.0,0.0,0.0,0.0
HPAP-093,Tail of pancreas,ROI2,1301.0,1855.0,0.0,0.0,836.0,329.0,35.0,9.0,0.0,41.0,0.0,0.0,0.0,0.0
HPAP-093,Tail of pancreas,ROI3,1576.0,1085.0,1143.0,0.0,232.0,247.0,44.0,15.0,0.0,8.0,0.0,0.0,0.0,0.0
HPAP-095,Body of pancreas,ROI1,1408.0,20.0,1124.0,0.0,0.0,188.0,35.0,6.0,360.0,11.0,0.0,0.0,0.0,0.0
HPAP-095,Body of pancreas,ROI3,1402.0,1065.0,1274.0,0.0,215.0,307.0,16.0,11.0,18.0,0.0,0.0,0.0,85.0,0.0
HPAP-095,Body of pancreas,ROI4,324.0,2559.0,994.0,0.0,173.0,194.0,17.0,7.0,6.0,0.0,0.0,0.0,0.0,0.0
HPAP-095,Head of pancreas,ROI1,457.0,1842.0,0.0,0.0,401.0,295.0,20.0,0.0,16.0,888.0,0.0,0.0,0.0,0.0
HPAP-095,Head of pancreas,ROI2,512.0,1217.0,824.0,0.0,150.0,544.0,17.0,8.0,16.0,1021.0,0.0,0.0,0.0,0.0
HPAP-095,Head of pancreas,ROI3,180.0,1809.0,888.0,0.0,271.0,269.0,25.0,3.0,10.0,752.0,0.0,0.0,0.0,0.0
HPAP-095,Tail of pancreas,ROI1,1327.0,2077.0,0.0,0.0,0.0,255.0,23.0,6.0,20.0,153.0,0.0,0.0,120.0,0.0
HPAP-095,Tail of pancreas,ROI2,1239.0,695.0,1267.0,0.0,241.0,339.0,21.0,7.0,30.0,66.0,0.0,0.0,0.0,0.0
HPAP-095,Tail of pancreas,ROI5,1237.0,724.0,1149.0,0.0,634.0,263.0,22.0,1.0,37.0,7.0,0.0,0.0,0.0,0.0
HPAP-099,Body of pancreas,ROI1,1762.0,689.0,820.0,0.0,219.0,489.0,22.0,16.0,16.0,24.0,0.0,0.0,0.0,0.0
HPAP-099,Body of pancreas,ROI2,1456.0,1891.0,988.0,0.0,198.0,822.0,32.0,48.0,15.0,11.0,0.0,0.0,0.0,0.0
HPAP-099,Body of pancreas,ROI3,1357.0,815.0,1041.0,0.0,174.0,397.0,40.0,20.0,25.0,4.0,0.0,0.0,207.0,0.0
HPAP-099,Head of pancreas,ROI1,1827.0,765.0,0.0,846.0,240.0,251.0,41.0,20.0,41.0,30.0,0.0,0.0,261.0,0.0
HPAP-099,Head of pancreas,ROI3,2040.0,349.0,780.0,0.0,167.0,161.0,15.0,9.0,18.0,42.0,0.0,0.0,0.0,0.0
HPAP-099,Head of pancreas,ROI4,1718.0,443.0,781.0,0.0,141.0,116.0,12.0,10.0,15.0,14.0,0.0,0.0,0.0,0.0
HPAP-099,Tail of pancreas,ROI1,1289.0,911.0,634.0,0.0,352.0,210.0,30.0,7.0,14.0,20.0,0.0,0.0,0.0,0.0
HPAP-099,Tail of pancreas,ROI2,1766.0,467.0,486.0,0.0,412.0,202.0,20.0,9.0,14.0,8.0,0.0,0.0,0.0,0.0
HPAP-099,Tail of pancreas,ROI3,1309.0,1544.0,0.0,677.0,99.0,421.0,30.0,21.0,14.0,2.0,0.0,0.0,0.0,0.0
HPAP-105,Body of pancreas,ROI1,190.0,1706.0,676.0,0.0,123.0,133.0,17.0,16.0,0.0,0.0,0.0,0.0,0.0,0.0
HPAP-105,Body of pancreas,ROI4,101.0,1919.0,1406.0,0.0,98.0,81.0,9.0,1.0,0.0,0.0,0.0,0.0,0.0,0.0
HPAP-105,Body of pancreas,ROI5,137.0,2250.0,823.0,0.0,204.0,168.0,14.0,5.0,0.0,0.0,0.0,0.0,0.0,0.0
HPAP-105,Head of pancreas,ROI1,919.0,418.0,632.0,0.0,452.0,579.0,6.0,1.0,1.0,42.0,0.0,0.0,0.0,0.0
HPAP-105,Head of pancreas,ROI2,711.0,584.0,423.0,0.0,430.0,599.0,8.0,1.0,0.0,21.0,0.0,0.0,0.0,0.0
HPAP-105,Head of pancreas,ROI3,669.0,799.0,575.0,0.0,130.0,370.0,8.0,4.0,0.0,1.0,0.0,0.0,0.0,0.0
HPAP-105,Tail of pancreas,ROI2,1663.0,0.0,675.0,0.0,569.0,454.0,21.0,1.0,0.0,22.0,0.0,0.0,355.0,0.0
HPAP-105,Tail of pancreas,ROI3,1596.0,403.0,0.0,0.0,610.0,479.0,23.0,3.0,6.0,107.0,0.0,0.0,443.0,0.0
HPAP-105,Tail of pancreas,ROI4,1588.0,143.0,0.0,0.0,1247.0,379.0,18.0,3.0,0.0,13.0,0.0,0.0,0.0,0.0
HPAP-118,Body of pancreas,ROI1,1964.0,319.0,1107.0,0.0,0.0,113.0,34.0,0.0,9.0,0.0,0.0,0.0,231.0,0.0
HPAP-118,Body of pancreas,ROI2,189.0,2483.0,365.0,0.0,145.0,82.0,32.0,5.0,1.0,0.0,0.0,0.0,0.0,0.0
HPAP-118,Body of pancreas,ROI3,42.0,1978.0,61.0,0.0,137.0,52.0,18.0,2.0,0.0,0.0,0.0,0.0,520.0,0.0
HPAP-118,Head of pancreas,ROI1,1301.0,811.0,430.0,0.0,0.0,113.0,34.0,7.0,2.0,0.0,0.0,0.0,0.0,0.0
HPAP-118,Head of pancreas,ROI2,504.0,771.0,467.0,0.0,0.0,49.0,13.0,2.0,1.0,0.0,0.0,0.0,0.0,0.0
HPAP-118,Head of pancreas,ROI4,1305.0,912.0,329.0,0.0,0.0,67.0,25.0,8.0,3.0,0.0,0.0,0.0,95.0,0.0
HPAP-118,Tail of pancreas,ROI1,1094.0,436.0,486.0,0.0,160.0,116.0,34.0,2.0,3.0,0.0,0.0,0.0,0.0,0.0
HPAP-118,Tail of pancreas,ROI2,1015.0,793.0,394.0,0.0,205.0,66.0,31.0,1.0,6.0,0.0,0.0,0.0,0.0,0.0
HPAP-118,Tail of pancreas,ROI3,1780.0,720.0,282.0,0.0,172.0,148.0,53.0,10.0,2.0,0.0,0.0,0.0,0.0,0.0
HPAP-136,Body of pancreas,ROI1,2301.0,1002.0,1197.0,0.0,0.0,195.0,30.0,28.0,5.0,0.0,0.0,0.0,0.0,0.0
HPAP-136,Body of pancreas,ROI2,3017.0,526.0,1372.0,0.0,221.0,204.0,31.0,6.0,0.0,0.0,0.0,0.0,202.0,0.0
HPAP-139,Tail of pancreas,ROI1,1747.0,1617.0,0.0,0.0,602.0,254.0,14.0,25.0,0.0,2.0,0.0,0.0,520.0,0.0
HPAP-139,Tail of pancreas,ROI2,1972.0,1872.0,0.0,0.0,502.0,241.0,19.0,21.0,0.0,5.0,0.0,0.0,0.0,0.0
HPAP-139,Tail of pancreas,ROI3,2388.0,360.0,918.0,0.0,243.0,299.0,20.0,35.0,1.0,7.0,0.0,0.0,0.0,0.0
HPAP-146,Body of pancreas,ROI1,879.0,2329.0,608.0,0.0,183.0,272.0,45.0,8.0,0.0,0.0,0.0,0.0,0.0,0.0
HPAP-146,Body of pancreas,ROI2,210.0,3773.0,0.0,0.0,170.0,154.0,39.0,1.0,0.0,0.0,0.0,0.0,0.0,0.0
HPAP-146,Body of pancreas,ROI4,793.0,2836.0,523.0,0.0,0.0,157.0,43.0,2.0,0.0,0.0,0.0,0.0,200.0,0.0
HPAP-146,Head of pancreas,ROI3,1322.0,1826.0,1015.0,0.0,0.0,264.0,41.0,8.0,0.0,0.0,0.0,0.0,109.0,0.0
HPAP-146,Head of pancreas,ROI4,1086.0,2221.0,1041.0,0.0,0.0,195.0,38.0,5.0,0.0,0.0,0.0,0.0,0.0,0.0
HPAP-146,Head of pancreas,ROI5,2311.0,1497.0,713.0,0.0,347.0,251.0,30.0,8.0,0.0,1.0,0.0,0.0,274.0,0.0
HPAP-146,Tail of pancreas,ROI1,678.0,857.0,778.0,756.0,0.0,577.0,39.0,70.0,1.0,2.0,0.0,0.0,350.0,0.0
HPAP-146,Tail of pancreas,ROI2,2568.0,2220.0,1071.0,0.0,0.0,1025.0,110.0,312.0,9.0,13.0,0.0,0.0,508.0,0.0
HPAP-146,Tail of pancreas,ROI3,1308.0,1724.0,469.0,0.0,0.0,404.0,59.0,45.0,2.0,2.0,0.0,0.0,349.0,0.0
