name,median,units,distribution,dist_param1,dist_param2,lower_bound,upper_bound
PARAM_TCELL_LIFESPAN_SD,10,,lognormal,2.302585,0.4,,
PARAM_TCELL_DIV_LIMIT,4,,lognormal,1.386294,0.7,,
PARAM_TCELL_MOVE_STEPS,64,,lognormal,4.158883,0.7,,
PARAM_TCELL_IL2_RELEASE_TIME,86400,,lognormal,11.366743,0.7,,
PARAM_TCELL_IL2_COMMIT_TIME,28800,,lognormal,10.268131,0.7,,
PARAM_TCELL_HYPOXIA_TH,0.01,,lognormal,-4.605170,0.7,,
PARAM_TCELL_HYPOXIA_TIER1,10,,lognormal,2.302585,0.7,,
PARAM_TCELL_HYPOXIA_TIER2,30,,lognormal,3.401197,0.7,,
PARAM_TCELL_HYPOXIA_RECOVERY,1,,lognormal,0.000000,0.7,,
PARAM_TCELL_HYPOXIA_FACTOR1,0.7,,uniform,0.35,1,0.35,1
PARAM_TCELL_HYPOXIA_FACTOR2,0.4,,uniform,0.2,0.6,0.2,0.6
PARAM_TCELL_HYPOXIA_FACTOR3,0.12,,uniform,0.06,0.18,0.06,0.18
PARAM_TCELL_EFF_TO_CYT_RATE,1e-6,1/s,lognormal,-13.815511,0.7,,
PARAM_TCD4_LIFESPAN_SD,10,,lognormal,2.302585,0.4,,
PARAM_TCD4_TGFB_RELEASE_TIME,705000,,lognormal,13.465953,0.7,,
PARAM_TCD4_DIV_LIMIT,4,,lognormal,1.386294,0.7,,
PARAM_TFH_DIFF_K,0.078,,lognormal,-2.551046,0.7,,
PARAM_TFH_EC50_IL6,0.46,,lognormal,-0.776529,0.7,,
PARAM_TFH_CXCL13_RELEASE,4.97e-11,,lognormal,-23.725016,0.7,,
PARAM_MDSC_LIFESPAN_SD,1,,lognormal,0.000000,0.4,,
PARAM_MDSC_MOVE_STEPS,71,,lognormal,4.262680,0.7,,
PARAM_BCELL_LIFE_MEAN,60,,lognormal,4.094345,0.4,,
PARAM_BCELL_LIFE_SD,10,,lognormal,2.302585,0.7,,
PARAM_BCELL_MOVE_STEPS,30,,lognormal,3.401197,0.7,,
PARAM_BCELL_RECRUIT_K,3.4e-6,,lognormal,-12.591735,0.7,,
PARAM_BCELL_EC50_CXCL13_REC,10.0,,lognormal,2.302585,0.4,,
PARAM_BCELL_DIV_CD,2,,lognormal,0.693147,0.7,,
PARAM_BCELL_DIV_LIMIT,6,,lognormal,1.791759,0.7,,
PARAM_BCELL_ACTIVATION_TIMER,40,,lognormal,3.688879,0.7,,
PARAM_BCELL_TLS_SPEEDUP,1.0,,lognormal,0.000000,0.7,,
PARAM_BCELL_TLS_THRESHOLD,3,,uniform,1.5,4.5,1.5,4.5
PARAM_BCELL_BREG_FRACTION,0.05,,lognormal,-2.995732,0.4,0.03,0.09
PARAM_BCELL_ANTIBODY_RELEASE,4e-9,,lognormal,-19.343,0.7,,
PARAM_BCELL_IL10_RELEASE,5e-14,,lognormal,-30.627,1.0,,
PARAM_BCELL_IL6_RELEASE,3e-13,,lognormal,-28.835,1.0,,
PARAM_BCELL_ANTIGEN_CAPTURE_PROB,0.15,,uniform,0.075,0.225,0.075,0.225
PARAM_BCELL_PLASMA_MOVE_PROB,0.05,,uniform,0.025,0.075,0.025,0.075
PARAM_ADCC_AB_EC50,0.01,,lognormal,-4.605170,0.4,,
PARAM_ADCC_AB_HILL_N,2.0,,lognormal,0.693147,0.7,,
PARAM_ADCC_BOOST_MAX,2.0,,lognormal,0.693147,0.7,,
PARAM_BCELL_TFH_SPEEDUP,0.5,,lognormal,-0.693147,0.7,,
PARAM_DC_LIFE_IMMATURE_SD,40,,lognormal,3.688879,0.7,,
PARAM_DC_LIFE_MATURE_SD,4,,lognormal,1.386294,0.7,,
PARAM_DC_MOVE_STEPS,38,,lognormal,3.637586,0.7,,
PARAM_DC_PRESENTATION_CAPACITY,25,,lognormal,3.218876,0.7,,
PARAM_DC_ANTIBODY_50,29.3,,lognormal,3.377588,0.7,,
PARAM_DC_ANTIBODY_BOOST,3.95,,lognormal,1.373716,0.7,,
PARAM_MAC_MOVE_STEPS,18,,lognormal,2.890372,1.0,,
PARAM_MAC_HYPOXIA_TH,0.01,,lognormal,-4.605170,0.7,,
PARAM_MAC_M2_BIAS_STRENGTH,0.75,,lognormal,-0.287682,0.7,,
PARAM_PROG_GROWTH_RATE,0.3,,lognormal,-1.203973,0.7,,
PARAM_SEN_DEATH_RATE,0.1,,lognormal,-2.302585,0.7,,
PARAM_ASYM_DIV_PROB,.95,,uniform,0.475,1,0.475,1
PARAM_PROG_DIV_MAX,10,,lognormal,2.302585,0.7,,
PARAM_CANCER_STUCK_SENESCENCE_STEPS,20,,lognormal,2.995732,0.7,,
PARAM_TELOMERASE_REACTIVATION_PROB,0.005,,uniform,0.0025,0.0075,0.0025,0.0075
PARAM_CANCER_MOVE_STEPS,2,,lognormal,0.693147,0.7,,
PARAM_CANCER_MOVE_STEPS_STEM,1,,lognormal,0.000000,0.7,,
PARAM_TKILL_SCALAR,3,,lognormal,1.098612,0.7,,
PARAM_MIN_CC,1000,,lognormal,6.907755,0.7,,
PARAM_CANCER_HYPOXIA_TH,0.01,,lognormal,-4.605170,0.7,,
PARAM_HIF_VEGF_BOOST,7.15,,lognormal,1.967112,0.7,,
PARAM_HIF_CCL2_BOOST,3.20,,lognormal,1.163151,0.7,,
PARAM_HIF_PDL1_BOOST,0.41,,lognormal,-0.891598,0.7,,
PARAM_HIF_MHC_REDUCTION,0.5,,lognormal,-0.693147,0.7,,
PARAM_ANTIGEN_INIT_SEED_FRAC,0.1,,uniform,0.05,0.15,0.05,0.15
PARAM_VAS_MAXPERVOXEL,1,,lognormal,0.000000,0.7,,
PARAM_VAS_O2_CONC,0.065,,lognormal,-2.733368,0.7,,
PARAM_VAS_RC,4e-4,,lognormal,-7.824046,0.7,,
PARAM_VAS_SIGMA,0.84,,lognormal,-0.174353,0.7,,
PARAM_VAS_BRANCH_PROB,0.05,,uniform,0.025,0.075,0.025,0.075
PARAM_VAS_MIN_NEIGHBOR,20,,lognormal,2.995732,0.7,,
PARAM_VAS_MATURITY_RESISTANCE,0.04,,lognormal,-3.218876,0.7,,
PARAM_VAS_INITIAL_MATURITY,100,,lognormal,4.605170,0.7,,
PARAM_VAS_COLLAPSE_THRESHOLD,700,nmol/mL,uniform,350,1050,350,1050
PARAM_VAS_COLLAPSE_EC50,850,nmol/mL,lognormal,6.745236,0.4,,
PARAM_VAS_RECOVERY_THRESHOLD,600,nmol/mL,uniform,300,900,300,900
PARAM_VAS_RECOVERY_RATE,0.05,,lognormal,-2.995732,0.7,,
PARAM_VAS_KVL_DYSFUNCTIONAL,0.2,,lognormal,-1.609438,0.7,,
PARAM_VAS_HYPOXIA_TH,0.01,,lognormal,-4.605170,0.7,,
PARAM_VAS_HEV_CCL21_TH,5.0,,lognormal,1.609438,0.7,,
PARAM_VAS_HEV_LYMPH_DENSITY_TH,8000.0,,lognormal,8.987197,0.7,,
PARAM_VAS_HEV_RECRUIT_BOOST,5.0,,lognormal,1.609438,0.7,,
PARAM_VAS_HEV_REVERT_CCL21_TH,0.5,,lognormal,-0.693147,0.7,,
PARAM_FIB_MOVE_STEPS,8,,lognormal,2.079442,0.7,,
PARAM_FIB_ECM_RADIUS,3,,lognormal,1.098612,0.7,,
PARAM_FIB_ECM_VARIANCE,2.0,,lognormal,0.693147,0.7,,
PARAM_FIB_DIV_MAX,10,,lognormal,2.302585,0.7,,
PARAM_FIB_HYPOXIA_TH,0.01,mM,lognormal,-4.605170,0.7,,
PARAM_FIB_HIF_TGFB_BOOST,3.0,,lognormal,1.098612,0.7,,
PARAM_FIB_HIF_ECM_BOOST,2.17,,lognormal,0.774727,0.7,,
PARAM_FIB_FRC_LYMPH_THRESHOLD,8,,uniform,4,12,4,12
PARAM_FIB_FRC_DWELL_STEPS,4,,lognormal,1.386294,0.7,,
PARAM_VOXEL_CAPACITY,8000.0,um3,lognormal,8.987197,0.7,,
PARAM_VOLUME_CANCER_STEM,3053.0,um3,lognormal,8.023880,0.7,,
PARAM_VOLUME_CANCER_PROG,3018.0,um3,lognormal,8.012350,0.7,,
PARAM_VOLUME_CANCER_SEN,4570.0,um3,lognormal,8.427268,0.7,,
PARAM_VOLUME_TCELL_EFF,713.0,um3,lognormal,6.569481,0.7,,
PARAM_VOLUME_TCELL_CYT,711.0,um3,lognormal,6.566672,0.7,,
PARAM_VOLUME_TCELL_SUP,260.0,um3,lognormal,5.560682,0.7,,
PARAM_VOLUME_TREG_REG,561.0,um3,lognormal,6.329721,0.7,,
PARAM_VOLUME_TREG_TH,555.0,um3,lognormal,6.318968,0.7,,
PARAM_VOLUME_TREG_TFH,550.0,um3,lognormal,6.309918,0.7,,
PARAM_VOLUME_MAC_M1,3346.0,um3,lognormal,8.115521,0.7,,
PARAM_VOLUME_MAC_M2,3746.0,um3,lognormal,8.228444,0.7,,
PARAM_VOLUME_FIB_QUIESCENT,1771.0,um3,lognormal,7.479300,0.7,,
PARAM_VOLUME_FIB_MYCAF,3313.0,um3,lognormal,8.105609,0.7,,
PARAM_VOLUME_FIB_ICAF,2197.0,um3,lognormal,7.694848,0.7,,
PARAM_VOLUME_FIB_FRC,2500.0,um3,lognormal,7.824046,0.7,,
PARAM_VOLUME_MDSC,491.0,um3,lognormal,6.196444,0.7,,
PARAM_VOLUME_BCELL_NAIVE,276.0,um3,lognormal,5.620401,0.7,,
PARAM_VOLUME_BCELL_ACT,622.0,um3,lognormal,6.432940,0.7,,
PARAM_VOLUME_BCELL_PLASMA,1442.0,um3,lognormal,7.273786,0.7,,
PARAM_VOLUME_DC_IMMATURE,794.0,um3,lognormal,6.677083,0.7,,
PARAM_VOLUME_DC_MATURE,1415.0,um3,lognormal,7.254885,0.7,,
PARAM_VOLUME_VAS_PHALANX,1742.0,um3,lognormal,7.462789,0.7,,
PARAM_VOLUME_VAS_TIP,1701.0,um3,lognormal,7.438972,0.7,,
PARAM_ECM_DENSITY_CAP,1000.0,nmol/mL,lognormal,6.907755,0.7,,
PARAM_ECM_CROSSLINK_RATE,1e-6,1/s,lognormal,-13.815511,0.7,,
PARAM_ECM_CROSSLINK_RESISTANCE,5.0,,lognormal,1.609438,0.7,,
PARAM_ECM_BASELINE,10.0,nmol/mL,lognormal,2.302585,0.7,,
PARAM_ECM_POROSITY_TCELL,0.4,,lognormal,-0.916291,0.9,,
PARAM_ECM_POROSITY_TREG,0.35,,lognormal,-1.049822,0.9,,
PARAM_ECM_POROSITY_TFH,0.35,,lognormal,-1.049822,0.9,,
PARAM_ECM_POROSITY_MDSC,0.2,,lognormal,-1.609438,0.9,,
PARAM_ECM_POROSITY_MAC,0.3,,lognormal,-1.203973,0.9,,
PARAM_ECM_POROSITY_FIB,0.05,,lognormal,-2.995732,1.0,,
PARAM_ECM_POROSITY_BCELL,0.35,,lognormal,-1.049822,0.9,,
PARAM_ECM_POROSITY_DC,0.3,,lognormal,-1.203973,0.9,,
PARAM_ECM_POROSITY_VAS_TIP,0.2,,lognormal,-1.609438,1.0,,
PARAM_VAS_ECM_COMPRESS_K,200.0,nmol/mL,lognormal,5.298317,0.7,,
PARAM_ECM_YAP_EC50,800.0,nmol/mL,lognormal,6.684612,0.4,,
PARAM_ECM_STRESS_DEPOSIT,1.0,,lognormal,0.000000,0.7,,
PARAM_ECM_STRESS_DECAY,1.51e-2,1/s,lognormal,-4.193063,0.7,,
PARAM_ECM_ORIENT_RATE,0.001,,lognormal,-6.907755,1.0,,
PARAM_ECM_ORIENT_TRACTION_W,0.5,,lognormal,-0.693147,0.9,,
PARAM_ECM_ORIENT_STRESS_W,0.3,,lognormal,-1.203973,0.9,,
PARAM_ECM_ORIENT_CROSSLINK_RESIST,2.0,,lognormal,0.693147,0.9,,
PARAM_DOMAIN_LOBULE_SPACING,70,voxels,lognormal,4.248495,0.7,,
PARAM_DOMAIN_SEPTUM_THICKNESS,4,voxels,lognormal,1.386294,0.7,,
PARAM_DOMAIN_TUMOR_RADIUS_FRAC,0.20,,uniform,0.1,0.3,0.1,0.3
PARAM_DOMAIN_ECM_SEPTUM_DENSITY,700.0,nmol/mL,lognormal,6.551080,0.7,,
PARAM_DOMAIN_ECM_SEPTUM_CROSSLINK,0.3,,lognormal,-1.203973,0.7,,
PARAM_DOMAIN_ECM_LOBULE_DENSITY,50.0,nmol/mL,lognormal,3.912023,0.7,,
PARAM_DOMAIN_ECM_TUMOR_DENSITY,100.0,nmol/mL,lognormal,4.605170,0.7,,
PARAM_DOMAIN_FIB_DENSITY,10000,cells/mm3,lognormal,9.210340,0.7,,
PARAM_DOMAIN_VAS_DENSITY,5000,cells/mm3,lognormal,8.517193,0.7,,
PARAM_DOMAIN_MAC_DENSITY,2846,cells/mm3,lognormal,7.953670,0.7,,
PARAM_DOMAIN_CD8_DENSITY,1958,cells/mm3,lognormal,7.579679,0.7,,
PARAM_DOMAIN_CD4_DENSITY,580,cells/mm3,lognormal,6.363028,0.7,,
PARAM_DOMAIN_DC_DENSITY,2568,cells/mm3,lognormal,7.850883,0.7,,
PARAM_DOMAIN_BCELL_DENSITY,800,cells/mm3,lognormal,6.684612,0.7,,
PARAM_DOMAIN_PDE_WARMUP_SUBSTEPS,20,,lognormal,2.995732,0.7,,
PARAM_PERSIST_TCELL_EFF,0.4,,lognormal,-0.916291,1.0,,
PARAM_PERSIST_TCELL_CYT,0.1,,lognormal,-2.302585,1.0,,
PARAM_PERSIST_TCELL_SUP,0.1,,lognormal,-2.302585,1.0,,
PARAM_PERSIST_MAC_M1,0.3,,lognormal,-1.203973,1.0,,
PARAM_PERSIST_MAC_M2,0.1,,lognormal,-2.302585,1.0,,
PARAM_PERSIST_FIB_MYCAF,0.2,,lognormal,-1.609438,1.0,,
PARAM_PERSIST_FIB_ICAF,0.1,,lognormal,-2.302585,1.0,,
PARAM_PERSIST_VAS_TIP,0.5,,lognormal,-0.693147,1.0,,
PARAM_PERSIST_TREG_REG,0.3,,lognormal,-1.203973,1.0,,
PARAM_PERSIST_TREG_TH,0.4,,lognormal,-0.916291,1.0,,
PARAM_PERSIST_TREG_TFH,0.4,,lognormal,-0.916291,1.0,,
PARAM_PERSIST_MDSC,0.3,,lognormal,-1.203973,1.0,,
PARAM_PERSIST_BCELL_NAIVE,0.3,,lognormal,-1.203973,1.0,,
PARAM_PERSIST_BCELL_ACT,0.2,,lognormal,-1.609438,1.0,,
PARAM_PERSIST_DC_IMMATURE,0.15,,lognormal,-1.897120,1.0,,
PARAM_PERSIST_DC_MATURE,0.4,,lognormal,-0.916291,1.0,,
PARAM_CHEMO_CI_TCELL_EFF,0.17,,lognormal,-1.771957,0.7,,
PARAM_CHEMO_CI_TCELL_CYT,0.129,,lognormal,-2.047943,0.7,,
PARAM_CHEMO_CI_TCELL_SUP,0.03,,lognormal,-3.506558,1.0,,
PARAM_CHEMO_CI_MAC_M1,0.106,,lognormal,-2.244316,0.7,,
PARAM_CHEMO_CI_MAC_M2,0.276,,lognormal,-1.287354,0.7,,
PARAM_CHEMO_CI_FIB_MYCAF,0.05,,lognormal,-2.995732,1.2,,
PARAM_CHEMO_CI_VAS_TIP,0.12,,lognormal,-2.120264,1.0,,
PARAM_CHEMO_CI_TREG_REG,0.13,,lognormal,-2.040221,1.0,,
PARAM_CHEMO_CI_TREG_TFH,0.126,,lognormal,-2.071473,0.7,,
PARAM_CHEMO_CI_MDSC,0.17,,lognormal,-1.771957,0.7,,
PARAM_CHEMO_CI_BCELL_NAIVE,0.107,,lognormal,-2.234926,0.7,,
PARAM_CHEMO_CI_BCELL_ACT,0.079,,lognormal,-2.538307,0.7,,
PARAM_CHEMO_CI_DC_IMMATURE,0.17,,lognormal,-1.771957,1.0,,
PARAM_CHEMO_CI_DC_MATURE,0.23,,lognormal,-1.469676,1.0,,
PARAM_CONTACT_GUIDANCE_CANCER_STEM,0.65,,lognormal,-0.430783,0.9,,
PARAM_CONTACT_GUIDANCE_CANCER_PROG,0.25,,lognormal,-1.386294,0.9,,
PARAM_CONTACT_GUIDANCE_TCELL,0.45,,lognormal,-0.798508,0.9,,
PARAM_CONTACT_GUIDANCE_TREG,0.35,,lognormal,-1.049822,0.9,,
PARAM_CONTACT_GUIDANCE_MAC,0.30,,lognormal,-1.203973,0.9,,
PARAM_CONTACT_GUIDANCE_FIB_MYCAF,0.4,,lognormal,-0.916291,0.9,,
PARAM_CONTACT_GUIDANCE_FIB_ICAF,0.1,,lognormal,-2.302585,0.9,,
PARAM_FIBER_BARRIER_CANCER_STEM,0.40,,lognormal,-0.916291,0.9,,
PARAM_FIBER_BARRIER_CANCER_PROG,0.55,,lognormal,-0.597837,0.9,,
PARAM_FIBER_BARRIER_TCELL,0.3,,lognormal,-1.203973,1.0,,
PARAM_FIBER_BARRIER_TREG,0.3,,lognormal,-1.203973,1.0,,
PARAM_FIBER_BARRIER_MAC,0.30,,lognormal,-1.203973,0.9,,
PARAM_FIBER_BARRIER_FIB_MYCAF,0.1,,lognormal,-2.302585,0.9,,
PARAM_FIBER_BARRIER_FIB_ICAF,0.1,,lognormal,-2.302585,0.9,,
PARAM_FIBER_BARRIER_VAS_TIP,0.3,,lognormal,-1.203973,0.9,,
PARAM_FIBER_BARRIER_MDSC,0.4,,lognormal,-0.916291,0.9,,
PARAM_FIBER_BARRIER_DC,0.50,,lognormal,-0.693147,0.9,,
PARAM_FIBER_BARRIER_BCELL,0.5,,lognormal,-0.693147,0.9,,
PARAM_NAIVE_CD8_RECRUIT_FRAC,0.05,,uniform,0.025,0.075,0.025,0.075
PARAM_NAIVE_CD4_RECRUIT_FRAC,0.05,,uniform,0.025,0.075,0.025,0.075
PARAM_NAIVE_LIFESPAN_STEPS,16,,lognormal,2.772589,0.4,,
PARAM_PRIME_DIV_BURST,4,,lognormal,1.386294,0.7,,
PARAM_MOLECULAR_STEPS,36,,lognormal,3.583519,0.7,,
PARAM_IFNG_DIFFUSIVITY,1.26e-7,,lognormal,-15.886984,0.7,,
PARAM_IL2_DIFFUSIVITY,6.87e-8,,lognormal,-16.493517,0.7,,
PARAM_CCL2_DIFFUSIVITY,2.92e-8,,lognormal,-17.349097,0.7,,
PARAM_CCL2_UPTAKE,5e-4,,lognormal,-7.600902,0.7,,
PARAM_ARGI_DIFFUSIVITY,6.35e-7,,lognormal,-14.269641,0.7,,
PARAM_NO_DIFFUSIVITY,3.09e-5,,lognormal,-10.384754,0.7,,
PARAM_TGFB_DIFFUSIVITY,2.67e-7,,lognormal,-15.136017,0.7,,
PARAM_STEM_TGFB_RELEASE,6.3e-13,,lognormal,-28.093057,1.5,,
PARAM_PROG_TGFB_RELEASE,6.3e-13,,lognormal,-28.093057,1.5,,
PARAM_IL10_DIFFUSIVITY,2.70e-8,,lognormal,-17.427429,0.7,,
PARAM_IL12_DIFFUSIVITY,3.97e-8,,lognormal,-17.041915,0.7,,
PARAM_VEGFA_DIFFUSIVITY,2.71e-7,,lognormal,-15.121147,0.7,,
PARAM_VEGFA_UPTAKE,5e-5,,lognormal,-9.903488,0.7,,
PARAM_VEGFA_DECAY_RATE,0.0001921,,lognormal,-8.557494,0.7,,
PARAM_O2_DIFFUSIVITY,1.75e-5,,lognormal,-10.953310,0.7,,
PARAM_O2_UPTAKE,0.10,,lognormal,-2.302585,0.7,,
PARAM_O2_DECAY_RATE,1e-5,,lognormal,-11.512925,0.7,,
PARAM_IL1_DIFFUSIVITY,1.31e-7,,lognormal,-15.848069,0.7,,
PARAM_MAC_M1_IL1_RELEASE,4.7e-13,,lognormal,-28.386044,0.7,,
PARAM_IL6_DIFFUSIVITY,1.33e-7,,lognormal,-15.832917,0.7,,
PARAM_CXCL13_DIFFUSIVITY,1.47e-7,,lognormal,-15.732833,0.7,,
PARAM_CXCL13_DECAY_RATE,1e-4,,lognormal,-9.210340,0.7,,
PARAM_ANTIBODY_DIFFUSIVITY,1.02e-7,,lognormal,-16.098293,0.7,,
PARAM_ANTIBODY_DECAY_RATE,5e-5,,lognormal,-9.903488,0.7,,
PARAM_CCL21_DIFFUSIVITY,1.35e-7,,lognormal,-15.817991,0.7,,
PARAM_CCL21_DECAY_RATE,1e-5,,lognormal,-11.512925,0.7,,
PARAM_FIB_FRC_CCL21_RELEASE,5e-9,,lognormal,-19.113828,1.5,,
PARAM_FIB_FRC_CXCL12_RELEASE,4.5e-11,,lognormal,-23.825,1.5,,
PARAM_CXCL12_DIFFUSIVITY,2.03e-7,,lognormal,-15.410060,0.7,,
PARAM_CCL5_DIFFUSIVITY,2.06e-7,,lognormal,-15.395390,0.7,,
PARAM_TEFF_RECRUIT_P,0.03,,lognormal,-3.506558,1.0,,
PARAM_TREG_RECRUIT_P,0.03,,lognormal,-3.506558,1.0,,
PARAM_TH_RECRUIT_P,0.03,,lognormal,-3.506558,1.0,,
