donor,region,roi,n_cells,unknown_frac,other_immune_frac,unresolved_frac
HPAP-011,Head of pancreas,ROI2,570,0.0,0.0,0.0
HPAP-011,Head of pancreas,ROI3,675,0.0,0.0,0.0
HPAP-011,Head of pancreas,ROI1,785,0.0,0.0,0.0
HPAP-042,Body of pancreas,ROI2,1914,0.0,0.0,0.0
HPAP-026,Head of pancreas,ROI1,493,0.0,0.006085192697768763,0.006085192697768763
HPAP-075,Body of pancreas,ROI3,4915,0.0,0.008341810783316379,0.008341810783316379
HPAP-075,Body of pancreas,ROI1,5218,0.0,0.00843234955921809,0.00843234955921809
HPAP-075,Body of pancreas,ROI4,4888,0.0,0.009615384615384616,0.009615384615384616
HPAP-067,Head of pancreas,ROI1,3748,0.0,0.010138740661686232,0.010138740661686232
HPAP-005,Tail of pancreas,ROI2,356,0.0,0.014044943820224719,0.014044943820224719
HPAP-080,Tail of pancreas,ROI3,4916,0.0,0.015866558177379985,0.015866558177379985
HPAP-012,Body of pancreas,ROI3,2035,0.0,0.021621621621621623,0.021621621621621623
HPAP-067,Body of pancreas,ROI3,4108,0.0,0.022151898734177215,0.022151898734177215
HPAP-080,Tail of pancreas,ROI2,8870,0.0,0.028974069898534384,0.028974069898534384
HPAP-026,Tail of pancreas,ROI2,1682,0.0,0.03032104637336504,0.03032104637336504
HPAP-118,Body of pancreas,ROI3,2810,0.021708185053380784,0.01494661921708185,0.03665480427046264
HPAP-035,Tail of pancreas,ROI2,1223,0.0,0.04088307440719542,0.04088307440719542
HPAP-146,Body of pancreas,ROI2,4347,0.0,0.04830917874396135,0.04830917874396135
HPAP-011,Body of pancreas,ROI1,453,0.0,0.052980132450331126,0.052980132450331126
HPAP-059,Head of pancreas,ROI2,4692,0.0,0.057971014492753624,0.057971014492753624
HPAP-067,Head of pancreas,ROI2,4278,0.0,0.07082748948106592,0.07082748948106592
HPAP-080,Head of pancreas,ROI3,4779,0.07281858129315756,0.0,0.07281858129315756
HPAP-011,Body of pancreas,ROI3,361,0.0,0.07479224376731301,0.07479224376731301
HPAP-039,Head of pancreas,ROI4,2529,0.0,0.07829181494661921,0.07829181494661921
HPAP-066,Head of pancreas,ROI3,3676,0.07970620239390643,0.000544069640914037,0.08025027203482046
HPAP-039,Body of pancreas,ROI3,3565,0.0,0.08387096774193549,0.08387096774193549
HPAP-059,Head of pancreas,ROI4,7110,0.0,0.08452883263009846,0.08452883263009846
HPAP-027,Head of pancreas,ROI2,990,0.0,0.08484848484848485,0.08484848484848485
HPAP-080,Head of pancreas,ROI1,4927,0.0,0.09153643190582504,0.09153643190582504
HPAP-066,Head of pancreas,ROI5,4864,0.0859375,0.009868421052631578,0.09580592105263158
HPAP-080,Tail of pancreas,ROI1,9414,0.0,0.09878903760356915,0.09878903760356915
HPAP-066,Head of pancreas,ROI4,4787,0.09860037601838312,0.004177982034677251,0.10277835805306038
HPAP-082,Tail of pancreas,ROI1,4044,0.0,0.10311572700296735,0.10311572700296735
HPAP-066,Tail of pancreas,ROI3,4154,0.0,0.10760712566201251,0.10760712566201251
HPAP-082,Head of pancreas,ROI1,4256,0.0881109022556391,0.021146616541353382,0.10925751879699248
HPAP-063,Body of pancreas,ROI1,2544,0.0,0.11477987421383648,0.11477987421383648
HPAP-063,Tail of pancreas,ROI1,2698,0.052260934025203855,0.06300963676797627,0.11527057079318012
HPAP-095,Head of pancreas,ROI1,3919,0.0,0.1166113804541975,0.1166113804541975
HPAP-011,Tail of pancreas,ROI1,661,0.0,0.11800302571860817,0.11800302571860817
HPAP-011,Tail of pancreas,ROI2,919,0.0,0.11860718171926006,0.11860718171926006
HPAP-066,Tail of pancreas,ROI5,4386,0.0,0.12859097127222982,0.12859097127222982
HPAP-042,Body of pancreas,ROI1,2583,0.0,0.129694154084398,0.129694154084398
HPAP-056,Body of pancreas,ROI2,3687,0.0,0.13235692975318689,0.13235692975318689
HPAP-014,Tail of pancreas,ROI3,771,0.0,0.1569390402075227,0.1569390402075227
HPAP-035,Tail of pancreas,ROI1,773,0.0,0.16170763260025872,0.16170763260025872
HPAP-011,Body of pancreas,ROI2,346,0.0,0.16184971098265896,0.16184971098265896
HPAP-067,Tail of pancreas,ROI1,2303,0.0,0.16630481980026052,0.16630481980026052
HPAP-118,Body of pancreas,ROI2,3302,0.11053906723198062,0.05723803755299818,0.16777710478497881
HPAP-035,Tail of pancreas,ROI3,1286,0.0,0.17107309486780714,0.17107309486780714
HPAP-012,Head of pancreas,ROI2,1600,0.185,0.0,0.185
HPAP-056,Body of pancreas,ROI5,2679,0.0,0.18887644643523702,0.18887644643523702
HPAP-066,Tail of pancreas,ROI2,3568,0.0,0.1922645739910314,0.1922645739910314
HPAP-075,Head of pancreas,ROI2,4793,0.18986021281034843,0.002712288754433549,0.19257250156478198
HPAP-075,Head of pancreas,ROI1,4951,0.14724298121591597,0.04665724096142194,0.1939002221773379
HPAP-080,Head of pancreas,ROI2,4657,0.13377710972729226,0.0631307708825424,0.19690788060983466
HPAP-054,Tail of pancreas,ROI1,2847,0.13206884439761152,0.07481559536354057,0.2068844397611521
HPAP-037,Tail of pancreas,ROI1,1659,0.14767932489451477,0.06027727546714889,0.20795660036166366
HPAP-011,Tail of pancreas,ROI3,1290,0.0,0.20852713178294574,0.20852713178294574
HPAP-063,Head of pancreas,ROI2,2150,0.015348837209302326,0.19674418604651162,0.21209302325581394
HPAP-074,Head of pancreas,ROI3,2920,0.0,0.21883561643835617,0.21883561643835617
HPAP-067,Head of pancreas,ROI3,4564,0.0950920245398773,0.12510955302366344,0.22020157756354075
HPAP-037,Head of pancreas,ROI2,4981,0.15900421602087933,0.06765709696848023,0.22666131298935954
HPAP-035,Head of pancreas,ROI3,4243,0.0,0.23261843035588028,0.23261843035588028
HPAP-075,Tail of pancreas,ROI2,9330,0.15058949624866025,0.08210075026795284,0.23269024651661308
HPAP-005,Tail of pancreas,ROI1,385,0.18701298701298702,0.05194805194805195,0.23896103896103899
HPAP-039,Head of pancreas,ROI1,2463,0.0,0.23995127892813642,0.23995127892813642
HPAP-067,Body of pancreas,ROI2,4242,0.15794436586515795,0.08203677510608204,0.23998114097124
HPAP-035,Body of pancreas,ROI2,3777,0.2163092401376754,0.024357956049774955,0.24066719618745036
HPAP-039,Tail of pancreas,ROI2,3181,0.22194278528764538,0.021062558943728386,0.24300534423137377
HPAP-040,Head of pancreas,ROI1,3560,0.18342696629213484,0.060393258426966294,0.24382022471910114
HPAP-046,Head of pancreas,ROI3,452,0.0,0.24557522123893805,0.24557522123893805
HPAP-026,Tail of pancreas,ROI3,1412,0.0679886685552408,0.17776203966005666,0.24575070821529746
HPAP-026,Head of pancreas,ROI2,526,0.0,0.24904942965779467,0.24904942965779467
HPAP-095,Head of pancreas,ROI3,4207,0.21107677680057046,0.04278583313525077,0.2538626099358212
HPAP-075,Head of pancreas,ROI3,5029,0.15510041757804732,0.10260489162855438,0.25770530920660173
HPAP-026,Tail of pancreas,ROI1,2414,0.23032311516155757,0.029411764705882353,0.2597348798674399
HPAP-034,Body of pancreas,ROI1,2600,0.08884615384615385,0.17153846153846153,0.2603846153846154
HPAP-027,Head of pancreas,ROI1,980,0.2530612244897959,0.009183673469387756,0.26224489795918365
HPAP-039,Body of pancreas,ROI4,2260,0.15265486725663716,0.10973451327433628,0.26238938053097344
HPAP-074,Body of pancreas,ROI1,3872,0.0,0.265495867768595,0.265495867768595
HPAP-039,Body of pancreas,ROI5,4523,0.23369445058589433,0.03227946053504311,0.26597391112093743
HPAP-105,Body of pancreas,ROI5,3601,0.228547625659539,0.03804498750347126,0.26659261316301025
HPAP-047,Body of pancreas,ROI3,2049,0.0,0.2742801366520254,0.2742801366520254
HPAP-034,Body of pancreas,ROI3,3667,0.20343605126806655,0.07390237251158986,0.2773384237796564
HPAP-082,Head of pancreas,ROI2,4320,0.2534722222222222,0.025231481481481483,0.2787037037037037
HPAP-075,Tail of pancreas,ROI6,8183,0.0,0.2841256262984236,0.2841256262984236
HPAP-146,Body of pancreas,ROI4,4554,0.11484409310496267,0.1741326306543698,0.2889767237593325
HPAP-042,Tail of pancreas,ROI2,1874,0.0,0.2902881536819637,0.2902881536819637
HPAP-037,Body of pancreas,ROI3,4286,0.20881941203919738,0.08609426038264116,0.2949136724218385
HPAP-093,Tail of pancreas,ROI2,4406,0.0,0.2952791647753064,0.2952791647753064
HPAP-034,Head of pancreas,ROI3,3805,0.16662286465177398,0.12956636005256242,0.2961892247043364
HPAP-005,Body of pancreas,ROI3,2055,0.0,0.297323600973236,0.297323600973236
HPAP-063,Body of pancreas,ROI2,2517,0.11839491458085022,0.1799761620977354,0.29837107667858564
HPAP-005,Head of pancreas,ROI1,4842,0.14539446509706733,0.15386204047914084,0.2992565055762082
HPAP-040,Head of pancreas,ROI2,3095,0.20484652665589662,0.0949919224555735,0.2998384491114701
HPAP-082,Tail of pancreas,ROI3,4219,0.09528324247452002,0.20549893339653946,0.3007821758710595
HPAP-034,Tail of pancreas,ROI4,1620,0.09320987654320988,0.20864197530864198,0.30185185185185187
HPAP-105,Body of pancreas,ROI1,2861,0.23628102062216008,0.06641034603285564,0.3026913666550157
HPAP-035,Head of pancreas,ROI2,4461,0.05133378166330419,0.2524097735933647,0.3037435552566689
HPAP-095,Body of pancreas,ROI4,4274,0.23256902199344875,0.07580720636406177,0.30837622835751055
HPAP-095,Head of pancreas,ROI2,4309,0.19122766303086564,0.11882107217451846,0.3100487352053841
HPAP-067,Body of pancreas,ROI1,2954,0.16486120514556535,0.14691943127962084,0.31178063642518616
HPAP-056,Tail of pancreas,ROI1,3316,0.0,0.31393244873341375,0.31393244873341375
HPAP-082,Body of pancreas,ROI1,4029,0.29312484487465873,0.022834450235790518,0.31595929511044923
HPAP-099,Tail of pancreas,ROI3,4117,0.0,0.3179499635657032,0.3179499635657032
HPAP-018,Tail of pancreas,ROI4,1820,0.2164835164835165,0.10274725274725274,0.3192307692307692
HPAP-012,Body of pancreas,ROI2,1235,0.0,0.31983805668016196,0.31983805668016196
HPAP-027,Head of pancreas,ROI3,1437,0.19624217118997914,0.12386917188587335,0.3201113430758525
HPAP-005,Body of pancreas,ROI2,2773,0.17562206996033178,0.14785430941218897,0.3234763793725207
HPAP-034,Tail of pancreas,ROI1,1272,0.18474842767295596,0.139937106918239,0.324685534591195
HPAP-047,Body of pancreas,ROI1,3161,0.0,0.3286934514394179,0.3286934514394179
HPAP-063,Head of pancreas,ROI1,3189,0.09689557855126998,0.23361555346503607,0.33051113201630605
HPAP-014,Body of pancreas,ROI3,452,0.0,0.33185840707964603,0.33185840707964603
HPAP-042,Tail of pancreas,ROI1,1619,0.09882643607164916,0.23409512044471897,0.3329215565163681
HPAP-095,Tail of pancreas,ROI1,3981,0.0,0.3333333333333333,0.3333333333333333
HPAP-035,Body of pancreas,ROI3,4037,0.1362397820163488,0.19767153827099332,0.3339113202873421
HPAP-040,Head of pancreas,ROI3,2744,0.18112244897959184,0.15379008746355685,0.33491253644314867
HPAP-035,Head of pancreas,ROI1,4076,0.12487733071638861,0.21368989205103042,0.338567222767419
HPAP-059,Head of pancreas,ROI3,3334,0.23635272945410918,0.10317936412717456,0.3395320935812837
HPAP-040,Tail of pancreas,ROI3,1893,0.13681986265187532,0.20602218700475436,0.3428420496566297
HPAP-146,Body of pancreas,ROI1,4324,0.14061054579093432,0.2032839962997225,0.34389454209065684
HPAP-039,Tail of pancreas,ROI3,2988,0.21084337349397592,0.13319946452476572,0.34404283801874164
HPAP-037,Tail of pancreas,ROI2,1413,0.21089879688605803,0.13517338995046002,0.3460721868365181
HPAP-063,Tail of pancreas,ROI2,2862,0.0,0.3490566037735849,0.3490566037735849
HPAP-034,Tail of pancreas,ROI3,2241,0.1566265060240964,0.19767960731816153,0.3543061133422579
HPAP-146,Tail of pancreas,ROI1,4108,0.18938656280428431,0.16504381694255113,0.35443037974683544
HPAP-035,Body of pancreas,ROI1,4081,0.1516785101690762,0.20289144817446705,0.35456995834354327
HPAP-046,Tail of pancreas,ROI2,3533,0.23294650438720635,0.12312482309651854,0.3560713274837249
HPAP-054,Tail of pancreas,ROI3,1424,0.09058988764044944,0.2675561797752809,0.35814606741573035
HPAP-139,Tail of pancreas,ROI1,4781,0.0,0.36540472704455135,0.36540472704455135
HPAP-074,Head of pancreas,ROI5,3196,0.16739674593241552,0.19806007509386733,0.36545682102628285
HPAP-067,Tail of pancreas,ROI3,3639,0.19758175322890903,0.16817807089859851,0.3657598241275075
HPAP-027,Body of pancreas,ROI1,2251,0.2318969346956908,0.1341625944024878,0.3660595290981786
HPAP-093,Head of pancreas,ROI3,2625,0.0,0.37104761904761907,0.37104761904761907
HPAP-054,Head of pancreas,ROI1,2185,0.16521739130434782,0.21052631578947367,0.3757437070938215
HPAP-053,Tail of pancreas,ROI3,3255,0.08417818740399385,0.2921658986175115,0.3763440860215054
HPAP-040,Tail of pancreas,ROI2,2734,0.09326993416239941,0.28383321141185075,0.3771031455742502
HPAP-056,Head of pancreas,ROI1,7951,0.12048798893220979,0.2580807445604327,0.3785687334926425
HPAP-014,Tail of pancreas,ROI1,2223,0.0,0.38011695906432746,0.38011695906432746
HPAP-047,Body of pancreas,ROI2,2325,0.0,0.38064516129032255,0.38064516129032255
HPAP-039,Head of pancreas,ROI2,2781,0.11578568860122258,0.2682488313556275,0.38403451995685006
HPAP-040,Tail of pancreas,ROI1,3095,0.23392568659127624,0.15250403877221325,0.3864297253634895
HPAP-059,Tail of pancreas,ROI2,2032,0.21653543307086615,0.1702755905511811,0.3868110236220472
HPAP-014,Head of pancreas,ROI2,439,0.0,0.38724373576309795,0.38724373576309795
HPAP-046,Tail of pancreas,ROI3,3076,0.20903771131339402,0.1788036410923277,0.3878413524057217
HPAP-053,Head of pancreas,ROI3,3760,0.14308510638297872,0.24601063829787234,0.38909574468085106
HPAP-012,Tail of pancreas,ROI1,3573,0.0,0.38986845787853347,0.38986845787853347
HPAP-034,Head of pancreas,ROI1,3057,0.1393523061825319,0.2512266928361138,0.3905789990186457
HPAP-018,Body of pancreas,ROI3,1533,0.395955642530985,0.0,0.395955642530985
HPAP-056,Body of pancreas,ROI3,3242,0.2285626156693399,0.17334978408389884,0.4019123997532388
HPAP-042,Body of pancreas,ROI3,944,0.0,0.4025423728813559,0.4025423728813559
HPAP-146,Tail of pancreas,ROI3,4362,0.10751948647409446,0.2998624484181568,0.4073819348922513
HPAP-105,Head of pancreas,ROI2,2777,0.1523226503420958,0.2560316888728844,0.4083543392149802
HPAP-006,Body of pancreas,ROI4,837,0.15531660692951016,0.2532855436081243,0.40860215053763443
HPAP-036,Head of pancreas,ROI1,3418,0.0,0.41398478642480985,0.41398478642480985
HPAP-004,Head of pancreas,ROI3,3090,0.0,0.41423948220064727,0.41423948220064727
HPAP-105,Body of pancreas,ROI4,3615,0.3889349930843707,0.02793914246196404,0.41687413554633473
HPAP-036,Tail of pancreas,ROI1,2866,0.17759944173063502,0.2397069085833915,0.4173063503140265
HPAP-099,Head of pancreas,ROI1,4322,0.0,0.4227209625173531,0.4227209625173531
HPAP-026,Head of pancreas,ROI3,2353,0.1572460688482788,0.26604334891627707,0.42328941776455586
HPAP-037,Tail of pancreas,ROI3,3178,0.210509754562618,0.2146003775959723,0.4251101321585903
HPAP-139,Tail of pancreas,ROI2,4632,0.0,0.42573402417962003,0.42573402417962003
HPAP-067,Tail of pancreas,ROI2,3313,0.23754904920012074,0.19136734077875037,0.4289163899788711
HPAP-036,Head of pancreas,ROI2,3274,0.0,0.4324984728161271,0.4324984728161271
HPAP-027,Body of pancreas,ROI3,2022,0.13452027695351138,0.29821958456973297,0.43273986152324434
HPAP-014,Head of pancreas,ROI1,973,0.0,0.43371017471736895,0.43371017471736895
HPAP-012,Head of pancreas,ROI3,4715,0.0,0.4343584305408271,0.4343584305408271
HPAP-105,Tail of pancreas,ROI3,3670,0.0,0.43487738419618527,0.43487738419618527
HPAP-034,Body of pancreas,ROI2,3855,0.1424124513618677,0.2939040207522698,0.4363164721141375
HPAP-063,Tail of pancreas,ROI3,4775,0.1817801047120419,0.25591623036649214,0.437696335078534
HPAP-059,Body of pancreas,ROI2,1690,0.27928994082840236,0.15857988165680473,0.4378698224852071
HPAP-040,Body of pancreas,ROI3,1450,0.22482758620689655,0.21310344827586206,0.4379310344827586
HPAP-053,Tail of pancreas,ROI1,2076,0.21965317919075145,0.22350674373795762,0.4431599229287091
HPAP-059,Tail of pancreas,ROI3,2724,0.4280469897209985,0.016519823788546256,0.4445668135095448
HPAP-034,Head of pancreas,ROI2,3605,0.18169209431345354,0.26435506241331486,0.4460471567267684
HPAP-063,Body of pancreas,ROI3,1664,0.1201923076923077,0.3269230769230769,0.44711538461538464
HPAP-099,Body of pancreas,ROI2,5461,0.18091924555942135,0.2666178355612525,0.44753708112067386
HPAP-014,Tail of pancreas,ROI2,1736,0.18721198156682028,0.26036866359447003,0.4475806451612903
HPAP-037,Body of pancreas,ROI1,3565,0.23394109396914445,0.2182328190743338,0.45217391304347826
HPAP-014,Body of pancreas,ROI1,424,0.0,0.455188679245283,0.455188679245283
HPAP-040,Body of pancreas,ROI2,1599,0.26391494684177613,0.1957473420888055,0.45966228893058164
HPAP-036,Tail of pancreas,ROI2,3169,0.16756074471442095,0.2937835279267908,0.46134427264121175
HPAP-146,Head of pancreas,ROI4,4586,0.22699520279110336,0.23680767553423462,0.46380287832533795
HPAP-146,Tail of pancreas,ROI2,7836,0.13667687595712097,0.327718223583461,0.46439509954058195
HPAP-074,Body of pancreas,ROI3,3030,0.1735973597359736,0.29108910891089107,0.4646864686468647
HPAP-046,Body of pancreas,ROI2,2811,0.22411953041622198,0.24297403059409464,0.4670935610103166
HPAP-105,Tail of pancreas,ROI4,3391,0.0,0.46829843703922147,0.46829843703922147
HPAP-014,Body of pancreas,ROI2,2595,0.0,0.47167630057803467,0.47167630057803467
HPAP-046,Head of pancreas,ROI1,3038,0.0,0.4726793943383805,0.4726793943383805
HPAP-036,Head of pancreas,ROI3,2188,0.0,0.476691042047532,0.476691042047532
HPAP-004,Tail of pancreas,ROI1,4588,0.11769834350479512,0.35919790758500436,0.4768962510897995
HPAP-056,Head of pancreas,ROI2,2003,0.18572141787319021,0.2920619071392911,0.47778332501248133
HPAP-059,Tail of pancreas,ROI1,2474,0.4296685529506871,0.050121261115602264,0.4797898140662894
HPAP-082,Body of pancreas,ROI4,4216,0.32969639468690703,0.1527514231499051,0.4824478178368121
HPAP-006,Head of pancreas,ROI2,2160,0.1259259259259259,0.3578703703703704,0.4837962962962963
HPAP-105,Head of pancreas,ROI3,2556,0.22496087636932707,0.26173708920187794,0.48669796557120504
HPAP-082,Head of pancreas,ROI3,3103,0.4276506606509829,0.05994199162101192,0.48759265227199483
HPAP-075,Tail of pancreas,ROI1,4363,0.15700206280082513,0.33073573229429293,0.48773779509511805
HPAP-034,Tail of pancreas,ROI2,3571,0.20134416129935592,0.28647437692523103,0.487818538224587
HPAP-054,Body of pancreas,ROI1,2971,0.18545944126556715,0.30865028609895656,0.49410972736452374
HPAP-012,Head of pancreas,ROI1,4911,0.2777438403583791,0.21686010995723884,0.494603950315618
HPAP-004,Head of pancreas,ROI1,2276,0.03427065026362039,0.46309314586994726,0.4973637961335676
HPAP-027,Body of pancreas,ROI2,926,0.2386609071274298,0.2591792656587473,0.4978401727861771
HPAP-005,Body of pancreas,ROI1,1673,0.22893006575014943,0.27017334130304843,0.4991034070531979
HPAP-037,Head of pancreas,ROI1,3471,0.15528666090463844,0.3462978968596946,0.501584557764333
HPAP-093,Tail of pancreas,ROI1,2954,0.2931618144888287,0.21530128639133378,0.5084631008801626
HPAP-105,Head of pancreas,ROI1,3050,0.20721311475409837,0.30131147540983605,0.5085245901639344
HPAP-046,Tail of pancreas,ROI1,4157,0.20976665864806351,0.29901371181140246,0.508780370459466
HPAP-036,Body of pancreas,ROI1,3808,0.28387605042016806,0.22505252100840337,0.5089285714285714
HPAP-146,Head of pancreas,ROI3,4585,0.22137404580152673,0.2883315158124318,0.5097055616139585
HPAP-054,Head of pancreas,ROI3,2037,0.16593028964162984,0.34413352970054,0.5100638193421698
HPAP-053,Tail of pancreas,ROI2,3526,0.05331820760068066,0.4585933068633012,0.5119115144639819
HPAP-053,Body of pancreas,ROI2,3480,0.10488505747126436,0.4100574712643678,0.5149425287356322
HPAP-046,Body of pancreas,ROI1,1775,0.3684507042253521,0.1476056338028169,0.516056338028169
HPAP-036,Body of pancreas,ROI3,4302,0.200371920037192,0.3193863319386332,0.5197582519758253
HPAP-074,Body of pancreas,ROI2,2635,0.08159392789373814,0.44060721062618596,0.5222011385199241
HPAP-052,Body of pancreas,ROI1,2627,0.17891130567186905,0.3448800913589646,0.5237913970308337
HPAP-046,Body of pancreas,ROI3,2826,0.26857749469214437,0.2653927813163482,0.5339702760084926
HPAP-074,Head of pancreas,ROI4,2034,0.0,0.5344149459193707,0.5344149459193707
HPAP-063,Head of pancreas,ROI3,3354,0.21645796064400716,0.3184257602862254,0.5348837209302325
HPAP-036,Tail of pancreas,ROI3,3700,0.2110810810810811,0.32594594594594595,0.537027027027027
HPAP-118,Head of pancreas,ROI2,1807,0.2584394023242944,0.2789153292750415,0.5373547315993359
HPAP-037,Head of pancreas,ROI3,2372,0.28077571669477236,0.27107925801011806,0.5518549747048904
HPAP-039,Tail of pancreas,ROI1,3008,0.25631648936170215,0.29720744680851063,0.5535239361702128
HPAP-099,Tail of pancreas,ROI1,3467,0.1828670320161523,0.3717911739255841,0.5546582059417364
HPAP-146,Head of pancreas,ROI5,5432,0.13125920471281297,0.4254418262150221,0.5567010309278351
HPAP-004,Head of pancreas,ROI2,3369,0.14663104778866132,0.41317898486197685,0.5598100326506381
HPAP-118,Tail of pancreas,ROI2,2511,0.15690959776981284,0.4042214257268021,0.5611310234966149
HPAP-005,Head of pancreas,ROI3,1987,0.11222949169602416,0.4524408656265727,0.5646703573225968
HPAP-053,Head of pancreas,ROI2,4214,0.22615092548647367,0.34527764594209776,0.5714285714285714
HPAP-036,Body of pancreas,ROI2,3951,0.19919007846114908,0.3733232093140977,0.5725132877752468
HPAP-040,Body of pancreas,ROI1,3148,0.18043202033036848,0.39612452350698857,0.576556543837357
HPAP-054,Body of pancreas,ROI2,4077,0.0755457444199166,0.5035565366691195,0.579102281089036
HPAP-082,Tail of pancreas,ROI5,3926,0.09959246051961283,0.4826795720835456,0.5822720326031584
HPAP-095,Tail of pancreas,ROI5,4074,0.2820324005891016,0.30363279332351495,0.5856651939126165
HPAP-053,Head of pancreas,ROI1,4518,0.1316954404603807,0.45506861443116425,0.5867640548915449
HPAP-099,Body of pancreas,ROI3,4080,0.2551470588235294,0.33259803921568626,0.5877450980392156
HPAP-006,Body of pancreas,ROI5,1310,0.18473282442748093,0.40458015267175573,0.5893129770992367
HPAP-093,Body of pancreas,ROI3,3438,0.13932518906340896,0.45200698080279234,0.5913321698662013
HPAP-006,Head of pancreas,ROI3,2090,0.14688995215311004,0.4444976076555024,0.5913875598086125
HPAP-118,Head of pancreas,ROI4,2744,0.11989795918367346,0.47558309037900875,0.5954810495626822
HPAP-037,Body of pancreas,ROI2,2793,0.2606516290726817,0.3372717508055854,0.597923379878267
HPAP-059,Body of pancreas,ROI3,2430,0.3736625514403292,0.22798353909465022,0.6016460905349794
HPAP-093,Head of pancreas,ROI5,4119,0.22068463219227968,0.38480213644088374,0.6054867686331634
HPAP-093,Head of pancreas,ROI1,3218,0.053760099440646365,0.555313859540087,0.6090739589807335
HPAP-095,Body of pancreas,ROI3,4393,0.2900068290462099,0.31914409287502843,0.6091509219212383
HPAP-006,Tail of pancreas,ROI2,910,0.15824175824175823,0.45164835164835165,0.6098901098901099
HPAP-006,Tail of pancreas,ROI1,625,0.3056,0.3136,0.6192
HPAP-105,Tail of pancreas,ROI2,3760,0.17952127659574468,0.4422872340425532,0.6218085106382979
HPAP-093,Body of pancreas,ROI2,3746,0.12600106780565937,0.49599572877736253,0.6219967965830219
HPAP-004,Body of pancreas,ROI1,4895,0.1442288049029622,0.47824310520939733,0.6224719101123595
HPAP-093,Tail of pancreas,ROI3,4350,0.26275862068965516,0.3622988505747126,0.6250574712643677
HPAP-004,Tail of pancreas,ROI2,3115,0.18651685393258427,0.44526484751203854,0.6317817014446228
HPAP-006,Body of pancreas,ROI6,1104,0.125,0.5072463768115942,0.6322463768115942
HPAP-099,Body of pancreas,ROI1,4057,0.202119792950456,0.4343110672911018,0.6364308602415578
HPAP-118,Head of pancreas,ROI1,2698,0.15937731653076354,0.4822090437361008,0.6415863602668643
HPAP-095,Tail of pancreas,ROI2,3905,0.32445582586427657,0.3172855313700384,0.6417413572343149
HPAP-054,Body of pancreas,ROI3,2839,0.22543148996125395,0.41704825642831983,0.6424797463895737
HPAP-059,Body of pancreas,ROI1,1788,0.37024608501118567,0.2785234899328859,0.6487695749440716
HPAP-118,Tail of pancreas,ROI3,3167,0.08904325860435744,0.5620461004104831,0.6510893590148406
HPAP-012,Tail of pancreas,ROI2,2013,0.14903129657228018,0.5042225534028812,0.6532538499751614
HPAP-056,Tail of pancreas,ROI2,3118,0.22129570237331622,0.4387427838357922,0.6600384862091084
HPAP-056,Tail of pancreas,ROI3,3121,0.2576097404677988,0.40595962832425503,0.6635693687920539
HPAP-099,Tail of pancreas,ROI2,3384,0.14361702127659576,0.5218676122931442,0.66548463356974
HPAP-014,Head of pancreas,ROI3,994,0.12977867203219315,0.5362173038229376,0.6659959758551308
HPAP-012,Tail of pancreas,ROI3,3286,0.2248934875228241,0.4424832623250152,0.6673767498478393
HPAP-054,Tail of pancreas,ROI2,2885,0.21351819757365684,0.45684575389948007,0.6703639514731369
HPAP-018,Tail of pancreas,ROI5,1814,0.3974641675854465,0.278941565600882,0.6764057331863285
HPAP-118,Tail of pancreas,ROI1,2331,0.2084942084942085,0.4693264693264693,0.6778206778206778
HPAP-012,Body of pancreas,ROI1,977,0.3132036847492323,0.368474923234391,0.6816786079836233
HPAP-006,Head of pancreas,ROI1,2413,0.1910484873601326,0.4910899295482801,0.6821384169084127
HPAP-005,Head of pancreas,ROI2,3493,0.1717721156598912,0.521614657887203,0.6933867735470942
HPAP-054,Head of pancreas,ROI2,3592,0.27589086859688194,0.4265033407572383,0.7023942093541202
HPAP-018,Body of pancreas,ROI2,2872,0.16051532033426183,0.5525766016713092,0.713091922005571
HPAP-004,Body of pancreas,ROI3,4681,0.11044648579363384,0.6069215979491561,0.7173680837427899
HPAP-136,Body of pancreas,ROI1,4758,0.2515762925598991,0.48360655737704916,0.7351828499369483
HPAP-004,Tail of pancreas,ROI3,3108,0.27380952380952384,0.47297297297297297,0.7467824967824968
HPAP-004,Body of pancreas,ROI4,4531,0.24586184065327743,0.5184286029574046,0.764290443610682
HPAP-099,Head of pancreas,ROI4,3250,0.2403076923076923,0.5286153846153846,0.7689230769230769
HPAP-139,Tail of pancreas,ROI3,4271,0.21493795364083354,0.5591196441114493,0.7740575977522829
HPAP-136,Body of pancreas,ROI2,5579,0.24592220828105396,0.5407779171894604,0.7867001254705144
HPAP-099,Head of pancreas,ROI3,3581,0.21781625244345154,0.5696732756213349,0.7874895280647864
HPAP-095,Body of pancreas,ROI1,3152,0.3565989847715736,0.4467005076142132,0.8032994923857868
HPAP-118,Body of pancreas,ROI1,3777,0.2930897537728356,0.5199894095843262,0.8130791633571617
HPAP-053,Body of pancreas,ROI3,3263,0.30585350904076003,0.5130248237817959,0.818878332822556
HPAP-093,Body of pancreas,ROI6,4233,0.2520670918969998,0.567446255610678,0.8195133475076777
HPAP-018,Head of pancreas,ROI2,3869,0.25381235461359525,0.5712070302403722,0.8250193848539675
HPAP-018,Body of pancreas,ROI1,3489,0.27199770707939236,0.6090570364001147,0.8810547434795071
HPAP-006,Tail of pancreas,ROI3,560,0.2017857142857143,0.6892857142857143,0.8910714285714285
HPAP-018,Head of pancreas,ROI1,4313,0.2429863204266172,0.6791096684442384,0.9220959888708555
