cell_type,bin_left,bin_right,count
Endothelial,0.0,88.36163836163837,1
Endothelial,88.36163836163837,176.72327672327674,10
Endothelial,176.72327672327674,265.0849150849151,29
Endothelial,265.0849150849151,353.4465534465535,66
Endothelial,353.4465534465535,441.80819180819185,77
Endothelial,441.80819180819185,530.1698301698302,50
Endothelial,530.1698301698302,618.5314685314686,35
Endothelial,618.5314685314686,706.893106893107,14
Endothelial,706.893106893107,795.2547452547453,6
Endothelial,795.2547452547453,883.6163836163837,1
Endothelial,883.6163836163837,971.9780219780221,2
Endothelial,971.9780219780221,1060.3396603396604,1
Endothelial,1060.3396603396604,1148.7012987012988,1
Endothelial,1148.7012987012988,1237.0629370629372,1
Endothelial,1237.0629370629372,1325.4245754245756,1
Endothelial,1325.4245754245756,1413.786213786214,0
Endothelial,1413.786213786214,1502.1478521478523,0
Endothelial,1502.1478521478523,1590.5094905094907,0
Endothelial,1590.5094905094907,1678.871128871129,0
Endothelial,1678.871128871129,1767.2327672327674,0
Endothelial,1767.2327672327674,1855.5944055944058,1
Endothelial,1855.5944055944058,1943.9560439560441,0
Endothelial,1943.9560439560441,2032.3176823176825,0
Endothelial,2032.3176823176825,2120.679320679321,0
Endothelial,2120.679320679321,2209.040959040959,0
Endothelial,2209.040959040959,2297.4025974025976,1
Endothelial,2297.4025974025976,2385.764235764236,1
Endothelial,2385.764235764236,2474.1258741258744,0
Endothelial,2474.1258741258744,2562.4875124875125,0
Endothelial,2562.4875124875125,2650.849150849151,0
Endothelial,2650.849150849151,2739.2107892107897,0
Endothelial,2739.2107892107897,2827.572427572428,0
Endothelial,2827.572427572428,2915.934065934066,0
Endothelial,2915.934065934066,3004.2957042957046,0
Endothelial,3004.2957042957046,3092.657342657343,0
Endothelial,3092.657342657343,3181.0189810189813,0
Endothelial,3181.0189810189813,3269.3806193806195,0
Endothelial,3269.3806193806195,3357.742257742258,0
Endothelial,3357.742257742258,3446.1038961038967,0
Endothelial,3446.1038961038967,3534.465534465535,1
Fibroblast,0.0,67.3076923076923,30
Fibroblast,67.3076923076923,134.6153846153846,31
Fibroblast,134.6153846153846,201.9230769230769,21
Fibroblast,201.9230769230769,269.2307692307692,9
Fibroblast,269.2307692307692,336.53846153846155,7
Fibroblast,336.53846153846155,403.8461538461538,6
Fibroblast,403.8461538461538,471.15384615384613,6
Fibroblast,471.15384615384613,538.4615384615385,9
Fibroblast,538.4615384615385,605.7692307692307,7
Fibroblast,605.7692307692307,673.0769230769231,9
Fibroblast,673.0769230769231,740.3846153846154,9
Fibroblast,740.3846153846154,807.6923076923076,10
Fibroblast,807.6923076923076,875.0,18
Fibroblast,875.0,942.3076923076923,14
Fibroblast,942.3076923076923,1009.6153846153846,7
Fibroblast,1009.6153846153846,1076.923076923077,12
Fibroblast,1076.923076923077,1144.2307692307693,7
Fibroblast,1144.2307692307693,1211.5384615384614,11
Fibroblast,1211.5384615384614,1278.8461538461538,13
Fibroblast,1278.8461538461538,1346.1538461538462,9
Fibroblast,1346.1538461538462,1413.4615384615383,7
Fibroblast,1413.4615384615383,1480.7692307692307,7
Fibroblast,1480.7692307692307,1548.076923076923,3
Fibroblast,1548.076923076923,1615.3846153846152,5
Fibroblast,1615.3846153846152,1682.6923076923076,4
Fibroblast,1682.6923076923076,1750.0,6
Fibroblast,1750.0,1817.3076923076924,5
Fibroblast,1817.3076923076924,1884.6153846153845,1
Fibroblast,1884.6153846153845,1951.923076923077,1
Fibroblast,1951.923076923077,2019.2307692307693,1
Fibroblast,2019.2307692307693,2086.5384615384614,1
Fibroblast,2086.5384615384614,2153.846153846154,2
Fibroblast,2153.846153846154,2221.153846153846,1
Fibroblast,2221.153846153846,2288.4615384615386,3
Fibroblast,2288.4615384615386,2355.769230769231,1
Fibroblast,2355.769230769231,2423.076923076923,0
Fibroblast,2423.076923076923,2490.3846153846152,1
Fibroblast,2490.3846153846152,2557.6923076923076,2
Fibroblast,2557.6923076923076,2625.0,2
Fibroblast,2625.0,2692.3076923076924,1
Macrophage,0.0,30.3000303000303,38
Macrophage,30.3000303000303,60.6000606000606,55
Macrophage,60.6000606000606,90.9000909000909,42
Macrophage,90.9000909000909,121.2001212001212,35
Macrophage,121.2001212001212,151.5001515001515,20
Macrophage,151.5001515001515,181.8001818001818,20
Macrophage,181.8001818001818,212.1002121002121,19
Macrophage,212.1002121002121,242.4002424002424,17
Macrophage,242.4002424002424,272.7002727002727,9
Macrophage,272.7002727002727,303.000303000303,10
Macrophage,303.000303000303,333.3003333003333,8
Macrophage,333.3003333003333,363.6003636003636,2
Macrophage,363.6003636003636,393.9003939003939,2
Macrophage,393.9003939003939,424.2004242004242,3
Macrophage,424.2004242004242,454.5004545004545,3
Macrophage,454.5004545004545,484.8004848004848,0
Macrophage,484.8004848004848,515.1005151005152,1
Macrophage,515.1005151005152,545.4005454005454,3
Macrophage,545.4005454005454,575.7005757005757,0
Macrophage,575.7005757005757,606.000606000606,3
Macrophage,606.000606000606,636.3006363006364,1
Macrophage,636.3006363006364,666.6006666006666,0
Macrophage,666.6006666006666,696.9006969006969,2
Macrophage,696.9006969006969,727.2007272007272,1
Macrophage,727.2007272007272,757.5007575007576,0
Macrophage,757.5007575007576,787.8007878007878,0
Macrophage,787.8007878007878,818.1008181008181,1
Macrophage,818.1008181008181,848.4008484008484,0
Macrophage,848.4008484008484,878.7008787008788,1
Macrophage,878.7008787008788,909.000909000909,1
Macrophage,909.000909000909,939.3009393009393,1
Macrophage,939.3009393009393,969.6009696009696,0
Macrophage,969.6009696009696,999.900999901,0
Macrophage,999.900999901,1030.2010302010303,0
Macrophage,1030.2010302010303,1060.5010605010605,0
Macrophage,1060.5010605010605,1090.8010908010908,0
Macrophage,1090.8010908010908,1121.1011211011212,0
Macrophage,1121.1011211011212,1151.4011514011513,0
Macrophage,1151.4011514011513,1181.7011817011817,0
Macrophage,1181.7011817011817,1212.001212001212,1
CD8 T,0.0,6.34207240948814,36
CD8 T,6.34207240948814,12.68414481897628,10
CD8 T,12.68414481897628,19.02621722846442,15
CD8 T,19.02621722846442,25.36828963795256,10
CD8 T,25.36828963795256,31.7103620474407,27
CD8 T,31.7103620474407,38.05243445692884,19
CD8 T,38.05243445692884,44.39450686641698,30
CD8 T,44.39450686641698,50.73657927590512,20
CD8 T,50.73657927590512,57.07865168539326,26
CD8 T,57.07865168539326,63.4207240948814,16
CD8 T,63.4207240948814,69.76279650436955,10
CD8 T,69.76279650436955,76.10486891385769,17
CD8 T,76.10486891385769,82.44694132334583,14
CD8 T,82.44694132334583,88.78901373283396,8
CD8 T,88.78901373283396,95.1310861423221,7
CD8 T,95.1310861423221,101.47315855181024,0
CD8 T,101.47315855181024,107.81523096129838,6
CD8 T,107.81523096129838,114.15730337078652,3
CD8 T,114.15730337078652,120.49937578027466,2
CD8 T,120.49937578027466,126.8414481897628,4
CD8 T,126.8414481897628,133.18352059925095,1
CD8 T,133.18352059925095,139.5255930087391,2
CD8 T,139.5255930087391,145.86766541822723,2
CD8 T,145.86766541822723,152.20973782771537,1
CD8 T,152.20973782771537,158.5518102372035,0
CD8 T,158.5518102372035,164.89388264669165,1
CD8 T,164.89388264669165,171.2359550561798,2
CD8 T,171.2359550561798,177.57802746566793,1
CD8 T,177.57802746566793,183.92009987515607,2
CD8 T,183.92009987515607,190.2621722846442,0
CD8 T,190.2621722846442,196.60424469413235,1
CD8 T,196.60424469413235,202.9463171036205,1
CD8 T,202.9463171036205,209.28838951310863,0
CD8 T,209.28838951310863,215.63046192259677,1
CD8 T,215.63046192259677,221.9725343320849,2
CD8 T,221.9725343320849,228.31460674157304,0
CD8 T,228.31460674157304,234.65667915106118,0
CD8 T,234.65667915106118,240.99875156054932,0
CD8 T,240.99875156054932,247.34082397003746,0
CD8 T,247.34082397003746,253.6828963795256,2
CD4 T,0.0,6.75,77
CD4 T,6.75,13.5,54
CD4 T,13.5,20.25,44
CD4 T,20.25,27.0,31
CD4 T,27.0,33.75,24
CD4 T,33.75,40.5,15
CD4 T,40.5,47.25,6
CD4 T,47.25,54.0,4
CD4 T,54.0,60.75,7
CD4 T,60.75,67.5,6
CD4 T,67.5,74.25,3
CD4 T,74.25,81.0,3
CD4 T,81.0,87.75,3
CD4 T,87.75,94.5,0
CD4 T,94.5,101.25,0
CD4 T,101.25,108.0,1
CD4 T,108.0,114.75,2
CD4 T,114.75,121.5,3
CD4 T,121.5,128.25,2
CD4 T,128.25,135.0,2
CD4 T,135.0,141.75,2
CD4 T,141.75,148.5,1
CD4 T,148.5,155.25,1
CD4 T,155.25,162.0,0
CD4 T,162.0,168.75,0
CD4 T,168.75,175.5,1
CD4 T,175.5,182.25,0
CD4 T,182.25,189.0,0
CD4 T,189.0,195.75,0
CD4 T,195.75,202.5,2
CD4 T,202.5,209.25,0
CD4 T,209.25,216.0,0
CD4 T,216.0,222.75,0
CD4 T,222.75,229.5,0
CD4 T,229.5,236.25,2
CD4 T,236.25,243.0,0
CD4 T,243.0,249.75,0
CD4 T,249.75,256.5,0
CD4 T,256.5,263.25,2
CD4 T,263.25,270.0,1
Treg,0.0,3.5250141000564,186
Treg,3.5250141000564,7.0500282001128,46
Treg,7.0500282001128,10.575042300169201,20
Treg,10.575042300169201,14.1000564002256,11
Treg,14.1000564002256,17.625070500282,7
Treg,17.625070500282,21.150084600338403,7
Treg,21.150084600338403,24.675098700394802,4
Treg,24.675098700394802,28.2001128004512,4
Treg,28.2001128004512,31.7251269005076,2
Treg,31.7251269005076,35.250141000564,0
Treg,35.250141000564,38.7751551006204,3
Treg,38.7751551006204,42.300169200676805,1
Treg,42.300169200676805,45.8251833007332,1
Treg,45.8251833007332,49.350197400789604,0
Treg,49.350197400789604,52.875211500846,0
Treg,52.875211500846,56.4002256009024,0
Treg,56.4002256009024,59.925239700958805,0
Treg,59.925239700958805,63.4502538010152,0
Treg,63.4502538010152,66.9752679010716,0
Treg,66.9752679010716,70.500282001128,1
Treg,70.500282001128,74.02529610118441,0
Treg,74.02529610118441,77.5503102012408,0
Treg,77.5503102012408,81.0753243012972,0
Treg,81.0753243012972,84.60033840135361,1
Treg,84.60033840135361,88.12535250141,0
Treg,88.12535250141,91.6503666014664,0
Treg,91.6503666014664,95.1753807015228,1
Treg,95.1753807015228,98.70039480157921,1
Treg,98.70039480157921,102.2254089016356,0
Treg,102.2254089016356,105.750423001692,0
Treg,105.750423001692,109.27543710174841,0
Treg,109.27543710174841,112.8004512018048,0
Treg,112.8004512018048,116.3254653018612,0
Treg,116.3254653018612,119.85047940191761,0
Treg,119.85047940191761,123.375493501974,1
Treg,123.375493501974,126.9005076020304,0
Treg,126.9005076020304,130.4255217020868,1
Treg,130.4255217020868,133.9505358021432,0
Treg,133.9505358021432,137.47554990219962,0
Treg,137.47554990219962,141.000564002256,1
B cell,0.0,8.233233233233232,188
B cell,8.233233233233232,16.466466466466464,37
B cell,16.466466466466464,24.699699699699696,17
B cell,24.699699699699696,32.93293293293293,13
B cell,32.93293293293293,41.166166166166164,5
B cell,41.166166166166164,49.39939939939939,9
B cell,49.39939939939939,57.63263263263262,7
B cell,57.63263263263262,65.86586586586586,4
B cell,65.86586586586586,74.09909909909909,4
B cell,74.09909909909909,82.33233233233233,1
B cell,82.33233233233233,90.56556556556555,3
B cell,90.56556556556555,98.79879879879879,4
B cell,98.79879879879879,107.03203203203202,0
B cell,107.03203203203202,115.26526526526524,0
B cell,115.26526526526524,123.49849849849848,1
B cell,123.49849849849848,131.7317317317317,1
B cell,131.7317317317317,139.96496496496493,0
B cell,139.96496496496493,148.19819819819818,1
B cell,148.19819819819818,156.4314314314314,0
B cell,156.4314314314314,164.66466466466466,0
B cell,164.66466466466466,172.89789789789788,1
B cell,172.89789789789788,181.1311311311311,0
B cell,181.1311311311311,189.36436436436435,0
B cell,189.36436436436435,197.59759759759757,0
B cell,197.59759759759757,205.8308308308308,0
B cell,205.8308308308308,214.06406406406404,0
B cell,214.06406406406404,222.29729729729726,0
B cell,222.29729729729726,230.53053053053048,0
B cell,230.53053053053048,238.76376376376373,1
B cell,238.76376376376373,246.99699699699696,0
B cell,246.99699699699696,255.2302302302302,1
B cell,255.2302302302302,263.4634634634634,0
B cell,263.4634634634634,271.6966966966967,0
B cell,271.6966966966967,279.92992992992987,0
B cell,279.92992992992987,288.1631631631631,0
B cell,288.1631631631631,296.39639639639637,0
B cell,296.39639639639637,304.62962962962956,0
B cell,304.62962962962956,312.8628628628628,0
B cell,312.8628628628628,321.09609609609606,0
B cell,321.09609609609606,329.3293293293293,1
NK,0.0,2.875,33
NK,2.875,5.75,19
NK,5.75,8.625,37
NK,8.625,11.5,31
NK,11.5,14.375,31
NK,14.375,17.25,24
NK,17.25,20.125,21
NK,20.125,23.0,16
NK,23.0,25.875,18
NK,25.875,28.75,14
NK,28.75,31.625,11
NK,31.625,34.5,6
NK,34.5,37.375,6
NK,37.375,40.25,2
NK,40.25,43.125,3
NK,43.125,46.0,1
NK,46.0,48.875,1
NK,48.875,51.75,2
NK,51.75,54.625,1
NK,54.625,57.5,6
NK,57.5,60.375,0
NK,60.375,63.25,4
NK,63.25,66.125,1
NK,66.125,69.0,0
NK,69.0,71.875,1
NK,71.875,74.75,0
NK,74.75,77.625,1
NK,77.625,80.5,0
NK,80.5,83.375,2
NK,83.375,86.25,1
NK,86.25,89.125,0
NK,89.125,92.0,1
NK,92.0,94.875,2
NK,94.875,97.75,1
NK,97.75,100.625,0
NK,100.625,103.5,1
NK,103.5,106.375,0
NK,106.375,109.25,0
NK,109.25,112.125,0
NK,112.125,115.0,1
Monocyte,0.0,22.954068908114863,66
Monocyte,22.954068908114863,45.908137816229726,84
Monocyte,45.908137816229726,68.86220672434459,48
Monocyte,68.86220672434459,91.81627563245945,28
Monocyte,91.81627563245945,114.77034454057431,16
Monocyte,114.77034454057431,137.72441344868918,20
Monocyte,137.72441344868918,160.67848235680404,9
Monocyte,160.67848235680404,183.6325512649189,8
Monocyte,183.6325512649189,206.58662017303377,2
Monocyte,206.58662017303377,229.54068908114863,2
Monocyte,229.54068908114863,252.4947579892635,0
Monocyte,252.4947579892635,275.44882689737835,2
Monocyte,275.44882689737835,298.40289580549324,0
Monocyte,298.40289580549324,321.3569647136081,1
Monocyte,321.3569647136081,344.3110336217229,1
Monocyte,344.3110336217229,367.2651025298378,1
Monocyte,367.2651025298378,390.2191714379527,3
Monocyte,390.2191714379527,413.17324034606753,0
Monocyte,413.17324034606753,436.12730925418236,1
Monocyte,436.12730925418236,459.08137816229726,0
Monocyte,459.08137816229726,482.03544707041215,0
Monocyte,482.03544707041215,504.989515978527,1
Monocyte,504.989515978527,527.9435848866418,0
Monocyte,527.9435848866418,550.8976537947567,1
Monocyte,550.8976537947567,573.8517227028716,0
Monocyte,573.8517227028716,596.8057916109865,1
Monocyte,596.8057916109865,619.7598605191013,0
Monocyte,619.7598605191013,642.7139294272162,1
Monocyte,642.7139294272162,665.667998335331,0
Monocyte,665.667998335331,688.6220672434458,1
Monocyte,688.6220672434458,711.5761361515607,1
Monocyte,711.5761361515607,734.5302050596756,0
Monocyte,734.5302050596756,757.4842739677905,0
Monocyte,757.4842739677905,780.4383428759054,0
Monocyte,780.4383428759054,803.3924117840202,0
Monocyte,803.3924117840202,826.3464806921351,0
Monocyte,826.3464806921351,849.30054960025,0
Monocyte,849.30054960025,872.2546185083647,0
Monocyte,872.2546185083647,895.2086874164796,0
Monocyte,895.2086874164796,918.1627563245945,1
DC,0.0,2.3023069115253483,74
DC,2.3023069115253483,4.6046138230506966,35
DC,4.6046138230506966,6.906920734576045,40
DC,6.906920734576045,9.209227646101393,42
DC,9.209227646101393,11.511534557626742,20
DC,11.511534557626742,13.81384146915209,15
DC,13.81384146915209,16.116148380677437,10
DC,16.116148380677437,18.418455292202786,8
DC,18.418455292202786,20.720762203728135,6
DC,20.720762203728135,23.023069115253485,5
DC,23.023069115253485,25.32537602677883,6
DC,25.32537602677883,27.62768293830418,1
DC,27.62768293830418,29.92998984982953,4
DC,29.92998984982953,32.232296761354874,4
DC,32.232296761354874,34.53460367288022,1
DC,34.53460367288022,36.83691058440557,1
DC,36.83691058440557,39.13921749593092,1
DC,39.13921749593092,41.44152440745627,3
DC,41.44152440745627,43.74383131898162,2
DC,43.74383131898162,46.04613823050697,2
DC,46.04613823050697,48.34844514203231,3
DC,48.34844514203231,50.65075205355766,2
DC,50.65075205355766,52.95305896508301,1
DC,52.95305896508301,55.25536587660836,2
DC,55.25536587660836,57.55767278813371,0
DC,57.55767278813371,59.85997969965906,1
DC,59.85997969965906,62.162286611184406,1
DC,62.162286611184406,64.46459352270975,0
DC,64.46459352270975,66.7669004342351,2
DC,66.7669004342351,69.06920734576045,0
DC,69.06920734576045,71.3715142572858,2
DC,71.3715142572858,73.67382116881114,0
DC,73.67382116881114,75.9761280803365,0
DC,75.9761280803365,78.27843499186184,1
DC,78.27843499186184,80.58074190338719,0
DC,80.58074190338719,82.88304881491254,1
DC,82.88304881491254,85.18535572643789,0
DC,85.18535572643789,87.48766263796324,0
DC,87.48766263796324,89.78996954948859,0
DC,89.78996954948859,92.09227646101394,3
Myeloid (other),0.0,18.643643643643642,151
Myeloid (other),18.643643643643642,37.287287287287285,79
Myeloid (other),37.287287287287285,55.93093093093093,27
Myeloid (other),55.93093093093093,74.57457457457457,15
Myeloid (other),74.57457457457457,93.21821821821821,6
Myeloid (other),93.21821821821821,111.86186186186185,7
Myeloid (other),111.86186186186185,130.50550550550548,4
Myeloid (other),130.50550550550548,149.14914914914914,3
Myeloid (other),149.14914914914914,167.7927927927928,2
Myeloid (other),167.7927927927928,186.43643643643642,1
Myeloid (other),186.43643643643642,205.08008008008005,0
Myeloid (other),205.08008008008005,223.7237237237237,0
Myeloid (other),223.7237237237237,242.36736736736736,0
Myeloid (other),242.36736736736736,261.01101101101096,0
Myeloid (other),261.01101101101096,279.6546546546546,0
Myeloid (other),279.6546546546546,298.2982982982983,0
Myeloid (other),298.2982982982983,316.94194194194193,1
Myeloid (other),316.94194194194193,335.5855855855856,0
Myeloid (other),335.5855855855856,354.2292292292292,0
Myeloid (other),354.2292292292292,372.87287287287285,0
Myeloid (other),372.87287287287285,391.5165165165165,0
Myeloid (other),391.5165165165165,410.1601601601601,1
Myeloid (other),410.1601601601601,428.80380380380376,0
Myeloid (other),428.80380380380376,447.4474474474474,0
Myeloid (other),447.4474474474474,466.0910910910911,0
Myeloid (other),466.0910910910911,484.73473473473473,0
Myeloid (other),484.73473473473473,503.37837837837833,0
Myeloid (other),503.37837837837833,522.0220220220219,0
Myeloid (other),522.0220220220219,540.6656656656656,0
Myeloid (other),540.6656656656656,559.3093093093092,0
Myeloid (other),559.3093093093092,577.952952952953,0
Myeloid (other),577.952952952953,596.5965965965966,0
Myeloid (other),596.5965965965966,615.2402402402402,0
Myeloid (other),615.2402402402402,633.8838838838839,1
Myeloid (other),633.8838838838839,652.5275275275275,0
Myeloid (other),652.5275275275275,671.1711711711712,0
Myeloid (other),671.1711711711712,689.8148148148148,0
Myeloid (other),689.8148148148148,708.4584584584584,0
Myeloid (other),708.4584584584584,727.1021021021021,0
Myeloid (other),727.1021021021021,745.7457457457457,1
Parenchyma,0.0,206.0252808009538,0
Parenchyma,206.0252808009538,412.0505616019076,0
Parenchyma,412.0505616019076,618.0758424028613,0
Parenchyma,618.0758424028613,824.1011232038152,0
Parenchyma,824.1011232038152,1030.126404004769,2
Parenchyma,1030.126404004769,1236.1516848057227,5
Parenchyma,1236.1516848057227,1442.1769656066765,4
Parenchyma,1442.1769656066765,1648.2022464076304,4
Parenchyma,1648.2022464076304,1854.2275272085842,9
Parenchyma,1854.2275272085842,2060.252808009538,3
Parenchyma,2060.252808009538,2266.2780888104917,6
Parenchyma,2266.2780888104917,2472.3033696114453,4
Parenchyma,2472.3033696114453,2678.3286504123994,4
Parenchyma,2678.3286504123994,2884.353931213353,2
Parenchyma,2884.353931213353,3090.379212014307,6
Parenchyma,3090.379212014307,3296.4044928152607,7
Parenchyma,3296.4044928152607,3502.4297736162143,9
Parenchyma,3502.4297736162143,3708.4550544171684,9
Parenchyma,3708.4550544171684,3914.480335218122,9
Parenchyma,3914.480335218122,4120.505616019076,12
Parenchyma,4120.505616019076,4326.53089682003,11
Parenchyma,4326.53089682003,4532.556177620983,15
Parenchyma,4532.556177620983,4738.581458421937,19
Parenchyma,4738.581458421937,4944.606739222891,20
Parenchyma,4944.606739222891,5150.632020023845,19
Parenchyma,5150.632020023845,5356.657300824799,20
Parenchyma,5356.657300824799,5562.682581625752,16
Parenchyma,5562.682581625752,5768.707862426706,14
Parenchyma,5768.707862426706,5974.73314322766,15
Parenchyma,5974.73314322766,6180.758424028614,8
Parenchyma,6180.758424028614,6386.783704829568,12
Parenchyma,6386.783704829568,6592.808985630521,11
Parenchyma,6592.808985630521,6798.834266431475,9
Parenchyma,6798.834266431475,7004.859547232429,9
Parenchyma,7004.859547232429,7210.884828033383,3
Parenchyma,7210.884828033383,7416.910108834337,0
Parenchyma,7416.910108834337,7622.93538963529,2
Parenchyma,7622.93538963529,7828.960670436244,0
Parenchyma,7828.960670436244,8034.985951237198,0
Parenchyma,8034.985951237198,8241.011232038152,1
ambiguous,0.0,12.352941176470589,172
ambiguous,12.352941176470589,24.705882352941178,50
ambiguous,24.705882352941178,37.05882352941177,37
ambiguous,37.05882352941177,49.411764705882355,11
ambiguous,49.411764705882355,61.76470588235294,9
ambiguous,61.76470588235294,74.11764705882354,1
ambiguous,74.11764705882354,86.47058823529412,0
ambiguous,86.47058823529412,98.82352941176471,4
ambiguous,98.82352941176471,111.1764705882353,2
ambiguous,111.1764705882353,123.52941176470588,2
ambiguous,123.52941176470588,135.88235294117646,2
ambiguous,135.88235294117646,148.23529411764707,2
ambiguous,148.23529411764707,160.58823529411765,0
ambiguous,160.58823529411765,172.94117647058823,0
ambiguous,172.94117647058823,185.29411764705884,2
ambiguous,185.29411764705884,197.64705882352942,0
ambiguous,197.64705882352942,210.0,0
ambiguous,210.0,222.3529411764706,1
ambiguous,222.3529411764706,234.7058823529412,1
ambiguous,234.7058823529412,247.05882352941177,0
ambiguous,247.05882352941177,259.4117647058824,0
ambiguous,259.4117647058824,271.7647058823529,2
ambiguous,271.7647058823529,284.11764705882354,0
ambiguous,284.11764705882354,296.47058823529414,0
ambiguous,296.47058823529414,308.8235294117647,0
ambiguous,308.8235294117647,321.1764705882353,0
ambiguous,321.1764705882353,333.5294117647059,0
ambiguous,333.5294117647059,345.88235294117646,0
ambiguous,345.88235294117646,358.2352941176471,0
ambiguous,358.2352941176471,370.5882352941177,0
ambiguous,370.5882352941177,382.94117647058823,0
ambiguous,382.94117647058823,395.29411764705884,0
ambiguous,395.29411764705884,407.64705882352945,0
ambiguous,407.64705882352945,420.0,0
ambiguous,420.0,432.3529411764706,0
ambiguous,432.3529411764706,444.7058823529412,0
ambiguous,444.7058823529412,457.05882352941177,0
ambiguous,457.05882352941177,469.4117647058824,0
ambiguous,469.4117647058824,481.764705882353,0
ambiguous,481.764705882353,494.11764705882354,1
