donor,region,roi,panel,area_mm2,n_cells,density_Endothelial,density_Fibroblast,density_Macrophage,density_CD8 T,density_CD4 T,density_Treg,density_B cell,density_NK,density_Monocyte,density_DC,density_Myeloid (other),density_Parenchyma,density_ambiguous
HPAP-004,Body of pancreas,ROI1,CD11b,0.999999,8253,418.000418000418,1419.001419001419,231.000231000231,46.000046000046,30.00003000003,10.00001000001,25.000025000025,22.000022000022,153.000153000153,43.000043000043,43.000043000043,5776.005776005776,37.000037000037004
HPAP-004,Body of pancreas,ROI3,CD11b,0.999999,7630,974.000974000974,820.00082000082,1212.001212001212,249.000249000249,113.000113000113,93.000093000093,94.00009400009401,102.000102000102,91.000091000091,17.000017000017,51.000051000051,3547.0035470035473,267.000267000267
HPAP-004,Body of pancreas,ROI4,CD11b,1.003002,8598,541.3747928717988,1382.8486882379098,267.1978719882912,23.928167640742494,31.90422352098999,25.922181610804365,51.84436322160873,15.952111760494995,134.59594297917653,49.85034925154686,57.82640513179436,5957.11673555985,31.90422352098999
HPAP-004,Head of pancreas,ROI1,CD11b,1.001,8218,416.58341658341664,1068.9310689310691,250.74925074925076,22.97702297702298,35.964035964035965,82.91708291708292,33.96603396603397,25.974025974025977,188.81118881118883,39.960039960039964,63.936063936063945,5928.071928071929,50.94905094905096
HPAP-004,Head of pancreas,ROI2,CD11b,0.999,6819,292.2922922922923,1819.8198198198197,220.22022022022023,72.07207207207207,58.05805805805806,17.017017017017018,21.02102102102102,22.02202202202202,64.06406406406407,41.04104104104104,36.03603603603604,4131.131131131131,31.03103103103103
HPAP-004,Head of pancreas,ROI3,CD11b,1.004003,8034,308.7640176373975,1587.6446584322955,317.72813427848325,62.74881648760014,34.8604536042223,36.852479524463575,15.936207361930194,21.912285122654016,90.63717937097798,66.73286832808269,61.7528035274795,5363.52979024963,32.868427683981025
HPAP-004,Tail of pancreas,ROI1,CD11b,1.001,7684,509.49050949050957,1476.5234765234766,150.84915084915087,29.970029970029973,30.96903096903097,18.981018981018984,27.972027972027973,7.992007992007993,93.90609390609391,23.976023976023978,27.972027972027973,5259.740259740261,17.982017982017982
HPAP-004,Tail of pancreas,ROI2,CD11b,1.001,9335,1142.857142857143,852.1478521478523,162.83716283716285,29.970029970029973,22.97702297702298,27.972027972027973,26.973026973026975,10.98901098901099,134.86513486513488,11.988011988011989,28.971028971028975,6846.153846153847,26.973026973026975
HPAP-004,Tail of pancreas,ROI3,CD11b,1.001,9120,2286.713286713287,732.2677322677323,147.85214785214788,39.960039960039964,35.964035964035965,16.983016983016984,20.97902097902098,6.993006993006993,79.92007992007993,10.98901098901099,13.986013986013987,5688.311688311689,29.970029970029973
HPAP-005,Body of pancreas,ROI1,CD11b,1.0,4833,277.0,790.0,63.0,94.0,57.0,67.0,72.0,51.0,668.0,14.0,147.0,2316.0,217.0
HPAP-005,Body of pancreas,ROI2,CD11b,1.002001,5698,349.30104860174794,1036.925112849189,74.85022470037455,14.970044940074912,85.82825765642949,122.75436850861428,64.87019474032462,61.87618575230963,918.1627563245945,9.98002996004994,84.8302546604245,2593.8097866169796,268.4628059253434
HPAP-005,Body of pancreas,ROI3,CD11b,1.002001,4700,265.4687969373284,923.1527713046195,36.926110852184785,5.9880179760299646,81.83624567240952,96.80629061248443,68.86220672434459,56.886170772284665,688.6220672434459,1.9960059920099882,146.70644041273414,2094.8082886144825,222.5546681091137
HPAP-005,Head of pancreas,ROI1,CD11b,1.002001,6800,408.18322536604256,1576.8447336878908,5.9880179760299646,0.0,0.0,0.0,11.976035952059929,8.982026964044946,42.91412882821474,1.9960059920099882,30.938092876154816,4698.598105191512,0.0
HPAP-005,Head of pancreas,ROI2,CD11b,1.001,6366,390.60939060939063,1631.3686313686314,1.9980019980019983,1.9980019980019983,0.0,0.0,1.9980019980019983,6.993006993006993,28.971028971028975,0.9990009990009991,27.972027972027973,4254.745254745255,11.988011988011989
HPAP-005,Head of pancreas,ROI3,CD11b,1.001,4863,235.7642357642358,1323.6763236763238,9.990009990009991,9.990009990009991,0.9990009990009991,6.993006993006993,0.0,1.9980019980019983,9.990009990009991,0.9990009990009991,12.987012987012989,3234.765234765235,9.990009990009991
HPAP-005,Tail of pancreas,ROI1,CD11b,1.0,1352,104.0,300.0,8.0,5.0,0.0,0.0,0.0,0.0,3.0,0.0,3.0,926.0,3.0
HPAP-005,Tail of pancreas,ROI2,CD11b,1.0,1752,130.0,313.0,37.0,1.0,3.0,5.0,5.0,4.0,30.0,2.0,4.0,1202.0,16.0
HPAP-006,Body of pancreas,ROI4,CD11b,1.001,3337,254.74525474525478,482.51748251748256,57.94205794205795,51.948051948051955,8.991008991008991,16.983016983016984,10.98901098901099,15.984015984015986,44.95504495504496,0.0,9.990009990009991,2369.63036963037,8.991008991008991
HPAP-006,Body of pancreas,ROI5,CD11b,1.0,5816,527.0,798.0,76.0,76.0,1.0,23.0,5.0,17.0,33.0,7.0,9.0,4225.0,19.0
HPAP-006,Body of pancreas,ROI6,CD11b,1.002001,4570,450.09935119825235,653.6919623832712,47.904143808239716,60.87818275630464,2.9940089880149823,1.9960059920099882,3.9920119840199764,2.9940089880149823,24.950074900124854,1.9960059920099882,5.9880179760299646,3297.4018988005005,5.9880179760299646
HPAP-006,Head of pancreas,ROI1,CD11b,1.00028,5637,401.88747150797775,703.80293517815,102.97116807293958,44.98740352701243,23.993281881073298,35.989922821609944,57.98376454592714,27.992162194585514,126.96444995401286,0.9997200783780541,3.9988803135122164,4075.8587595473264,27.992162194585514
HPAP-006,Head of pancreas,ROI2,CD11b,0.999999,4018,347.000347000347,461.00046100046103,81.000081000081,47.000047000047005,9.000009000009,9.000009000009,29.000029000029002,12.000012000012001,57.000057000057005,1.000001000001,6.0000060000060005,2953.0029530029533,6.0000060000060005
HPAP-006,Head of pancreas,ROI3,CD11b,1.1,5239,357.27272727272725,627.2727272727273,110.9090909090909,73.63636363636363,10.909090909090908,20.909090909090907,17.27272727272727,17.27272727272727,46.36363636363636,5.454545454545454,8.181818181818182,3437.272727272727,29.999999999999996
HPAP-006,Tail of pancreas,ROI1,CD11b,1.002001,2132,198.60259620499383,199.60059920099883,16.9660509320849,39.92011984019976,0.9980029960049941,0.9980029960049941,7.984023968039953,0.9980029960049941,6.986020972034958,1.9960059920099882,3.9920119840199764,1634.7289074561804,13.972041944069916
HPAP-006,Tail of pancreas,ROI2,CD11b,1.001,2822,160.83916083916085,429.5704295704296,19.980019980019982,31.968031968031973,0.9990009990009991,0.9990009990009991,0.0,0.9990009990009991,7.992007992007993,0.9990009990009991,0.9990009990009991,2162.837162837163,0.9990009990009991
HPAP-006,Tail of pancreas,ROI3,CD11b,1.001,2135,108.8911088911089,303.69630369630374,33.96603396603397,28.971028971028975,0.0,4.9950049950049955,1.9980019980019983,5.994005994005994,3.9960039960039966,0.0,2.997002997002997,1634.3656343656346,2.997002997002997
HPAP-011,Body of pancreas,ROI1,CD11b,0.999999,4241,1850.00185000185,547.000547000547,72.000072000072,14.000014000014,7.000007000007,1.000001000001,2.000002000002,1.000001000001,12.000012000012001,8.000008000008,12.000012000012001,1705.001705001705,10.00001000001
HPAP-011,Body of pancreas,ROI2,CD11b,1.002001,2584,1158.681478361798,229.54068908114863,32.9340988681648,8.982026964044946,6.986020972034958,0.0,0.9980029960049941,3.9920119840199764,18.962056924094888,2.9940089880149823,9.98002996004994,1094.8092866174786,9.98002996004994
HPAP-011,Body of pancreas,ROI3,CD11b,1.002001,1625,48.90214680424471,186.6265602529339,16.9660509320849,4.99001498002497,2.9940089880149823,0.9980029960049941,2.9940089880149823,2.9940089880149823,8.982026964044946,1.9960059920099882,5.9880179760299646,1330.3379936746571,6.986020972034958
HPAP-011,Head of pancreas,ROI1,CD11b,1.001,1876,138.86113886113887,187.81218781218783,46.95304695304696,75.92407592407594,14.985014985014987,18.981018981018984,11.988011988011989,27.972027972027973,255.74425574425578,6.993006993006993,43.95604395604396,985.0149850149851,58.94105894105895
HPAP-011,Head of pancreas,ROI2,CD11b,1.0,3631,1273.0,450.0,107.0,54.0,9.0,4.0,1.0,2.0,45.0,6.0,10.0,1657.0,13.0
HPAP-011,Head of pancreas,ROI3,CD11b,1.0,2296,671.0,354.0,32.0,5.0,7.0,1.0,2.0,1.0,5.0,2.0,2.0,1210.0,4.0
HPAP-011,Tail of pancreas,ROI1,CD11b,0.999,2979,340.34034034034033,403.4034034034034,42.04204204204204,10.01001001001001,11.01101101101101,0.0,4.004004004004004,3.003003003003003,11.01101101101101,3.003003003003003,2.002002002002002,2142.1421421421423,10.01001001001001
HPAP-011,Tail of pancreas,ROI2,CD11b,1.2012,4680,416.2504162504162,472.86047286047284,89.07758907758907,19.98001998001998,19.98001998001998,7.492507492507492,4.995004995004995,2.4975024975024973,15.817515817515817,4.995004995004995,1.665001665001665,2822.1778221778222,18.315018315018314
HPAP-011,Tail of pancreas,ROI3,CD11b,1.2,4931,532.5,455.0,99.16666666666667,12.5,6.666666666666667,2.5,6.666666666666667,0.8333333333333334,20.0,5.0,0.8333333333333334,2944.166666666667,23.333333333333336
HPAP-012,Body of pancreas,ROI1,CD11b,1.004003,10119,579.6795427902108,851.5910809031448,182.2703717020766,32.868427683981025,26.892349923257203,2.9880388803619113,7.968103680965097,23.90431104289529,69.7209072084446,7.968103680965097,24.90032400301593,8241.011232038152,26.892349923257203
HPAP-012,Body of pancreas,ROI2,CD11b,1.001,7159,351.6483516483517,810.1898101898103,57.94205794205795,55.94405594405595,22.97702297702298,1.9980019980019983,1.9980019980019983,0.0,18.981018981018984,3.9960039960039966,14.985014985014987,5796.203796203797,14.985014985014987
HPAP-012,Body of pancreas,ROI3,CD11b,1.001,8778,524.4755244755245,844.1558441558442,53.94605394605395,44.95504495504496,24.97502497502498,5.994005994005994,0.9990009990009991,12.987012987012989,22.97702297702298,5.994005994005994,28.971028971028975,7188.81118881119,9.990009990009991
HPAP-012,Head of pancreas,ROI1,CD11b,1.15115,8750,573.3397037744865,1282.1960648047607,122.4862094427312,19.11132345914955,17.37393041740868,1.737393041740868,8.68696520870434,0.0,46.909612127003435,6.0808756460930375,6.0808756460930375,5501.455066672458,15.636537375667812
HPAP-012,Head of pancreas,ROI2,CD11b,1.002,3085,653.692614770459,363.27345309381235,47.90419161676647,145.70858283433134,28.942115768463072,18.962075848303392,3.992015968063872,1.996007984031936,34.930139720558884,0.998003992015968,6.986027944111776,1756.4870259481038,14.970059880239521
HPAP-012,Head of pancreas,ROI3,CD11b,1.004004,7664,445.2173497316744,1624.4955199381677,113.54536436109818,26.89232313815483,10.956131648877895,2.9880359042394256,3.984047872319234,5.976071808478851,35.85643085087311,13.94416755311732,18.92422739351636,5318.703909546178,11.952143616957702
HPAP-012,Tail of pancreas,ROI1,CD11b,1.002,8917,544.9101796407185,964.0718562874251,91.81636726546907,38.92215568862275,19.960079840319363,0.998003992015968,8.982035928143713,4.990019960079841,31.936127744510976,11.976047904191617,7.984031936127744,7154.690618762475,17.964071856287426
HPAP-012,Tail of pancreas,ROI2,CD11b,1.003002,6587,305.0841374194668,893.3182585877197,291.12603962903364,57.82640513179436,23.928167640742494,1.9940139700618744,14.955104775464058,9.970069850309372,18.943132715587808,7.976055880247498,16.949118745525933,4903.280352382149,21.93415367068062
HPAP-012,Tail of pancreas,ROI3,CD11b,1.003002,9023,550.3478557370773,1051.8423692076387,203.38942494631118,27.91619558086624,13.95809779043312,6.97904889521656,11.964083820371247,16.949118745525933,65.80246101204186,12.961090805402183,20.93714668564968,6985.030937126746,27.91619558086624
HPAP-014,Body of pancreas,ROI1,CD11b,1.001,3801,236.7632367632368,780.2197802197803,47.952047952047955,56.94305694305695,16.983016983016984,7.992007992007993,2.997002997002997,7.992007992007993,31.968031968031973,1.9980019980019983,1.9980019980019983,2590.4095904095907,12.987012987012989
HPAP-014,Body of pancreas,ROI2,CD11b,1.002001,7068,420.1592613181025,1326.3459816906372,86.82626065243448,56.886170772284665,10.978032956054935,0.9980029960049941,16.9660509320849,28.942086884144828,58.88217676429465,14.970044940074912,23.952071904119858,5002.989018973035,4.99001498002497
HPAP-014,Body of pancreas,ROI3,CD11b,1.002,5656,388.2235528942116,1265.4690618762475,66.86626746506985,47.90419161676647,7.984031936127744,0.998003992015968,5.9880239520958085,11.976047904191617,23.952095808383234,6.986027944111776,13.972055888223553,3800.3992015968065,3.992015968063872
HPAP-014,Head of pancreas,ROI1,CD11b,1.0,6183,427.0,1698.0,60.0,59.0,18.0,5.0,8.0,8.0,45.0,8.0,15.0,3817.0,15.0
HPAP-014,Head of pancreas,ROI2,CD11b,1.0,3193,224.0,729.0,39.0,37.0,5.0,0.0,7.0,6.0,28.0,4.0,11.0,2102.0,1.0
HPAP-014,Head of pancreas,ROI3,CD11b,1.0,5752,385.0,1509.0,44.0,45.0,17.0,15.0,1.0,3.0,32.0,0.0,5.0,3688.0,8.0
HPAP-014,Tail of pancreas,ROI1,CD11b,1.003002,6712,438.68307341361236,1478.5613588008798,359.9195215961683,122.63185915880527,23.928167640742494,5.9820419101856235,28.91320256589718,18.943132715587808,134.59594297917653,41.87429337129936,56.82939814676342,3974.0698423333156,6.97904889521656
HPAP-014,Tail of pancreas,ROI2,CD11b,1.003002,6551,459.62022009926204,1503.4865334266533,94.71566357793903,81.75457277253685,47.85633528148499,35.89225146111374,15.952111760494995,26.919188595835305,103.68872644321746,28.91320256589718,19.940139700618744,4063.8004709860998,48.853342266515924
HPAP-014,Tail of pancreas,ROI3,CD11b,1.001,3402,229.7702297702298,874.1258741258742,142.85714285714286,141.85814185814186,118.8811188811189,8.991008991008991,28.971028971028975,2.997002997002997,58.94105894105895,23.976023976023978,53.94605394605395,1646.3536463536466,66.93306693306694
HPAP-018,Body of pancreas,ROI1,CD11b,1.001,7559,339.6603396603397,595.4045954045955,37.96203796203797,53.94605394605395,7.992007992007993,0.0,7.992007992007993,5.994005994005994,10.98901098901099,2.997002997002997,1.9980019980019983,6477.522477522478,8.991008991008991
HPAP-018,Body of pancreas,ROI2,CD11b,1.002001,6320,181.63654527290893,851.29655559226,38.92211684419477,29.940089880149824,1.9960059920099882,7.984023968039953,6.986020972034958,3.9920119840199764,25.948077896129845,5.9880179760299646,8.982026964044946,5133.7274114496895,9.98002996004994
HPAP-018,Body of pancreas,ROI3,CD11b,1.0,4732,2328.0,257.0,22.0,19.0,3.0,6.0,1.0,1.0,0.0,6.0,5.0,2073.0,11.0
HPAP-018,Head of pancreas,ROI1,CD11b,1.001,7095,370.62937062937067,1167.832167832168,19.980019980019982,24.97502497502498,9.990009990009991,18.981018981018984,12.987012987012989,1.9980019980019983,22.97702297702298,3.9960039960039966,0.9990009990009991,5423.5764235764245,8.991008991008991
HPAP-018,Head of pancreas,ROI2,CD11b,1.001,8071,367.6323676323677,1770.2297702297703,75.92407592407594,70.92907092907093,10.98901098901099,38.961038961038966,32.96703296703297,9.990009990009991,41.95804195804196,16.983016983016984,13.986013986013987,5593.406593406594,18.981018981018984
HPAP-018,Tail of pancreas,ROI4,CD11b,0.999,6005,196.19619619619618,647.6476476476477,29.02902902902903,57.05705705705706,13.013013013013014,18.01801801801802,8.008008008008009,2.002002002002002,2.002002002002002,33.033033033033036,13.013013013013014,4963.963963963964,28.02802802802803
HPAP-018,Tail of pancreas,ROI5,CD11b,1.001,5735,3534.465534465535,118.8811188811189,64.93506493506494,63.936063936063945,18.981018981018984,30.96903096903097,15.984015984015986,4.9950049950049955,0.0,51.948051948051955,41.95804195804196,1739.2607392607395,42.957042957042965
HPAP-026,Head of pancreas,ROI1,CD11b,1.0,3963,297.0,1250.0,199.0,40.0,18.0,1.0,3.0,5.0,27.0,19.0,14.0,2079.0,11.0
HPAP-026,Head of pancreas,ROI2,CD11b,0.998998,8112,614.6158450767668,1998.001998001998,113.11333956624537,34.034102170374716,22.022066110242463,0.0,7.007021035077147,20.02006010022042,6.006018030066126,92.09227646101394,45.04513522549595,5161.171493836824,7.007021035077147
HPAP-026,Head of pancreas,ROI3,CD11b,1.442401,9963,563.643536020843,2138.101679075375,136.5778309915204,39.51744348485615,18.025500536951927,0.0,3.466442410952294,8.319461786285506,32.584558662951565,20.105365983523306,29.11811625199927,3904.600731696664,13.172481161618718
HPAP-026,Tail of pancreas,ROI1,CD11b,0.998998,8465,770.7723138584862,2595.6007919935773,426.42728013469497,89.08926744598087,38.038114190418796,1.001003005011021,0.0,16.016048080176336,111.11133355622333,91.09127345600291,48.048144240529005,4256.264777306861,30.03009015033063
HPAP-026,Tail of pancreas,ROI2,CD11b,0.998998,8290,697.6990944926816,2553.5586657831145,406.4072200344745,113.11333956624537,62.0621863106833,3.003009015033063,7.007021035077147,34.034102170374716,101.10130350611313,53.053159265584114,36.03610818039675,4201.209612031255,30.03009015033063
HPAP-026,Tail of pancreas,ROI3,CD11b,1.201,8964,510.40799333888424,2437.9683597002495,169.0258118234804,70.77435470441299,29.142381348875936,0.832639467110741,4.163197335553705,7.493755203996669,24.97918401332223,36.63613655287261,25.81182348043297,4136.552872606161,9.991673605328891
HPAP-027,Body of pancreas,ROI1,CD11b,1.001,6588,476.5234765234766,1107.892107892108,110.8891108891109,40.95904095904096,24.97502497502498,5.994005994005994,14.985014985014987,48.95104895104895,13.986013986013987,65.93406593406594,72.92707292707294,4578.4215784215785,18.981018981018984
HPAP-027,Body of pancreas,ROI2,CD11b,1.0,6669,337.0,1053.0,16.0,176.0,77.0,3.0,121.0,1.0,0.0,19.0,1.0,4854.0,11.0
HPAP-027,Body of pancreas,ROI3,CD11b,1.0,6389,481.0,1282.0,33.0,54.0,28.0,1.0,4.0,11.0,11.0,30.0,19.0,4433.0,2.0
HPAP-027,Head of pancreas,ROI1,CD11b,1.0,3079,329.0,572.0,74.0,48.0,6.0,5.0,1.0,13.0,59.0,5.0,7.0,1958.0,2.0
HPAP-027,Head of pancreas,ROI2,CD11b,1.001,4287,457.5424575424576,895.1048951048951,55.94405594405595,26.973026973026975,23.976023976023978,22.97702297702298,1.9980019980019983,9.990009990009991,94.90509490509491,1.9980019980019983,6.993006993006993,2667.332667332668,16.983016983016984
HPAP-027,Head of pancreas,ROI3,CD11b,1.001,5756,586.4135864135865,1565.4345654345657,53.94605394605395,50.94905094905096,22.97702297702298,1.9980019980019983,4.9950049950049955,23.976023976023978,5.994005994005994,40.95904095904096,49.95004995004996,3334.665334665335,7.992007992007993
HPAP-034,Body of pancreas,ROI1,CD163,0.972816,4358,548.9218927320275,591.0675811253104,34.950083057844445,17.475041528922223,10.27943619348366,9.251492574135293,7.195605335438562,9.251492574135293,33.922139438496075,2.055887238696732,0.0,3210.267923224947,5.13971809674183
HPAP-034,Body of pancreas,ROI2,CD163,1.51683,6307,433.7994369837095,510.93398732883713,27.03005610384816,28.348595425987092,22.415168476361888,5.274157288555738,2.637078644277869,10.548314577111476,44.830336952723776,4.614887627486271,1.9778089832084018,3050.440721768425,15.163202204597747
HPAP-034,Body of pancreas,ROI3,CD163,1.102144,5616,543.4861506300447,639.6623308750943,39.92218802624702,34.478253295395156,28.12699610940131,5.443934730851867,4.5366122757098895,9.073224551419779,29.941641019685267,0.9073224551419778,0.9073224551419778,3742.7051274606583,16.3318041925556
HPAP-034,Head of pancreas,ROI1,CD163,1.0,5058,527.0,486.0,35.0,19.0,22.0,5.0,12.0,11.0,28.0,0.0,3.0,3893.0,17.0
HPAP-034,Head of pancreas,ROI2,CD163,1.1,7018,759.9999999999999,492.7272727272727,39.090909090909086,28.18181818181818,35.45454545454545,11.818181818181817,10.0,18.18181818181818,61.81818181818181,1.8181818181818181,2.727272727272727,4896.363636363636,21.818181818181817
HPAP-034,Head of pancreas,ROI3,CD163,1.02,5145,594.1176470588235,500.98039215686276,69.6078431372549,43.13725490196078,18.627450980392158,0.9803921568627451,5.88235294117647,13.72549019607843,1.9607843137254901,0.0,0.9803921568627451,3790.1960784313724,3.9215686274509802
HPAP-034,Tail of pancreas,ROI1,CD163,1.0,2024,342.0,240.0,48.0,9.0,12.0,4.0,23.0,7.0,33.0,4.0,6.0,1289.0,7.0
HPAP-034,Tail of pancreas,ROI2,CD163,1.0,4780,713.0,855.0,66.0,38.0,28.0,12.0,11.0,11.0,24.0,2.0,8.0,2976.0,36.0
HPAP-034,Tail of pancreas,ROI3,CD163,1.02,2861,502.94117647058823,364.70588235294116,23.52941176470588,9.803921568627452,25.49019607843137,12.745098039215685,1.9607843137254901,8.823529411764707,29.41176470588235,0.0,4.901960784313726,1793.1372549019607,27.45098039215686
HPAP-034,Tail of pancreas,ROI4,CD163,1.0,2149,401.0,265.0,67.0,13.0,11.0,0.0,6.0,10.0,15.0,0.0,4.0,1350.0,7.0
HPAP-035,Body of pancreas,ROI1,CD11b,1.003002,5165,508.473562365778,783.6474902343166,46.859328296454045,101.69471247315559,69.7904889521656,1.9940139700618744,169.4911874552593,4.985034925154686,359.9195215961683,5.9820419101856235,107.67675438334122,2980.0538782574713,8.973062865278434
HPAP-035,Body of pancreas,ROI2,CD11b,0.999996,4120,327.00130800523203,559.002236008944,32.000128000512,69.000276001104,47.000188000752004,141.000564002256,32.000128000512,1.000004000016,214.00085600342402,4.000016000064,38.000152000608004,2560.01024004096,96.000384001536
HPAP-035,Body of pancreas,ROI3,CD11b,0.999996,5561,416.00166400665603,757.003028012112,52.000208000832004,0.0,5.00002000008,0.0,250.00100000400002,7.0000280001120005,381.001524006096,12.000048000192,403.001612006448,3275.0131000524,3.000012000048
HPAP-035,Head of pancreas,ROI1,CD11b,1.002,4972,292.41516966067866,826.3473053892216,29.940119760479043,60.87824351297405,109.78043912175649,3.992015968063872,83.83233532934132,3.992015968063872,137.7245508982036,6.986027944111776,182.63473053892216,3194.6107784431138,28.942115768463072
HPAP-035,Head of pancreas,ROI2,CD11b,1.002,6129,481.0379241516966,1157.6846307385229,1.996007984031936,41.91616766467066,21.956087824351297,6.986027944111776,0.998003992015968,1.996007984031936,6.986027944111776,0.0,0.0,4395.209580838324,0.0
HPAP-035,Head of pancreas,ROI3,CD11b,1.002,6261,365.2694610778443,1145.7085828343313,12.974051896207584,67.86427145708583,29.940119760479043,2.9940119760479043,7.984031936127744,4.990019960079841,25.948103792415168,0.0,2.9940119760479043,4580.838323353293,0.998003992015968
HPAP-035,Tail of pancreas,ROI1,CD11b,1.002001,3664,300.39890179750324,1350.298053594757,32.9340988681648,102.7943085885144,143.71243142471914,24.950074900124854,10.978032956054935,0.0,11.976035952059929,17.964053928089893,47.904143808239716,1563.8706947398257,48.90214680424471
HPAP-035,Tail of pancreas,ROI2,CD11b,0.999999,4252,259.000259000259,1666.001666001666,6.0000060000060005,52.000052000052,169.000169000169,4.000004000004,3.0000030000030002,23.000023000023,28.000028000028,6.0000060000060005,21.000021000021,1974.001974001974,41.000041000041
HPAP-035,Tail of pancreas,ROI3,CD11b,1.002001,3943,223.55267110511866,1707.5831261645449,4.99001498002497,53.89216178426968,141.71642543270917,2.9940089880149823,0.9980029960049941,0.9980029960049941,8.982026964044946,0.9980029960049941,12.974038948064923,1762.4732909448196,12.974038948064923
HPAP-036,Body of pancreas,ROI1,CD11b,1.0,8634,921.0,1811.0,0.0,0.0,1.0,0.0,1.0,0.0,2.0,0.0,1.0,5897.0,0.0
HPAP-036,Body of pancreas,ROI2,CD11b,1.001,8005,952.0479520479522,1665.3346653346655,0.0,0.0,0.0,0.0,0.0,0.0,1.9980019980019983,0.0,0.0,5377.622377622378,0.0
HPAP-036,Body of pancreas,ROI3,CD11b,1.001,8372,604.3956043956044,2100.899100899101,4.9950049950049955,0.0,1.9980019980019983,0.0,26.973026973026975,0.9990009990009991,2.997002997002997,8.991008991008991,14.985014985014987,5596.403596403597,0.0
HPAP-036,Head of pancreas,ROI1,CD11b,1.002001,7743,679.640040279401,2281.4348488674163,22.954068908114863,23.952071904119858,32.9340988681648,11.976035952059929,1.9960059920099882,0.0,0.9980029960049941,4.99001498002497,9.98002996004994,4637.719922435207,18.962056924094888
HPAP-036,Head of pancreas,ROI2,CD11b,1.002001,8228,634.7299054591763,2498.0014990005,18.962056924094888,39.92011984019976,40.91812283620476,0.0,0.0,7.984023968039953,16.9660509320849,9.98002996004994,7.984023968039953,4919.156767308616,16.9660509320849
HPAP-036,Head of pancreas,ROI3,CD11b,1.002001,7624,601.7958065910115,2284.4288578554315,42.91412882821474,21.95606591210987,29.940089880149824,1.9960059920099882,17.964053928089893,0.9980029960049941,2.9940089880149823,12.974038948064923,6.986020972034958,4572.849727694883,10.978032956054935
HPAP-036,Tail of pancreas,ROI1,CD11b,0.999,8170,553.5535535535536,1728.7287287287288,139.13913913913913,1.001001001001001,2.002002002002002,0.0,235.23523523523522,3.003003003003003,71.07107107107107,71.07107107107107,310.3103103103103,5061.061061061061,2.002002002002002
HPAP-036,Tail of pancreas,ROI2,CD11b,0.999,7735,571.5715715715716,1946.946946946947,0.0,0.0,0.0,0.0,4.004004004004004,0.0,0.0,0.0,1.001001001001001,5219.21921921922,0.0
HPAP-036,Tail of pancreas,ROI3,CD11b,0.999,8354,504.5045045045045,1718.7187187187187,215.2152152152152,17.017017017017018,17.017017017017018,3.003003003003003,329.3293293293293,7.007007007007007,121.12112112112112,92.09209209209209,745.7457457457457,4578.578578578578,13.013013013013014
HPAP-037,Body of pancreas,ROI1,CD163,1.21,8477,626.4462809917355,938.0165289256198,59.50413223140496,54.54545454545455,30.578512396694215,4.958677685950414,3.3057851239669422,11.570247933884298,60.3305785123967,1.6528925619834711,4.958677685950414,5173.553719008265,36.36363636363637
HPAP-037,Body of pancreas,ROI2,CD163,1.0,6482,691.0,911.0,93.0,46.0,7.0,0.0,45.0,23.0,67.0,7.0,19.0,4569.0,4.0
HPAP-037,Body of pancreas,ROI3,CD163,1.32,9315,680.3030303030303,921.9696969696969,62.12121212121212,59.848484848484844,18.18181818181818,0.7575757575757576,32.57575757575757,13.636363636363635,68.18181818181817,1.5151515151515151,12.878787878787879,5183.333333333333,1.5151515151515151
HPAP-037,Head of pancreas,ROI1,CD163,1.2,8093,699.1666666666667,960.8333333333334,60.833333333333336,59.16666666666667,35.0,15.833333333333334,0.8333333333333334,19.166666666666668,66.66666666666667,7.5,5.0,4785.833333333334,28.333333333333336
HPAP-037,Head of pancreas,ROI2,CD163,1.84,10717,681.5217391304348,820.1086956521739,40.76086956521739,46.73913043478261,29.891304347826086,7.065217391304348,0.0,12.5,30.978260869565215,0.5434782608695652,2.717391304347826,4128.804347826087,22.82608695652174
HPAP-037,Head of pancreas,ROI3,CD163,1.0,5486,440.0,659.0,37.0,56.0,22.0,1.0,1.0,17.0,24.0,1.0,1.0,4202.0,25.0
HPAP-037,Tail of pancreas,ROI1,CD163,1.0,4191,606.0,409.0,47.0,81.0,24.0,22.0,1.0,6.0,23.0,3.0,2.0,2953.0,14.0
HPAP-037,Tail of pancreas,ROI2,CD163,1.287088,2507,333.31054286886365,225.31481918874235,20.977586614124288,42.73212088062355,6.992528871374763,9.323371828499683,0.0,10.100319480874656,26.4162201807491,1.553895304749947,3.884738261874868,1257.1013015427072,10.100319480874656
HPAP-037,Tail of pancreas,ROI3,CD163,2.331199,5378,770.4189989786372,283.1161132104123,21.877154202622773,27.882647513146672,8.579276157891284,7.292384734207591,0.0,6.863420926313027,1.2868914236836926,0.0,0.4289638078945642,1172.7870507837383,6.434457118418463
HPAP-039,Body of pancreas,ROI3,CD11b,0.99,5948,434.34343434343435,1756.5656565656566,41.41414141414141,117.17171717171718,141.41414141414143,21.21212121212121,11.11111111111111,16.161616161616163,33.333333333333336,10.1010101010101,34.343434343434346,3359.59595959596,31.313131313131315
HPAP-039,Body of pancreas,ROI4,CD11b,0.999,6377,422.4224224224224,1315.3153153153153,64.06406406406407,149.14914914914914,201.2012012012012,19.01901901901902,5.005005005005005,6.006006006006006,39.03903903903904,15.015015015015015,58.05805805805806,4035.035035035035,54.054054054054056
HPAP-039,Body of pancreas,ROI5,CD11b,1.001,8205,452.5474525474526,2692.3076923076924,39.960039960039964,183.81618381618384,234.7652347652348,9.990009990009991,12.987012987012989,30.96903096903097,48.95104895104895,9.990009990009991,36.96303696303697,4402.597402597403,40.95904095904096
HPAP-039,Head of pancreas,ROI1,CD11b,1.00125,8295,661.1735330836455,2211.23595505618,167.79026217228466,253.6828963795256,260.6741573033708,25.967540574282147,45.94257178526841,19.975031210986266,91.88514357053683,47.940074906367045,97.8776529338327,4339.575530586767,60.923845193508114
HPAP-039,Head of pancreas,ROI2,CD11b,1.04595,7955,597.5429035804771,2285.9601319374733,120.46464936182419,200.77441560304032,230.41254362063196,11.47282374874516,3.8242745829150535,19.121372914575268,76.48549165830107,14.341029685931451,34.418471246235484,3957.1681246713515,53.53984416081075
HPAP-039,Head of pancreas,ROI4,CD11b,1.0,8647,674.0,2567.0,77.0,211.0,270.0,30.0,5.0,15.0,46.0,8.0,38.0,4656.0,50.0
HPAP-039,Tail of pancreas,ROI1,CD11b,0.999999,7174,399.000399000399,1397.001397001397,30.00003000003,165.000165000165,119.000119000119,130.00013000013,5.000005000005,17.000017000017,39.000039000039,8.000008000008,29.000029000029002,4809.004809004809,27.000027000027
HPAP-039,Tail of pancreas,ROI2,CD11b,1.001,8569,467.5324675324676,2304.695304695305,39.960039960039964,218.7812187812188,258.7412587412588,8.991008991008991,13.986013986013987,6.993006993006993,53.94605394605395,30.96903096903097,63.936063936063945,5048.951048951049,42.957042957042965
HPAP-039,Tail of pancreas,ROI3,CD11b,1.001,8170,510.48951048951056,2064.9350649350654,36.96303696303697,191.80819180819182,199.80019980019983,13.986013986013987,11.988011988011989,8.991008991008991,33.96603396603397,8.991008991008991,16.983016983016984,5030.969030969031,31.968031968031973
HPAP-040,Body of pancreas,ROI1,CD163,1.0,5227,538.0,1023.0,64.0,27.0,11.0,4.0,8.0,8.0,31.0,4.0,10.0,3466.0,33.0
HPAP-040,Body of pancreas,ROI2,CD163,1.105,3574,512.2171945701358,652.4886877828054,28.959276018099548,28.959276018099548,15.384615384615385,1.8099547511312217,6.334841628959276,1.8099547511312217,21.71945701357466,0.9049773755656109,0.9049773755656109,1940.2714932126696,22.624434389140273
HPAP-040,Body of pancreas,ROI3,CD163,1.0,2935,440.0,608.0,31.0,35.0,1.0,0.0,7.0,12.0,22.0,8.0,10.0,1757.0,4.0
HPAP-040,Head of pancreas,ROI1,CD163,1.61,7550,516.7701863354037,812.4223602484471,90.6832298136646,45.3416149068323,26.08695652173913,6.211180124223602,4.3478260869565215,9.937888198757763,1.8633540372670807,0.0,0.0,3159.6273291925463,16.149068322981364
HPAP-040,Head of pancreas,ROI2,CD163,1.0,7275,713.0,1276.0,73.0,73.0,19.0,9.0,10.0,28.0,64.0,3.0,3.0,4944.0,60.0
HPAP-040,Head of pancreas,ROI3,CD163,1.0,5310,504.0,1022.0,96.0,36.0,20.0,5.0,7.0,30.0,56.0,0.0,3.0,3496.0,35.0
HPAP-040,Tail of pancreas,ROI1,CD163,1.0,7703,559.0,1367.0,93.0,51.0,17.0,3.0,25.0,14.0,78.0,7.0,6.0,5437.0,46.0
HPAP-040,Tail of pancreas,ROI2,CD163,1.0,6186,473.0,965.0,90.0,78.0,6.0,1.0,26.0,24.0,81.0,4.0,30.0,4399.0,9.0
HPAP-040,Tail of pancreas,ROI3,CD163,1.0,5868,564.0,936.0,105.0,107.0,12.0,0.0,32.0,18.0,86.0,12.0,24.0,3956.0,16.0
HPAP-042,Body of pancreas,ROI1,CD163,1.0,5556,370.0,1105.0,23.0,5.0,2.0,0.0,2.0,3.0,28.0,2.0,4.0,4011.0,1.0
HPAP-042,Body of pancreas,ROI2,CD163,1.0,3916,348.0,710.0,13.0,0.0,1.0,0.0,0.0,2.0,5.0,0.0,2.0,2835.0,0.0
HPAP-042,Body of pancreas,ROI3,CD163,1.2,2979,245.83333333333334,510.83333333333337,6.666666666666667,1.6666666666666667,6.666666666666667,0.0,0.8333333333333334,1.6666666666666667,7.5,2.5,0.8333333333333334,1695.0,2.5
HPAP-042,Tail of pancreas,ROI1,CD163,1.0,7242,443.0,1614.0,66.0,14.0,15.0,1.0,2.0,7.0,44.0,2.0,5.0,5016.0,13.0
HPAP-042,Tail of pancreas,ROI2,CD163,1.0,7464,331.0,1748.0,57.0,11.0,7.0,3.0,17.0,6.0,27.0,4.0,13.0,5221.0,19.0
HPAP-046,Body of pancreas,ROI1,CD163,1.0,5656,550.0,827.0,36.0,27.0,15.0,4.0,2.0,9.0,27.0,7.0,4.0,4126.0,22.0
HPAP-046,Body of pancreas,ROI2,CD163,1.0,7150,566.0,1329.0,64.0,40.0,70.0,16.0,4.0,13.0,32.0,6.0,2.0,4971.0,37.0
HPAP-046,Body of pancreas,ROI3,CD163,1.0,6754,525.0,1265.0,55.0,23.0,41.0,15.0,2.0,14.0,43.0,8.0,8.0,4723.0,32.0
HPAP-046,Head of pancreas,ROI1,CD163,1.0,5290,587.0,865.0,72.0,41.0,11.0,0.0,12.0,14.0,40.0,2.0,10.0,3606.0,30.0
HPAP-046,Head of pancreas,ROI3,CD163,1.0,2544,305.0,816.0,111.0,31.0,31.0,12.0,15.0,9.0,67.0,16.0,19.0,1102.0,10.0
HPAP-046,Tail of pancreas,ROI1,CD163,1.44,9388,672.2222222222223,848.6111111111111,75.69444444444444,56.25,54.861111111111114,5.555555555555555,6.944444444444445,6.25,47.91666666666667,2.7777777777777777,4.861111111111112,4695.138888888889,42.361111111111114
HPAP-046,Tail of pancreas,ROI2,CD163,1.0,7086,824.0,983.0,75.0,19.0,35.0,2.0,1.0,9.0,53.0,5.0,9.0,5036.0,35.0
HPAP-046,Tail of pancreas,ROI3,CD163,1.0,7988,583.0,717.0,71.0,40.0,36.0,6.0,5.0,11.0,40.0,9.0,1.0,6433.0,36.0
HPAP-047,Body of pancreas,ROI1,both,1.0,6746,236.0,201.0,275.0,16.0,35.0,2.0,9.0,27.0,77.0,9.0,21.0,5816.0,22.0
HPAP-047,Body of pancreas,ROI2,both,1.0,5403,216.0,102.0,186.0,6.0,21.0,7.0,11.0,22.0,24.0,6.0,17.0,4769.0,16.0
HPAP-047,Body of pancreas,ROI3,both,1.0,6276,188.0,214.0,134.0,13.0,4.0,0.0,1.0,22.0,72.0,9.0,24.0,5593.0,2.0
HPAP-052,Body of pancreas,ROI1,CD163,0.8,3699,271.25,775.0,65.0,35.0,5.0,2.5,3.75,13.75,21.25,2.5,3.75,3417.5,7.5
HPAP-052,Body of pancreas,ROI2,CD163,1.0,5746,313.0,1184.0,101.0,42.0,7.0,0.0,3.0,15.0,24.0,3.0,10.0,4040.0,4.0
HPAP-052,Body of pancreas,ROI3,CD163,0.98,6682,309.18367346938777,1105.1020408163265,80.61224489795919,39.79591836734694,17.346938775510203,6.122448979591836,1.0204081632653061,12.244897959183673,28.571428571428573,1.0204081632653061,7.142857142857143,5193.877551020409,16.3265306122449
HPAP-052,Head of pancreas,ROI1,CD163,1.0,6637,394.0,1797.0,172.0,67.0,14.0,0.0,18.0,14.0,67.0,8.0,15.0,4063.0,8.0
HPAP-052,Head of pancreas,ROI2,CD163,1.00125,4813,294.63171036204744,661.1735330836455,82.896379525593,27.965043695380775,4.9937578027465666,0.0,4.9937578027465666,20.973782771535582,27.965043695380775,4.9937578027465666,11.985018726591761,3656.4294631710363,7.990012484394507
HPAP-052,Head of pancreas,ROI3,CD163,1.0,5989,355.0,1123.0,85.0,79.0,13.0,1.0,8.0,14.0,39.0,5.0,16.0,4248.0,3.0
HPAP-052,Tail of pancreas,ROI1,CD163,1.0,6838,368.0,1712.0,121.0,64.0,6.0,2.0,22.0,6.0,69.0,6.0,27.0,4430.0,5.0
HPAP-052,Tail of pancreas,ROI2,CD163,1.0,6480,390.0,403.0,108.0,54.0,5.0,0.0,4.0,10.0,31.0,9.0,15.0,5448.0,3.0
HPAP-052,Tail of pancreas,ROI3,CD163,1.275,7448,259.6078431372549,926.2745098039217,96.47058823529413,58.82352941176471,3.9215686274509807,0.0,9.411764705882353,21.96078431372549,34.50980392156863,8.627450980392158,21.176470588235297,4396.078431372549,4.705882352941177
HPAP-053,Body of pancreas,ROI1,CD163,1.0,7056,594.0,790.0,102.0,76.0,4.0,0.0,0.0,25.0,42.0,1.0,14.0,5405.0,3.0
HPAP-053,Body of pancreas,ROI2,CD163,1.0,7208,554.0,1145.0,120.0,95.0,5.0,1.0,0.0,30.0,33.0,3.0,16.0,5201.0,5.0
HPAP-053,Body of pancreas,ROI3,CD163,1.0,7716,671.0,695.0,130.0,78.0,3.0,2.0,0.0,27.0,53.0,3.0,21.0,6029.0,4.0
HPAP-053,Head of pancreas,ROI1,CD163,1.351,8109,445.5958549222798,502.59067357512953,113.24944485566247,49.592894152479644,1.4803849000740192,0.0,0.7401924500370096,19.98519615099926,53.293856402664694,0.0,18.50481125092524,4794.966691339749,2.220577350111029
HPAP-053,Head of pancreas,ROI2,CD163,1.44,8795,452.77777777777777,690.9722222222223,75.0,52.77777777777778,5.555555555555555,0.6944444444444444,0.0,16.666666666666668,45.833333333333336,2.0833333333333335,13.88888888888889,4748.611111111111,2.7777777777777777
HPAP-053,Head of pancreas,ROI3,CD163,1.0,6099,497.0,760.0,65.0,40.0,10.0,0.0,2.0,17.0,39.0,1.0,13.0,4650.0,5.0
HPAP-053,Tail of pancreas,ROI1,CD163,1.0,4620,528.0,314.0,91.0,62.0,5.0,13.0,1.0,8.0,26.0,3.0,4.0,3551.0,14.0
HPAP-053,Tail of pancreas,ROI2,CD163,1.0,7493,564.0,992.0,162.0,84.0,2.0,0.0,4.0,25.0,59.0,4.0,21.0,5571.0,5.0
HPAP-053,Tail of pancreas,ROI3,CD163,1.0,6572,534.0,603.0,103.0,74.0,4.0,0.0,0.0,25.0,42.0,1.0,10.0,5173.0,3.0
HPAP-054,Body of pancreas,ROI1,CD163,1.0,6083,363.0,601.0,52.0,41.0,1.0,0.0,0.0,19.0,66.0,6.0,10.0,4923.0,1.0
HPAP-054,Body of pancreas,ROI2,CD163,1.3,7368,356.15384615384613,690.7692307692307,73.07692307692308,37.69230769230769,5.384615384615384,0.0,1.5384615384615383,11.538461538461538,51.53846153846154,6.153846153846153,10.769230769230768,4420.7692307692305,2.3076923076923075
HPAP-054,Body of pancreas,ROI3,CD163,1.0,6207,429.0,831.0,16.0,48.0,1.0,1.0,0.0,4.0,22.0,1.0,5.0,4845.0,4.0
HPAP-054,Head of pancreas,ROI1,CD163,1.0,3408,463.0,476.0,15.0,31.0,3.0,5.0,1.0,1.0,5.0,0.0,2.0,2393.0,13.0
HPAP-054,Head of pancreas,ROI2,CD163,1.0,7694,511.0,1195.0,23.0,57.0,3.0,0.0,0.0,7.0,14.0,0.0,6.0,5873.0,5.0
HPAP-054,Head of pancreas,ROI3,CD163,1.0,3562,718.0,443.0,13.0,34.0,3.0,6.0,0.0,0.0,12.0,2.0,1.0,2318.0,12.0
HPAP-054,Tail of pancreas,ROI1,CD163,1.0,4761,380.0,643.0,31.0,70.0,7.0,10.0,0.0,2.0,16.0,2.0,7.0,3585.0,8.0
HPAP-054,Tail of pancreas,ROI2,CD163,1.0,5333,293.0,881.0,32.0,56.0,8.0,3.0,0.0,6.0,25.0,5.0,7.0,4012.0,5.0
HPAP-054,Tail of pancreas,ROI3,CD163,1.0,2749,472.0,338.0,36.0,45.0,6.0,3.0,3.0,10.0,24.0,3.0,7.0,1797.0,5.0
HPAP-056,Body of pancreas,ROI2,CD163,1.0,7303,363.0,64.0,678.0,0.0,126.0,0.0,93.0,84.0,155.0,49.0,85.0,5421.0,185.0
HPAP-056,Body of pancreas,ROI3,CD163,1.0,7854,521.0,68.0,583.0,0.0,115.0,2.0,127.0,75.0,162.0,44.0,114.0,5896.0,147.0
HPAP-056,Body of pancreas,ROI5,CD163,0.935,6972,466.31016042780743,38.50267379679144,527.2727272727273,0.0,77.00534759358288,1.06951871657754,66.31016042780749,65.24064171122994,113.36898395721924,24.59893048128342,81.28342245989305,5859.893048128342,135.82887700534758
HPAP-056,Head of pancreas,ROI1,CD163,2.0,14342,417.0,77.5,583.0,0.0,51.0,3.0,95.5,70.5,106.0,26.0,70.0,5556.0,115.5
HPAP-056,Head of pancreas,ROI2,CD163,1.0,6893,311.0,78.0,803.0,0.0,152.0,3.0,146.0,83.0,131.0,47.0,115.0,4884.0,140.0
HPAP-056,Tail of pancreas,ROI1,CD163,1.0,7843,480.0,155.0,529.0,0.0,76.0,3.0,89.0,25.0,136.0,30.0,90.0,6113.0,117.0
HPAP-056,Tail of pancreas,ROI2,CD163,1.045,8161,511.96172248803833,51.674641148325364,490.90909090909093,0.0,60.28708133971292,2.870813397129187,82.29665071770336,33.49282296650718,171.29186602870814,27.751196172248807,76.55502392344498,6202.8708133971295,97.60765550239235
HPAP-056,Tail of pancreas,ROI3,CD163,1.0,7881,424.0,0.0,429.0,0.0,41.0,10.0,63.0,20.0,119.0,30.0,121.0,6498.0,126.0
HPAP-059,Body of pancreas,ROI1,CD163,1.02,7213,290.19607843137254,37.254901960784316,306.8627450980392,0.0,133.33333333333334,44.11764705882353,0.9803921568627451,94.11764705882352,379.4117647058823,47.05882352941176,621.5686274509803,4622.549019607843,494.11764705882354
HPAP-059,Body of pancreas,ROI2,CD163,1.2,8697,454.1666666666667,48.333333333333336,155.0,0.0,44.16666666666667,6.666666666666667,0.0,35.0,62.5,5.0,17.5,6315.833333333334,103.33333333333334
HPAP-059,Body of pancreas,ROI3,CD163,1.5,11043,412.6666666666667,55.333333333333336,180.0,0.0,39.333333333333336,6.0,0.0,20.666666666666668,100.66666666666667,3.3333333333333335,13.333333333333334,6442.666666666667,88.0
HPAP-059,Head of pancreas,ROI2,CD163,1.21,8836,501.6528925619835,852.0661157024794,233.05785123966942,70.24793388429752,49.586776859504134,9.090909090909092,6.6115702479338845,33.88429752066116,127.27272727272728,8.264462809917356,12.396694214876034,5361.983471074381,36.36363636363637
HPAP-059,Head of pancreas,ROI3,CD163,1.0,8345,522.0,719.0,297.0,116.0,54.0,12.0,2.0,44.0,63.0,8.0,14.0,6456.0,38.0
HPAP-059,Head of pancreas,ROI4,CD163,2.25,16453,465.3333333333333,769.3333333333334,215.11111111111111,125.33333333333333,65.33333333333333,8.0,1.7777777777777777,27.555555555555557,65.33333333333333,11.11111111111111,9.333333333333334,5525.777777777777,23.11111111111111
HPAP-059,Tail of pancreas,ROI1,CD163,1.0,7526,440.0,49.0,194.0,0.0,54.0,3.0,10.0,20.0,76.0,12.0,12.0,6473.0,183.0
HPAP-059,Tail of pancreas,ROI2,CD163,1.0,8495,404.0,33.0,172.0,0.0,62.0,1.0,1.0,30.0,71.0,5.0,8.0,7600.0,108.0
HPAP-059,Tail of pancreas,ROI3,CD163,1.0,7775,441.0,50.0,112.0,0.0,30.0,4.0,2.0,17.0,33.0,10.0,4.0,6974.0,98.0
HPAP-063,Body of pancreas,ROI1,CD163,1.1,7031,426.3636363636363,1221.8181818181818,279.09090909090907,219.99999999999997,53.63636363636363,2.727272727272727,53.63636363636363,17.27272727272727,53.63636363636363,9.09090909090909,19.09090909090909,4024.545454545454,10.909090909090908
HPAP-063,Body of pancreas,ROI2,CD163,1.2,7040,338.33333333333337,1345.0,175.83333333333334,102.5,27.5,0.0,43.333333333333336,14.166666666666668,35.833333333333336,5.833333333333334,22.5,3748.3333333333335,7.5
HPAP-063,Body of pancreas,ROI3,CD163,1.0,6052,353.0,1421.0,242.0,106.0,30.0,0.0,51.0,19.0,41.0,3.0,19.0,3761.0,6.0
HPAP-063,Head of pancreas,ROI1,CD163,1.0,6573,353.0,1387.0,172.0,78.0,11.0,0.0,44.0,34.0,61.0,5.0,27.0,4400.0,1.0
HPAP-063,Head of pancreas,ROI2,CD163,0.9321,6304,375.496191395773,1364.660444158352,185.60240317562491,82.60916210707005,25.748310267138717,0.0,66.51646819010836,39.69531166183886,86.90054715159317,6.437077566784679,31.11254157279262,4494.152987876837,4.291385044523119
HPAP-063,Head of pancreas,ROI3,CD163,1.0,7185,275.0,1481.0,182.0,81.0,18.0,2.0,45.0,33.0,74.0,9.0,22.0,4961.0,2.0
HPAP-063,Tail of pancreas,ROI1,CD163,1.0,5838,394.0,1227.0,273.0,168.0,28.0,1.0,56.0,23.0,73.0,11.0,22.0,3559.0,3.0
HPAP-063,Tail of pancreas,ROI2,CD163,1.2,7341,390.0,1149.1666666666667,183.33333333333334,161.66666666666669,38.333333333333336,0.0,53.333333333333336,17.5,69.16666666666667,10.0,31.666666666666668,4008.3333333333335,5.0
HPAP-063,Tail of pancreas,ROI3,CD163,1.6224,10383,332.84023668639054,919.008875739645,175.04930966469428,120.80867850098619,24.65483234714004,0.6163708086785009,42.52958579881657,36.365877712031555,96.15384615384615,11.711045364891518,24.038461538461537,4611.070019723866,4.930966469428007
HPAP-066,Head of pancreas,ROI3,CD163,1.0,6017,257.0,1426.0,21.0,30.0,3.0,0.0,0.0,4.0,11.0,3.0,10.0,4251.0,1.0
HPAP-066,Head of pancreas,ROI4,CD163,1.2,7560,264.1666666666667,1558.3333333333335,45.0,40.833333333333336,1.6666666666666667,0.0,0.0,7.5,20.0,0.8333333333333334,23.333333333333336,4337.5,0.8333333333333334
HPAP-066,Head of pancreas,ROI5,CD163,1.2,7584,274.1666666666667,1468.3333333333335,40.833333333333336,35.833333333333336,0.0,0.0,1.6666666666666667,9.166666666666668,5.833333333333334,5.833333333333334,26.666666666666668,4450.833333333334,0.8333333333333334
HPAP-066,Tail of pancreas,ROI2,CD163,1.0,6997,323.0,1312.0,171.0,83.0,17.0,6.0,2.0,17.0,39.0,12.0,28.0,4983.0,4.0
HPAP-066,Tail of pancreas,ROI3,CD163,1.0,6171,326.0,1218.0,72.0,37.0,4.0,2.0,3.0,9.0,16.0,8.0,14.0,4457.0,5.0
HPAP-066,Tail of pancreas,ROI5,CD163,1.0,6855,318.0,1341.0,43.0,53.0,2.0,1.0,1.0,8.0,14.0,2.0,11.0,5061.0,0.0
HPAP-067,Body of pancreas,ROI1,CD163,1.0,6204,309.0,912.0,170.0,27.0,10.0,2.0,1.0,20.0,29.0,9.0,26.0,4686.0,3.0
HPAP-067,Body of pancreas,ROI2,CD163,1.0,6365,320.0,902.0,92.0,32.0,18.0,1.0,5.0,22.0,54.0,5.0,10.0,4903.0,1.0
HPAP-067,Body of pancreas,ROI3,CD163,1.0,6663,353.0,985.0,152.0,41.0,16.0,0.0,0.0,12.0,24.0,6.0,6.0,5064.0,4.0
HPAP-067,Head of pancreas,ROI1,CD163,1.0,6286,312.0,793.0,153.0,48.0,21.0,1.0,7.0,9.0,29.0,3.0,10.0,4897.0,3.0
HPAP-067,Head of pancreas,ROI2,CD163,1.0,7148,385.0,891.0,107.0,43.0,15.0,0.0,2.0,11.0,24.0,6.0,19.0,5644.0,1.0
HPAP-067,Head of pancreas,ROI3,CD163,1.0,7349,311.0,1101.0,124.0,33.0,20.0,0.0,0.0,12.0,19.0,7.0,13.0,5706.0,3.0
HPAP-067,Tail of pancreas,ROI1,CD163,1.0,6183,357.0,840.0,240.0,28.0,6.0,0.0,0.0,8.0,56.0,13.0,21.0,4611.0,3.0
HPAP-067,Tail of pancreas,ROI2,CD163,1.0,7405,483.0,1064.0,224.0,37.0,9.0,0.0,0.0,16.0,45.0,7.0,15.0,5500.0,5.0
HPAP-067,Tail of pancreas,ROI3,CD163,1.0,6701,413.0,925.0,163.0,18.0,11.0,0.0,1.0,18.0,30.0,3.0,17.0,5097.0,5.0
HPAP-074,Body of pancreas,ROI1,CD163,1.44,6631,201.38888888888889,1045.138888888889,79.16666666666667,72.22222222222223,15.277777777777779,0.0,4.166666666666667,10.416666666666668,20.833333333333336,4.861111111111112,4.861111111111112,3142.3611111111113,4.166666666666667
HPAP-074,Body of pancreas,ROI2,CD163,1.0,5189,263.0,1181.0,67.0,89.0,20.0,7.0,4.0,13.0,20.0,2.0,2.0,3512.0,9.0
HPAP-074,Body of pancreas,ROI3,CD163,1.0,4719,221.0,984.0,92.0,57.0,3.0,1.0,8.0,17.0,22.0,11.0,13.0,3289.0,1.0
HPAP-074,Head of pancreas,ROI3,CD163,0.9,4481,320.0,1025.5555555555554,142.22222222222223,87.77777777777777,14.444444444444445,5.555555555555555,0.0,21.11111111111111,32.22222222222222,4.444444444444445,5.555555555555555,3307.777777777778,12.222222222222221
HPAP-074,Head of pancreas,ROI4,CD163,0.9,4511,210.0,1072.2222222222222,67.77777777777777,84.44444444444444,11.11111111111111,2.2222222222222223,3.333333333333333,13.333333333333332,15.555555555555555,6.666666666666666,14.444444444444445,3505.5555555555557,5.555555555555555
HPAP-074,Head of pancreas,ROI5,CD163,0.8075,4488,274.92260061919507,1249.5356037151703,90.40247678018576,80.49535603715171,13.622291021671826,0.0,16.09907120743034,14.860681114551083,34.6749226006192,8.6687306501548,16.09907120743034,3756.0371517027866,2.476780185758514
HPAP-075,Body of pancreas,ROI1,CD163,1.0,6801,320.0,1241.0,24.0,26.0,4.0,0.0,1.0,2.0,6.0,1.0,9.0,5165.0,2.0
HPAP-075,Body of pancreas,ROI3,CD163,1.0,6326,220.0,1107.0,39.0,29.0,3.0,1.0,1.0,6.0,14.0,3.0,27.0,4876.0,0.0
HPAP-075,Body of pancreas,ROI4,CD163,1.0,6700,259.0,1023.0,45.0,31.0,5.0,0.0,1.0,6.0,13.0,3.0,26.0,5288.0,0.0
HPAP-075,Head of pancreas,ROI1,CD163,1.0,7323,355.0,1050.0,138.0,49.0,0.0,0.0,2.0,35.0,74.0,4.0,26.0,5581.0,9.0
HPAP-075,Head of pancreas,ROI2,CD163,1.0,7257,333.0,1208.0,98.0,40.0,11.0,0.0,2.0,29.0,64.0,5.0,22.0,5443.0,2.0
HPAP-075,Head of pancreas,ROI3,CD163,1.0,7658,468.0,1151.0,48.0,41.0,11.0,0.0,0.0,13.0,25.0,0.0,13.0,5887.0,1.0
HPAP-075,Tail of pancreas,ROI1,CD163,1.0,7500,421.0,1408.0,191.0,78.0,6.0,2.0,2.0,37.0,144.0,18.0,61.0,5132.0,0.0
HPAP-075,Tail of pancreas,ROI2,CD163,1.96,14495,405.6122448979592,1217.3469387755101,224.48979591836735,77.55102040816327,7.653061224489796,0.0,0.0,28.06122448979592,121.42857142857143,14.285714285714286,52.04081632653061,5246.428571428572,0.5102040816326531
HPAP-075,Tail of pancreas,ROI6,CD163,1.69,12846,358.57988165680473,1434.9112426035504,183.4319526627219,65.08875739644971,13.017751479289942,0.591715976331361,1.183431952662722,20.710059171597635,121.89349112426036,10.059171597633137,53.84615384615385,5335.502958579882,2.366863905325444
HPAP-080,Head of pancreas,ROI1,CD163,1.0,7272,486.0,1131.0,5.0,15.0,7.0,0.0,0.0,3.0,3.0,2.0,3.0,5614.0,3.0
HPAP-080,Head of pancreas,ROI2,CD163,1.0,6953,379.0,1180.0,33.0,14.0,9.0,0.0,0.0,7.0,12.0,0.0,3.0,5316.0,0.0
HPAP-080,Head of pancreas,ROI3,CD163,1.0,6871,352.0,1221.0,32.0,7.0,5.0,0.0,0.0,6.0,12.0,0.0,35.0,5199.0,2.0
HPAP-080,Tail of pancreas,ROI1,CD163,2.0,14121,420.0,1277.5,252.0,11.0,15.0,1.0,1.5,21.0,42.5,6.0,44.0,4967.0,2.0
HPAP-080,Tail of pancreas,ROI2,CD163,1.92,12220,361.9791666666667,1258.3333333333335,127.08333333333334,13.541666666666668,13.020833333333334,0.0,0.5208333333333334,11.458333333333334,18.75,3.125,29.6875,4525.520833333334,1.5625
HPAP-080,Tail of pancreas,ROI3,CD163,1.0,7411,485.0,1753.0,138.0,11.0,3.0,0.0,0.0,15.0,37.0,10.0,28.0,4930.0,1.0
HPAP-082,Body of pancreas,ROI1,both,1.0,6145,383.0,14.0,633.0,1.0,33.0,10.0,3.0,82.0,184.0,21.0,22.0,4712.0,47.0
HPAP-082,Body of pancreas,ROI4,both,1.0,6171,449.0,9.0,596.0,60.0,0.0,0.0,3.0,63.0,177.0,24.0,29.0,4707.0,54.0
HPAP-082,Head of pancreas,ROI1,both,1.0,5963,347.0,65.0,403.0,93.0,22.0,3.0,0.0,52.0,132.0,29.0,17.0,4798.0,2.0
HPAP-082,Head of pancreas,ROI2,both,1.0,6099,345.0,114.0,355.0,52.0,8.0,0.0,0.0,56.0,142.0,21.0,24.0,4978.0,4.0
HPAP-082,Head of pancreas,ROI3,both,1.0,5520,285.0,108.0,442.0,80.0,25.0,0.0,2.0,57.0,134.0,22.0,29.0,4332.0,4.0
HPAP-082,Tail of pancreas,ROI1,both,1.0,6192,432.0,121.0,308.0,56.0,0.0,0.0,0.0,29.0,123.0,18.0,24.0,5058.0,23.0
HPAP-082,Tail of pancreas,ROI3,both,1.0,6066,392.0,3.0,222.0,64.0,15.0,0.0,4.0,22.0,108.0,10.0,13.0,5211.0,2.0
HPAP-082,Tail of pancreas,ROI5,both,1.0,5832,339.0,105.0,190.0,51.0,5.0,0.0,10.0,10.0,118.0,17.0,26.0,4957.0,4.0
HPAP-093,Body of pancreas,ROI2,both,1.0,7872,321.0,261.0,273.0,48.0,12.0,1.0,51.0,39.0,167.0,18.0,36.0,6645.0,0.0
HPAP-093,Body of pancreas,ROI3,both,1.0,8571,374.0,299.0,256.0,62.0,6.0,0.0,64.0,47.0,208.0,11.0,42.0,7200.0,2.0
HPAP-093,Body of pancreas,ROI6,both,1.0,8162,338.0,202.0,288.0,68.0,26.0,4.0,11.0,42.0,179.0,23.0,47.0,6926.0,8.0
HPAP-093,Head of pancreas,ROI1,both,1.0,6768,356.0,134.0,210.0,114.0,36.0,0.0,33.0,27.0,123.0,10.0,30.0,5690.0,5.0
HPAP-093,Head of pancreas,ROI3,both,1.0,6115,261.0,126.0,278.0,183.0,132.0,11.0,39.0,28.0,183.0,25.0,64.0,4776.0,9.0
HPAP-093,Head of pancreas,ROI5,both,1.0,7697,332.0,308.0,245.0,92.0,14.0,1.0,44.0,56.0,169.0,8.0,56.0,6370.0,2.0
HPAP-093,Tail of pancreas,ROI1,both,1.0,7360,333.0,97.0,364.0,134.0,38.0,1.0,44.0,42.0,156.0,19.0,50.0,6077.0,5.0
HPAP-093,Tail of pancreas,ROI2,both,1.0,8047,393.0,264.0,329.0,76.0,28.0,5.0,33.0,24.0,156.0,9.0,24.0,6705.0,1.0
HPAP-093,Tail of pancreas,ROI3,both,1.0,7874,456.0,143.0,305.0,86.0,27.0,2.0,50.0,30.0,163.0,25.0,61.0,6524.0,2.0
HPAP-095,Body of pancreas,ROI1,both,1.0,5042,93.0,25.0,142.0,28.0,13.0,0.0,0.0,6.0,38.0,12.0,49.0,4623.0,13.0
HPAP-095,Body of pancreas,ROI3,both,1.0,6736,143.0,1.0,243.0,31.0,0.0,0.0,0.0,14.0,56.0,17.0,45.0,6146.0,40.0
HPAP-095,Body of pancreas,ROI4,both,1.0,6857,173.0,5.0,185.0,2.0,36.0,6.0,0.0,14.0,32.0,14.0,40.0,6322.0,28.0
HPAP-095,Head of pancreas,ROI1,both,1.0,6078,357.0,59.0,196.0,32.0,26.0,1.0,1.0,12.0,55.0,6.0,35.0,5279.0,19.0
HPAP-095,Head of pancreas,ROI2,both,1.0,6664,368.0,2.0,327.0,41.0,29.0,0.0,3.0,29.0,68.0,22.0,44.0,5728.0,3.0
HPAP-095,Head of pancreas,ROI3,both,1.0,6395,324.0,9.0,294.0,40.0,0.0,0.0,2.0,35.0,98.0,15.0,38.0,5513.0,27.0
HPAP-095,Tail of pancreas,ROI1,both,1.0,6469,126.0,22.0,227.0,43.0,30.0,0.0,2.0,9.0,76.0,8.0,35.0,5889.0,2.0
HPAP-095,Tail of pancreas,ROI2,both,1.0,6596,191.0,5.0,308.0,40.0,0.0,0.0,3.0,25.0,66.0,9.0,52.0,5872.0,25.0
HPAP-095,Tail of pancreas,ROI5,both,1.0,6323,158.0,13.0,238.0,24.0,0.0,0.0,0.0,18.0,72.0,14.0,53.0,5677.0,56.0
HPAP-099,Body of pancreas,ROI1,both,1.0,9293,440.0,155.0,849.0,59.0,61.0,0.0,24.0,115.0,531.0,78.0,155.0,6819.0,7.0
HPAP-099,Body of pancreas,ROI2,both,1.3,11284,467.6923076923077,153.07692307692307,893.0769230769231,71.53846153846153,123.07692307692307,10.0,13.846153846153845,96.15384615384615,426.9230769230769,59.230769230769226,96.15384615384615,6253.846153846153,15.384615384615383
HPAP-099,Body of pancreas,ROI3,both,1.0,7604,415.0,113.0,522.0,86.0,85.0,4.0,17.0,90.0,339.0,71.0,106.0,5740.0,16.0
HPAP-099,Head of pancreas,ROI1,both,1.0,8460,546.0,147.0,408.0,82.0,74.0,0.0,3.0,55.0,268.0,37.0,65.0,6766.0,9.0
HPAP-099,Head of pancreas,ROI3,both,1.0,8445,540.0,103.0,369.0,40.0,41.0,1.0,0.0,61.0,381.0,45.0,101.0,6760.0,3.0
HPAP-099,Head of pancreas,ROI4,both,1.0,7296,417.0,111.0,196.0,29.0,34.0,2.0,85.0,43.0,312.0,28.0,68.0,5966.0,5.0
HPAP-099,Tail of pancreas,ROI1,both,1.2,10167,428.33333333333337,102.5,677.5,66.66666666666667,65.83333333333334,4.166666666666667,11.666666666666668,56.66666666666667,576.6666666666667,55.0,139.16666666666669,6282.5,5.833333333333334
HPAP-099,Tail of pancreas,ROI2,both,1.0,9305,392.0,170.0,725.0,76.0,65.0,1.0,97.0,63.0,624.0,81.0,162.0,6838.0,11.0
HPAP-099,Tail of pancreas,ROI3,both,1.0,9393,436.0,138.0,912.0,80.0,103.0,10.0,13.0,94.0,494.0,62.0,107.0,6939.0,5.0
HPAP-105,Body of pancreas,ROI1,both,1.0,6174,286.0,142.0,108.0,67.0,60.0,0.0,3.0,14.0,59.0,20.0,34.0,5372.0,9.0
HPAP-105,Body of pancreas,ROI4,both,1.0,6965,212.0,176.0,102.0,39.0,16.0,0.0,1.0,23.0,52.0,6.0,22.0,6313.0,3.0
HPAP-105,Body of pancreas,ROI5,both,1.0,7456,232.0,172.0,300.0,38.0,25.0,0.0,1.0,18.0,67.0,8.0,67.0,6526.0,2.0
HPAP-105,Head of pancreas,ROI1,both,1.0,6286,312.0,128.0,224.0,31.0,8.0,1.0,20.0,25.0,83.0,5.0,21.0,5428.0,0.0
HPAP-105,Head of pancreas,ROI2,both,1.0,5466,314.0,182.0,228.0,41.0,23.0,3.0,10.0,21.0,76.0,4.0,23.0,4535.0,6.0
HPAP-105,Head of pancreas,ROI3,both,1.0,4118,260.0,66.0,258.0,21.0,17.0,1.0,3.0,17.0,63.0,7.0,21.0,3380.0,4.0
HPAP-105,Tail of pancreas,ROI2,both,1.0,6725,353.0,158.0,254.0,45.0,13.0,1.0,14.0,24.0,124.0,12.0,27.0,5699.0,1.0
HPAP-105,Tail of pancreas,ROI3,both,1.0,6484,398.0,148.0,315.0,49.0,10.0,1.0,9.0,25.0,147.0,20.0,48.0,5313.0,1.0
HPAP-105,Tail of pancreas,ROI4,both,1.0,5770,404.0,92.0,251.0,53.0,15.0,3.0,17.0,11.0,99.0,10.0,18.0,4796.0,1.0
HPAP-118,Body of pancreas,ROI1,both,1.0,6887,282.0,146.0,145.0,82.0,22.0,3.0,0.0,13.0,42.0,0.0,20.0,6115.0,17.0
HPAP-118,Body of pancreas,ROI2,both,1.0,7542,398.0,0.0,146.0,0.0,0.0,0.0,0.0,20.0,42.0,0.0,101.0,6835.0,0.0
HPAP-118,Body of pancreas,ROI3,both,1.0,6534,226.0,145.0,69.0,60.0,18.0,1.0,0.0,16.0,28.0,0.0,29.0,5939.0,3.0
HPAP-118,Head of pancreas,ROI1,both,1.0,7106,303.0,97.0,171.0,90.0,29.0,6.0,0.0,18.0,49.0,0.0,22.0,6302.0,19.0
HPAP-118,Head of pancreas,ROI2,both,1.0,7102,358.0,114.0,165.0,1.0,1.0,0.0,0.0,12.0,88.0,0.0,85.0,6278.0,0.0
HPAP-118,Head of pancreas,ROI4,both,1.0,5892,297.0,77.0,97.0,74.0,26.0,3.0,2.0,6.0,39.0,0.0,9.0,5251.0,11.0
HPAP-118,Tail of pancreas,ROI1,both,1.0,8552,411.0,150.0,186.0,121.0,15.0,1.0,0.0,6.0,70.0,0.0,47.0,7535.0,10.0
HPAP-118,Tail of pancreas,ROI2,both,1.0,7537,396.0,106.0,180.0,0.0,0.0,1.0,0.0,25.0,98.0,0.0,128.0,6603.0,0.0
HPAP-118,Tail of pancreas,ROI3,both,1.0,7603,321.0,1.0,173.0,131.0,15.0,0.0,22.0,31.0,65.0,0.0,48.0,6790.0,6.0
HPAP-136,Body of pancreas,ROI1,both,1.21,8098,320.6611570247934,128.92561983471074,80.99173553719008,61.98347107438017,9.090909090909092,6.6115702479338845,18.181818181818183,14.87603305785124,17.355371900826448,4.132231404958678,7.43801652892562,6018.181818181818,4.132231404958678
HPAP-136,Body of pancreas,ROI2,both,1.32,9518,351.5151515151515,97.72727272727272,109.84848484848484,45.45454545454545,15.15151515151515,3.7878787878787876,0.7575757575757576,16.666666666666664,20.454545454545453,6.0606060606060606,5.303030303030303,6528.787878787878,9.09090909090909
HPAP-139,Tail of pancreas,ROI1,both,1.1,7724,476.3636363636363,169.09090909090907,231.8181818181818,28.18181818181818,24.545454545454543,13.636363636363635,0.9090909090909091,36.36363636363636,116.36363636363636,8.181818181818182,20.909090909090907,5868.181818181818,27.27272727272727
HPAP-139,Tail of pancreas,ROI2,both,1.0,7340,383.0,104.0,211.0,48.0,18.0,6.0,8.0,22.0,78.0,7.0,27.0,6400.0,28.0
HPAP-139,Tail of pancreas,ROI3,both,1.0,7367,428.0,120.0,221.0,37.0,20.0,6.0,1.0,30.0,132.0,13.0,26.0,6314.0,19.0
HPAP-146,Body of pancreas,ROI1,both,1.0,7037,415.0,74.0,135.0,85.0,9.0,2.0,10.0,16.0,101.0,12.0,7.0,6146.0,25.0
HPAP-146,Body of pancreas,ROI2,both,1.0,6846,366.0,39.0,111.0,70.0,2.0,0.0,5.0,15.0,67.0,10.0,17.0,6142.0,2.0
HPAP-146,Body of pancreas,ROI4,both,1.0,7194,482.0,65.0,105.0,54.0,8.0,0.0,1.0,13.0,59.0,4.0,3.0,6373.0,27.0
HPAP-146,Head of pancreas,ROI3,both,1.0,7756,587.0,62.0,148.0,58.0,2.0,0.0,7.0,32.0,48.0,10.0,20.0,6779.0,3.0
HPAP-146,Head of pancreas,ROI4,both,1.0,7926,553.0,87.0,144.0,62.0,9.0,6.0,21.0,27.0,81.0,10.0,12.0,6897.0,17.0
HPAP-146,Head of pancreas,ROI5,both,1.2,9084,476.6666666666667,70.0,148.33333333333334,38.333333333333336,10.0,1.6666666666666667,0.8333333333333334,27.5,90.83333333333334,5.833333333333334,7.5,6679.166666666667,13.333333333333334
HPAP-146,Tail of pancreas,ROI1,both,1.0,7719,523.0,95.0,230.0,110.0,13.0,2.0,25.0,22.0,136.0,8.0,33.0,6517.0,5.0
HPAP-146,Tail of pancreas,ROI2,both,1.69,12602,584.0236686390533,52.662721893491124,202.36686390532546,104.14201183431953,4.1420118343195265,1.183431952662722,43.19526627218935,25.443786982248522,148.5207100591716,11.834319526627219,32.544378698224854,6244.970414201183,1.7751479289940828
HPAP-146,Tail of pancreas,ROI3,both,1.0,7881,573.0,75.0,200.0,139.0,6.0,0.0,17.0,26.0,105.0,11.0,28.0,6700.0,1.0
