target,source,n_target_cells,mean,median,q25,q75,frac_nonzero
Endothelial,Endothelial,143646,0.16263110310581075,0.09759689214164935,0.044722176416938014,0.18956806215549335,0.9183403529534616
Endothelial,Fibroblast,143646,0.1342143319648543,0.0938141462366037,0.012894803048759193,0.21424674972085825,0.7638414145984893
Endothelial,Macrophage,143646,0.02327393473010378,0.0018307189210280334,0.0,0.0272820294379347,0.36647986355250795
Endothelial,CD8 T,143646,0.009079702186107892,4.759588521599115e-06,0.0,0.0037149449090340698,0.185457203522573
Endothelial,CD4 T,143646,0.005211370646363949,0.0,0.0,0.00010552065022352466,0.10933899544014758
Endothelial,Treg,143646,0.0015517289909337897,0.0,0.0,0.0,0.03285878380730273
Endothelial,B cell,143646,0.0028705393380805194,0.0,0.0,0.0,0.05897873229141286
Endothelial,NK,143646,0.0033697410501927387,0.0,0.0,1.001393627381482e-05,0.08118625778829754
Endothelial,Monocyte,143646,0.011428871162843196,2.353991405341925e-05,0.0,0.007211305947998469,0.22619652615823732
Endothelial,DC,143646,0.0019998575685054695,0.0,0.0,0.0,0.051223502384350306
Endothelial,Myeloid (other),143646,0.004392335568615991,0.0,0.0,0.00012161112996652486,0.10003828883706359
Endothelial,Parenchyma,143646,0.6358244640547049,0.6826744868297232,0.505948573825734,0.8162647235628514,0.9739775140102336
Endothelial,ambiguous,143646,0.004152019632882747,0.0,0.0,8.262926102118266e-06,0.08609419053917644
Fibroblast,Endothelial,251645,0.07689197218531948,0.05792241192903391,0.023410470470578624,0.10481896478412867,0.85959530129866
Fibroblast,Fibroblast,251645,0.2691718457339581,0.24962408580738374,0.14994617001557728,0.36382377448916237,0.9773489532832096
Fibroblast,Macrophage,251645,0.017516110186411436,0.0007265168417087442,0.0,0.019026678641336885,0.31626027244837945
Fibroblast,CD8 T,251645,0.010336697910098688,2.4406311811735133e-05,0.0,0.005703241116605088,0.21035272050992673
Fibroblast,CD4 T,251645,0.00640050524839894,0.0,0.0,0.00024931728732630753,0.128316192716695
Fibroblast,Treg,251645,0.0010431877183828895,0.0,0.0,0.0,0.02401805725548791
Fibroblast,B cell,251645,0.002618636532434557,0.0,0.0,0.0,0.0557414442625296
Fibroblast,NK,251645,0.002313838996646209,0.0,0.0,0.0,0.05729522658994452
Fibroblast,Monocyte,251645,0.00887536594627575,4.78494830232496e-07,0.0,0.0033007605288168634,0.18199122569979811
Fibroblast,DC,251645,0.001851462820705187,0.0,0.0,0.0,0.04979653796633339
Fibroblast,Myeloid (other),251645,0.0047799619420009955,0.0,0.0,0.00012705231709483515,0.10530352402600499
Fibroblast,Parenchyma,251645,0.5947367742030131,0.6138594949118379,0.4792075917482391,0.7353119251118301,0.9928828026895138
Fibroblast,ambiguous,251645,0.003463640576354628,0.0,0.0,2.0732025646243137e-08,0.07650887762076584
Macrophage,Endothelial,49250,0.06792545768360028,0.04671816405809598,0.017095991481875468,0.08927717065259036,0.8247106598984771
Macrophage,Fibroblast,49250,0.08979370060777803,0.022503333695091506,0.00014968950921954852,0.1417791319186539,0.5685888324873096
Macrophage,Macrophage,49250,0.10761609695263225,0.0740204102205484,0.01882388598612728,0.15698458769360848,0.796
Macrophage,CD8 T,49250,0.016868348728191308,0.0001214078888252201,0.0,0.015084748640406702,0.2831269035532995
Macrophage,CD4 T,49250,0.011461672135640854,0.0,0.0,0.005834759052393217,0.21679187817258883
Macrophage,Treg,49250,0.002287935121389561,0.0,0.0,0.0,0.049725888324873097
Macrophage,B cell,49250,0.006859731220928823,0.0,0.0,0.0001847659227230244,0.13760406091370558
Macrophage,NK,49250,0.009774341783042475,1.6576958736724968e-07,0.0,0.005136385102346567,0.20747208121827412
Macrophage,Monocyte,49250,0.03004225232079301,0.008259267641357992,4.033838719176407e-05,0.04658898208053336,0.4821319796954315
Macrophage,DC,49250,0.0053327422601614615,0.0,0.0,0.0003866157170165412,0.12867005076142132
Macrophage,Myeloid (other),49250,0.010246100959929935,3.440584222880452e-05,0.0,0.008195297236192433,0.23530964467005075
Macrophage,Parenchyma,49250,0.6317982591462913,0.66733868663269,0.5100878503506108,0.7914708337104559,0.9808324873096447
Macrophage,ambiguous,49250,0.009993361079620684,0.0,0.0,0.0011455283347304936,0.17147208121827412
CD8 T,Endothelial,16977,0.07792065160489899,0.05266185070565521,0.019072996089795406,0.10221630510820431,0.8308888496200743
CD8 T,Fibroblast,16977,0.15483361213330937,0.11041248473920216,0.011547294189108433,0.2514126793181379,0.7569653060022383
CD8 T,Macrophage,16977,0.049354192628789,0.01374785685032752,0.00012486903970655505,0.06573746898923355,0.533839901042587
CD8 T,CD8 T,16977,0.06863209340757644,0.015299595831913732,0.00010764178178190916,0.07199371131154757,0.5361371267008306
CD8 T,CD4 T,16977,0.02180971416885704,3.5982190835557357e-07,0.0,0.018394270922117463,0.28998056193673794
CD8 T,Treg,16977,0.005919698996846775,0.0,0.0,0.0,0.0763385757200919
CD8 T,B cell,16977,0.007720524364698898,0.0,0.0,1.8962756275437693e-05,0.11963244389468104
CD8 T,NK,16977,0.006223663557129911,0.0,0.0,0.00022763014495760163,0.12799670141956765
CD8 T,Monocyte,16977,0.019349103382491108,0.0005811964968271406,0.0,0.022809552219462716,0.3292690110149025
CD8 T,DC,16977,0.004417140673325927,0.0,0.0,7.667509751322936e-06,0.09942863874653944
CD8 T,Myeloid (other),16977,0.008558771817330543,0.0,0.0,0.002285477800924074,0.1817753431112682
CD8 T,Parenchyma,16977,0.5652991909715653,0.6118697806047804,0.39189995191404875,0.7746212908098025,0.9610060670318666
CD8 T,ambiguous,16977,0.009961642293180726,0.0,0.0,0.0008436807656621207,0.16504682806149495
CD4 T,Endothelial,9481,0.0799927942499884,0.054910698474318224,0.020638577151837454,0.10529881171817788,0.839257462293007
CD4 T,Fibroblast,9481,0.1712217870532998,0.11883745677183041,0.006998610753892468,0.28761860721743143,0.7353654677776605
CD4 T,Macrophage,9481,0.06016322609319699,0.02123217270663341,0.00018015845298276632,0.08422292387303389,0.5728298702668495
CD4 T,CD8 T,9481,0.03934817389633146,0.003990777252911887,0.0,0.049123368171560614,0.44035439299651935
CD4 T,CD4 T,9481,0.055460858127960526,0.01726652184903166,1.4112056260375749e-05,0.07489707177859635,0.5412931125408712
CD4 T,Treg,9481,0.0070162624170767365,0.0,0.0,0.0,0.11138065604893999
CD4 T,B cell,9481,0.013155884686859392,0.0,0.0,0.0013035114359136275,0.18225925535281087
CD4 T,NK,9481,0.0072796132195011186,0.0,0.0,0.0008457577543720753,0.15019512709629787
CD4 T,Monocyte,9481,0.02633678114270009,0.0021021761116620423,0.0,0.0357038072221926,0.3933129416728193
CD4 T,DC,9481,0.006906693146336733,0.0,0.0,0.0007732025236409219,0.14829659318637275
CD4 T,Myeloid (other),9481,0.01185704083596691,1.095468351100106e-05,0.0,0.00852819415954442,0.23805505748338782
CD4 T,Parenchyma,9481,0.4989537263150245,0.5180228238525519,0.3243647602572722,0.688831326885918,0.9737369475793692
CD4 T,ambiguous,9481,0.022307158815757396,0.00010310793916194232,0.0,0.022557097469074094,0.3149456808353549
Treg,Endothelial,2222,0.10055276717901358,0.06121799424329297,0.022549092089610458,0.1241592103098196,0.8420342034203421
Treg,Fibroblast,2222,0.12010940855183289,0.07491597482793916,0.007321730041848281,0.1920689616825812,0.734023402340234
Treg,Macrophage,2222,0.050240777541703835,0.007140458499083834,2.2057675475582927e-05,0.052796432589330464,0.47029702970297027
Treg,CD8 T,2222,0.045659323378884835,0.0015521049927487611,0.0,0.04351324821864728,0.39603960396039606
Treg,CD4 T,2222,0.029542699166012775,0.002257330366889334,0.0,0.04113388024834378,0.4072907290729073
Treg,Treg,2222,0.07394258492464169,0.010363809807277281,0.0,0.08031707258630827,0.5013501350135013
Treg,B cell,2222,0.011055797826122052,0.0,0.0,0.00386591388168606,0.20387038703870386
Treg,NK,2222,0.012195741165508783,0.0,0.0,0.0069297241799254755,0.2304230423042304
Treg,Monocyte,2222,0.04818494715283792,0.006713899832151945,0.0,0.0601116578844864,0.47074707470747074
Treg,DC,2222,0.0029844649726051193,0.0,0.0,0.0,0.07155715571557156
Treg,Myeloid (other),2222,0.008522683325306602,0.0,0.0,0.001721044112699127,0.16336633663366337
Treg,Parenchyma,2222,0.4598106306022422,0.4714993351887306,0.2679661050588225,0.6656869402670955,0.9324932493249325
Treg,ambiguous,2222,0.03719817421328766,0.002203075248649779,0.0,0.04652806005803468,0.41134113411341133
B cell,Endothelial,5374,0.07772481831891807,0.05542468902827623,0.021827841735917043,0.10626775398004108,0.8492742835876442
B cell,Fibroblast,5374,0.12554659831768225,0.07018423538031004,0.004135331658993494,0.20577410524939976,0.7000372162262747
B cell,Macrophage,5374,0.06358842282028536,0.028713908411118448,0.0013328564706485144,0.08951952542138802,0.627465574990696
B cell,CD8 T,5374,0.02492840991378933,5.48916492961088e-06,0.0,0.017715042495672167,0.2828433196873837
B cell,CD4 T,5374,0.023032894104437887,2.2343626814693072e-05,0.0,0.016824873314660777,0.285076293263863
B cell,Treg,5374,0.0045237026440915346,0.0,0.0,0.0,0.08020096762188314
B cell,B cell,5374,0.06493214631091421,0.016271999460504026,1.137271091049717e-06,0.07912203211469875,0.5321920357275772
B cell,NK,5374,0.007448915247247678,0.0,0.0,0.0010318553836910363,0.1594715295868999
B cell,Monocyte,5374,0.042998689362161543,0.008677843700157305,3.3165022203369526e-05,0.05418564091017847,0.4879047264607369
B cell,DC,5374,0.006838700269375503,0.0,0.0,0.0012802130879950514,0.15816896166728694
B cell,Myeloid (other),5374,0.023404581448778265,0.0004724570896205027,0.0,0.02843771179041361,0.34741347227391145
B cell,Parenchyma,5374,0.520113971503368,0.5367919361918401,0.3559246357285173,0.7104332875670184,0.9689244510606625
B cell,ambiguous,5374,0.01491814973895045,0.0,0.0,0.008437750434815993,0.24302195757350203
NK,Endothelial,6238,0.07768336759424124,0.05469714790269058,0.02063899915064668,0.10363915867432069,0.8388906700865663
NK,Fibroblast,6238,0.09338199178477337,0.0351383723216044,0.0007771324826767738,0.14689015849576179,0.6199102276370632
NK,Macrophage,6238,0.07690496411002253,0.04525045474426951,0.00398195879033651,0.10965477188093305,0.6928502725232446
NK,CD8 T,6238,0.016605033458004445,6.239697643857881e-05,0.0,0.014668567982532257,0.27637063161269637
NK,CD4 T,6238,0.010829192556352861,0.0,0.0,0.005243090577679476,0.21497274767553703
NK,Treg,6238,0.00425186233173053,0.0,0.0,0.0,0.06781019557550497
NK,B cell,6238,0.0063173708941878315,0.0,0.0,9.389797176330649e-05,0.12968900288554025
NK,NK,6238,0.02810986166846099,0.0017764531797616417,0.0,0.045254075954992534,0.4102276370631613
NK,Monocyte,6238,0.03426519552929194,0.009618981072092816,3.178677242807063e-05,0.04957397018924265,0.49695415197178583
NK,DC,6238,0.004644749402836182,0.0,0.0,0.00013545240985842619,0.11526130169926259
NK,Myeloid (other),6238,0.009119186277374403,1.533400248585053e-06,0.0,0.005411376523411673,0.20727797370952228
NK,Parenchyma,6238,0.6266254624372194,0.6601036072443361,0.5079901058574176,0.7817609491463733,0.9855722988137223
NK,ambiguous,6238,0.011261761955504239,0.0,0.0,0.001416688224861297,0.18194934273805707
Monocyte,Endothelial,25018,0.0653792353312295,0.04737975881707608,0.01892617356942567,0.08778576277264649,0.8379966424174594
Monocyte,Fibroblast,25018,0.08875284064622893,0.034576887481525063,0.001136297825717563,0.14196603261240032,0.6321048844831721
Monocyte,Macrophage,25018,0.05894286140908104,0.03343853761087687,0.0015551787997151387,0.08726406820618723,0.6385002797985451
Monocyte,CD8 T,25018,0.012906276596080872,5.9721387265392165e-05,0.0,0.009585688049446265,0.24734191382204812
Monocyte,CD4 T,25018,0.009805214748978617,0.0,0.0,0.004153023229245875,0.19665840594771763
Monocyte,Treg,25018,0.00417808503385591,0.0,0.0,0.0,0.07402670077544168
Monocyte,B cell,25018,0.009122252697755871,0.0,0.0,0.0006741632678039667,0.1546086817491406
Monocyte,NK,25018,0.008497369212688177,1.6177373426126377e-08,0.0,0.0037008417133885005,0.1907026940602766
Monocyte,Monocyte,25018,0.0642300600553648,0.0384285685085206,0.0018889861931133617,0.09151899761327015,0.6564473579023103
Monocyte,DC,25018,0.004346025933678059,0.0,0.0,0.00014148769359814903,0.1090015189063874
Monocyte,Myeloid (other),25018,0.014458037642525751,0.00018039122911061618,0.0,0.014829469835342855,0.285354544727796
Monocyte,Parenchyma,25018,0.6484487329628591,0.6784394863408834,0.5240059896508552,0.7991552914655762,0.9978415540810617
Monocyte,ambiguous,25018,0.01093300772967344,0.0,0.0,0.0014488056312568518,0.18266847869533936
DC,Endothelial,3847,0.07521815055384047,0.05025388875500199,0.02008596538629497,0.09189236054816513,0.8372757993241486
DC,Fibroblast,3847,0.12135142747268945,0.06175598441227151,0.002464289694590633,0.2061765535804922,0.6768910839615284
DC,Macrophage,3847,0.06834653591523193,0.04322087898466778,0.003935253367432048,0.10247325077371314,0.6904081102157525
DC,CD8 T,3847,0.019688077409620208,0.00014720962123094072,0.0,0.016908870945702058,0.29659474915518586
DC,CD4 T,3847,0.017049580865838868,2.985113506765403e-06,0.0,0.009529091149538791,0.24694567195217051
DC,Treg,3847,0.0017703644583623248,0.0,0.0,0.0,0.04393033532622823
DC,B cell,3847,0.00940612776910866,0.0,0.0,0.0005722143676282836,0.15544580192357682
DC,NK,3847,0.007555767926044957,0.0,0.0,0.002319205428706927,0.17416168442942553
DC,Monocyte,3847,0.028402049088480458,0.006370126120592395,1.998206209876235e-06,0.043421106445254376,0.45801923576813103
DC,DC,3847,0.018190831185029177,9.51778322588526e-05,0.0,0.02654990831645207,0.32492851572654013
DC,Myeloid (other),3847,0.01770767555963784,0.0006760476825840885,0.0,0.021669976241950287,0.3290876007278399
DC,Parenchyma,3847,0.6061229886545547,0.6266725844076575,0.4846880211828083,0.7611160683674836,0.9877826878086821
DC,ambiguous,3847,0.009190423141561023,0.0,0.0,0.0010969802957777222,0.16142448661294515
Myeloid (other),Endothelial,10588,0.05976682191807537,0.04284859912456773,0.015611732848958688,0.07839441257838224,0.812145825462788
Myeloid (other),Fibroblast,10588,0.11450473870102108,0.054941179878791394,0.0012062597437252696,0.19084897353205219,0.6587646392142048
Myeloid (other),Macrophage,10588,0.04780598544723643,0.020311618284753724,0.0006813303991898851,0.0688015397375952,0.583679637325274
Myeloid (other),CD8 T,10588,0.01375853532984639,0.0,0.0,0.00711978502738387,0.23073290517567058
Myeloid (other),CD4 T,10588,0.010558214938120947,0.0,0.0,0.003500492369237655,0.19569323762750282
Myeloid (other),Treg,10588,0.001752879593691419,0.0,0.0,0.0,0.04051756705704571
Myeloid (other),B cell,10588,0.011581882374656795,0.0,0.0,0.0016484338873059261,0.17878730638458631
Myeloid (other),NK,10588,0.005438491807898843,0.0,0.0,0.000879641867763387,0.132130714015867
Myeloid (other),Monocyte,10588,0.03432090899644745,0.00826876281673482,3.822367769169992e-05,0.04677705485628496,0.4819607102380053
Myeloid (other),DC,10588,0.006486823731274605,0.0,0.0,0.0014211376682167333,0.1545145447676615
Myeloid (other),Myeloid (other),10588,0.038156916898248565,0.01083506209737407,6.563026315027264e-06,0.05623772466545071,0.5075557234605214
Myeloid (other),Parenchyma,10588,0.6429238416289782,0.6714433737566525,0.5217079669525739,0.7958948191030641,0.9928220627125047
Myeloid (other),ambiguous,10588,0.012943958634503866,0.0,0.0,0.0013806173729623227,0.18360408009066867
Parenchyma,Endothelial,1461643,0.062274936355126834,0.04715537515288759,0.018629048248709562,0.08513212249170417,0.8334370980542405
Parenchyma,Fibroblast,1461643,0.10110921109071586,0.05913889042928144,0.004126145541886599,0.16374925053754388,0.7031690429928026
Parenchyma,Macrophage,1461643,0.021266774808847085,0.0025255536880019348,2.1342227863085962e-06,0.026385362075845194,0.3759571440299937
Parenchyma,CD8 T,1461643,0.006458110924507335,9.139058129241004e-07,0.0,0.002437173703187409,0.1603554910921978
Parenchyma,CD4 T,1461643,0.0031648037863211556,0.0,0.0,2.3345906873319906e-05,0.08059097999507403
Parenchyma,Treg,1461643,0.0006888482933633653,0.0,0.0,0.0,0.016973399742754715
Parenchyma,B cell,1461643,0.0018691175564562199,0.0,0.0,0.0,0.04674269998084343
Parenchyma,NK,1461643,0.0026723729015185704,0.0,0.0,2.150222150231445e-05,0.0726943707068772
Parenchyma,Monocyte,1461643,0.011109179271982853,0.00010989949132416337,0.0,0.008943000085781541,0.24024041487644016
Parenchyma,DC,1461643,0.0015833655092860647,0.0,0.0,0.0,0.04474425987247202
Parenchyma,Myeloid (other),1461643,0.004623453139459151,0.0,0.0,0.0003112116242576176,0.11328302454776826
Parenchyma,Parenchyma,1461643,0.7805482061888812,0.8088832844287864,0.6968963002489984,0.891425121597837,0.9999254262335459
Parenchyma,ambiguous,1461643,0.0026316201735342827,0.0,0.0,0.0,0.0652883062860896
ambiguous,Endothelial,7374,0.08232368877984725,0.052586201676309785,0.018736088598637166,0.10564259749377493,0.8212639001898563
ambiguous,Fibroblast,7374,0.12042982625800422,0.03874535480452463,8.036590797812744e-05,0.20309893962918937,0.5930295633306211
ambiguous,Macrophage,7374,0.06730637063258021,0.024854936880744673,0.0006247272265460894,0.08909217372371825,0.596419853539463
ambiguous,CD8 T,7374,0.023214491157122208,0.0,0.0,0.016040868799562184,0.2774613506916192
ambiguous,CD4 T,7374,0.028804491829580975,0.0015400871465368771,0.0,0.03594873390081912,0.3867643070246813
ambiguous,Treg,7374,0.01114527895239486,0.0,0.0,0.00013426660341151213,0.15351234065636019
ambiguous,B cell,7374,0.010789948035077688,0.0,0.0,0.002964386679114075,0.19772172497965826
ambiguous,NK,7374,0.009720349797904976,0.0,0.0,0.003822771201047116,0.19283970707892595
ambiguous,Monocyte,7374,0.03805860726469034,0.004364558216217306,0.0,0.04662156433602529,0.43626254407377274
ambiguous,DC,7374,0.004783396318135536,0.0,0.0,0.00010641533241805385,0.10781122864117168
ambiguous,Myeloid (other),7374,0.018944434105757423,1.758371088387569e-05,0.0,0.014523475747428072,0.27434228369948466
ambiguous,Parenchyma,7374,0.5334989064816064,0.5627981914189526,0.35359244645606686,0.7434184359758668,0.9530783835096285
ambiguous,ambiguous,7374,0.050980210387297935,0.014572355557023554,1.365815936060562e-06,0.06700980992513719,0.5295633306211012
