donor,region,roi,n_cells_total,area_mm2,density_cd4_t,density_cd8_t,density_b_cell,density_macrophage,density_mdsc,density_other_immune,density_fibroblast,density_endothelial,has_septa,nn_cd4_t_to_cd4_t,nn_cd4_t_to_cd8_t,nn_cd4_t_to_b_cell,nn_cd4_t_to_macrophage,nn_cd4_t_to_other_immune,nn_cd8_t_to_cd4_t,nn_cd8_t_to_cd8_t,nn_cd8_t_to_b_cell,nn_cd8_t_to_macrophage,nn_cd8_t_to_other_immune,nn_b_cell_to_cd4_t,nn_b_cell_to_cd8_t,nn_b_cell_to_b_cell,nn_b_cell_to_macrophage,nn_b_cell_to_other_immune,nn_macrophage_to_cd4_t,nn_macrophage_to_cd8_t,nn_macrophage_to_b_cell,nn_macrophage_to_macrophage,nn_macrophage_to_other_immune,nn_other_immune_to_cd4_t,nn_other_immune_to_cd8_t,nn_other_immune_to_b_cell,nn_other_immune_to_macrophage,nn_other_immune_to_other_immune,nn_cd4_t_to_mdsc,nn_cd8_t_to_mdsc,nn_b_cell_to_mdsc,nn_macrophage_to_mdsc,nn_mdsc_to_cd4_t,nn_mdsc_to_cd8_t,nn_mdsc_to_b_cell,nn_mdsc_to_macrophage,nn_mdsc_to_mdsc,nn_mdsc_to_other_immune,nn_other_immune_to_mdsc,nn_cd4_t_to_fibroblast,nn_cd8_t_to_fibroblast,nn_b_cell_to_fibroblast,nn_macrophage_to_fibroblast,nn_other_immune_to_fibroblast,nn_fibroblast_to_cd4_t,nn_fibroblast_to_cd8_t,nn_fibroblast_to_b_cell,nn_fibroblast_to_macrophage,nn_fibroblast_to_other_immune,nn_fibroblast_to_fibroblast,septa_p25_cd4_t,septa_p50_cd4_t,septa_p75_cd4_t,septa_p25_cd8_t,septa_p50_cd8_t,septa_p75_cd8_t,septa_p25_b_cell,septa_p50_b_cell,septa_p75_b_cell,septa_p25_macrophage,septa_p50_macrophage,septa_p75_macrophage,septa_p25_other_immune,septa_p50_other_immune,septa_p75_other_immune,septa_p25_mdsc,septa_p50_mdsc,septa_p75_mdsc,septa_p25_endothelial,septa_p50_endothelial,septa_p75_endothelial,nn_cd4_t_to_endothelial,nn_cd8_t_to_endothelial,nn_b_cell_to_endothelial,nn_macrophage_to_endothelial,nn_other_immune_to_endothelial,nn_endothelial_to_cd4_t,nn_endothelial_to_cd8_t,nn_endothelial_to_b_cell,nn_endothelial_to_macrophage,nn_endothelial_to_other_immune,nn_endothelial_to_endothelial,nn_mdsc_to_endothelial,nn_endothelial_to_mdsc,septa_p25_fibroblast,septa_p50_fibroblast,septa_p75_fibroblast,nn_mdsc_to_fibroblast,nn_fibroblast_to_mdsc,nn_fibroblast_to_endothelial,nn_endothelial_to_fibroblast
HPAP-004,Body of pancreas,ROI1,4895,0.9939,6.04,23.14,5.03,156.95,0.0,2355.25,0.0,0.0,False,202.3,118.7,362.3,56.9,9.1,254.5,153.8,178.5,25.8,12.6,247.9,90.1,283.8,46.8,8.7,253.2,80.4,185.2,25.2,12.3,211.2,103.9,218.5,43.5,11.1,,,,,,,,,,,,,,,,,,,,,,,,,,,,,,,,,,,,,,,,,,,,,,,,,,,,,,,,,,,,,,,
HPAP-004,Body of pancreas,ROI3,4681,0.9943,5.03,22.13,9.05,76.43,4.02,2857.17,0.0,0.0,False,270.1,137.7,163.9,45.3,13.5,206.6,94.1,128.3,68.4,10.7,83.7,71.0,113.7,38.1,10.6,189.1,111.3,156.9,20.6,10.1,237.8,113.1,177.9,77.3,10.8,316.7,284.6,303.1,281.9,255.9,139.3,238.0,85.7,293.3,11.2,219.0,,,,,,,,,,,,,,,,,,,,,,,,,,,,,,,,,,,,,,,,,,,,,,,,,,,,
HPAP-004,Body of pancreas,ROI4,4531,0.9977,4.01,26.06,14.03,129.3,1.0,2354.49,91.21,0.0,False,196.3,163.8,95.0,56.2,14.9,259.5,65.2,154.2,40.7,13.1,304.9,109.7,130.5,57.6,12.3,270.2,92.9,157.6,26.9,12.9,294.0,103.8,131.5,48.1,11.4,,,,,,,,,,,,24.9,62.1,74.7,62.4,45.0,296.2,117.8,136.4,53.8,11.3,62.5,,,,,,,,,,,,,,,,,,,,,,,,,,,,,,,,,,,,,,,,,
HPAP-004,Head of pancreas,ROI1,2276,0.995,3.02,282.41,6.03,72.36,1.01,1059.29,677.38,0.0,False,245.6,26.9,121.9,31.3,11.9,192.6,17.0,143.2,37.3,12.0,176.0,29.6,175.8,38.0,18.3,219.1,22.6,123.5,34.0,13.8,218.1,23.6,141.7,50.6,12.7,,,,,,,,,,,,14.9,52.6,15.8,27.9,28.7,296.0,74.5,232.0,94.9,19.1,13.4,,,,,,,,,,,,,,,,,,,,,,,,,,,,,,,,,,,,,,,,,
HPAP-004,Head of pancreas,ROI2,3369,0.9931,11.08,47.33,4.03,133.92,1.01,1401.63,0.0,0.0,True,51.6,48.7,450.4,15.6,15.0,127.8,60.5,409.0,31.2,12.1,107.8,10.1,80.9,29.1,13.9,93.9,45.3,421.2,23.6,12.7,169.9,70.4,406.0,47.6,11.1,,,,,,,,,,,,,,,,,,,,,,,6.0,15.6,75.5,27.8,76.6,170.0,51.2,127.1,198.7,15.8,61.3,141.3,56.3,119.1,194.8,,,,,,,,,,,,,,,,,,,,,,,,,,
HPAP-004,Head of pancreas,ROI3,3090,0.9916,5.04,422.54,36.3,166.4,6.05,1290.82,0.0,0.0,True,98.9,41.5,75.1,14.2,13.9,216.4,17.7,76.4,39.6,13.0,225.1,21.3,84.3,42.2,13.4,220.4,23.7,78.3,22.9,14.6,224.7,22.1,81.3,39.8,13.0,84.8,225.0,194.4,208.9,132.1,20.5,79.5,62.6,131.7,17.2,220.9,,,,,,,,,,,,180.7,278.8,338.1,189.9,304.3,403.2,147.7,248.6,369.3,157.8,278.0,344.2,147.3,286.1,375.3,71.5,167.6,224.2,,,,,,,,,,,,,,,,,,,,,,,
HPAP-004,Tail of pancreas,ROI1,4588,0.9935,13.09,97.64,212.38,153.0,1.01,1658.8,0.0,118.77,True,108.0,32.0,55.9,28.3,12.0,143.4,41.1,46.0,40.9,13.5,136.2,53.7,16.6,46.6,12.4,124.7,53.1,54.6,33.8,13.6,134.4,54.9,50.7,41.4,12.5,,,,,,,,,,,,,,,,,,,,,,,155.9,255.6,516.0,104.8,230.2,325.9,270.3,348.1,439.3,89.3,237.8,438.8,124.5,293.5,494.6,,,,307.5,405.1,479.1,250.7,309.4,21.7,269.1,215.3,143.9,50.2,14.8,48.9,14.0,12.4,,,,,,,,,
HPAP-004,Tail of pancreas,ROI2,3115,0.9932,5.03,15.1,38.26,50.34,0.0,1396.53,0.0,191.31,True,317.2,349.5,95.9,46.0,13.7,416.5,113.5,114.2,72.7,17.4,402.7,52.8,18.8,57.7,14.2,209.9,175.7,151.8,50.7,13.7,214.5,190.0,134.4,69.2,13.4,,,,,,,,,,,,,,,,,,,,,,,207.8,582.5,584.0,195.4,495.2,539.3,484.9,525.7,573.6,218.3,448.0,585.6,226.0,452.6,619.9,,,,288.9,469.0,530.8,56.5,62.5,16.8,85.4,72.5,184.2,223.0,59.3,75.0,14.9,12.3,,,,,,,,,
HPAP-004,Tail of pancreas,ROI3,3108,0.995,4.02,18.09,12.06,58.29,0.0,1477.4,0.0,569.85,False,205.4,213.0,115.0,61.6,15.6,294.8,101.8,136.6,76.2,13.9,188.9,116.6,108.5,47.9,12.4,224.9,139.5,179.2,42.2,12.7,259.8,131.4,168.4,85.6,12.6,,,,,,,,,,,,,,,,,,,,,,,,,,,,,,,,,,,,,,,,,,,,53.4,73.8,28.1,50.6,78.0,175.5,142.6,130.8,86.1,33.1,11.5,,,,,,,,,
HPAP-005,Body of pancreas,ROI1,1673,0.9924,5.04,32.24,4.03,30.23,302.28,455.44,0.0,52.4,True,53.9,41.5,227.5,99.9,19.5,147.8,28.7,170.0,79.0,33.7,302.4,201.8,417.7,75.2,11.8,467.2,103.1,211.0,86.9,18.5,394.5,164.1,208.4,80.9,18.3,13.3,13.2,18.6,21.0,180.6,79.1,164.3,64.9,17.0,19.2,27.9,,,,,,,,,,,,37.1,61.3,79.6,7.7,15.1,59.8,47.0,172.7,291.1,119.3,175.0,312.6,74.1,149.3,241.9,25.5,102.4,225.2,116.0,148.3,180.8,194.8,311.6,87.7,113.5,117.3,440.2,226.4,217.5,88.4,36.7,17.7,150.8,56.6,,,,,,,
HPAP-005,Body of pancreas,ROI2,2773,0.9942,1.01,5.03,2.01,2.01,370.14,412.38,0.0,376.17,True,,,,,,,253.1,403.9,130.4,10.4,,260.1,628.5,230.2,18.9,,62.7,230.2,967.5,28.3,,218.3,337.0,354.3,20.2,,21.2,19.6,19.1,,190.8,350.0,351.2,18.3,20.4,24.5,,,,,,,,,,,,,,,48.9,54.6,125.4,,,,,,,60.4,107.8,174.6,69.0,123.4,186.0,33.1,94.0,165.1,,48.0,18.2,40.6,24.3,,248.9,332.8,399.4,23.2,20.6,23.7,26.2,,,,,,,
HPAP-005,Body of pancreas,ROI3,2055,0.9964,0.0,2.01,1.0,24.09,175.63,613.19,0.0,462.66,True,,,,,,,519.6,,155.9,10.8,,,,,,,304.1,,84.5,21.7,,448.7,,134.4,15.2,,23.6,,43.1,,455.3,,141.5,29.3,15.2,30.3,,,,,,,,,,,,,,,,,,,,,81.2,133.8,240.3,63.6,120.1,193.0,52.9,109.6,172.6,47.2,113.3,184.6,,39.4,,20.1,20.6,,421.2,,116.9,18.3,16.6,20.8,33.3,,,,,,,
HPAP-005,Head of pancreas,ROI1,4842,0.9962,0.0,10.04,10.04,63.24,33.13,747.87,1024.93,0.0,True,,,,,,,130.6,154.7,35.8,13.8,,111.5,164.7,80.4,16.3,,170.9,135.4,46.4,16.0,,154.9,142.6,64.2,16.7,,108.4,61.6,92.2,,191.8,134.3,56.2,80.4,20.2,82.3,,18.0,15.8,16.1,14.9,,165.8,155.7,63.2,16.6,13.2,,,,281.1,370.9,389.8,253.6,330.2,381.4,95.6,245.9,382.9,162.0,291.8,420.8,163.0,310.8,452.9,,,,,,,,,,,,,,,,,98.2,279.5,428.7,17.7,88.9,,
HPAP-005,Head of pancreas,ROI2,3493,0.9944,1.01,5.03,4.02,44.25,27.15,1832.19,0.0,249.39,True,,,,,,,141.7,105.1,86.6,12.4,,142.9,207.0,55.4,18.3,,204.8,252.2,64.3,12.8,,206.8,260.4,80.7,12.2,,111.3,86.6,62.5,,202.4,149.4,55.6,64.5,12.5,105.4,,,,,,,,,,,,,,,125.2,132.9,168.7,178.5,208.0,234.0,55.2,190.6,244.4,115.7,193.0,276.5,149.5,216.1,276.7,242.3,302.5,356.3,,69.0,16.3,63.0,60.4,,245.6,178.9,81.5,22.5,11.9,43.3,90.8,,,,,,,
HPAP-005,Head of pancreas,ROI3,1987,0.9935,2.01,21.14,3.02,2.01,118.78,904.92,0.0,318.08,True,302.5,20.9,387.9,149.3,40.8,147.7,59.4,368.2,158.0,18.0,428.6,139.4,697.6,491.4,11.0,146.7,34.8,433.5,289.7,81.0,525.4,165.3,246.7,603.8,14.6,74.4,58.8,65.9,47.1,637.5,174.2,257.7,679.8,33.1,15.2,45.1,,,,,,,,,,,,,,,139.5,248.1,533.1,261.4,297.8,603.0,,,,227.6,424.8,658.3,238.2,563.4,710.7,295.7,504.1,688.7,90.4,76.2,10.8,139.5,25.6,574.3,165.2,254.4,633.4,14.8,22.2,24.1,47.3,,,,,,,
HPAP-005,Tail of pancreas,ROI1,385,0.98,2.04,5.1,5.1,12.24,188.77,20.41,0.0,0.0,True,589.1,209.4,227.4,132.1,226.8,311.0,302.3,160.0,136.7,134.5,280.3,160.0,101.9,154.9,150.4,210.1,184.4,219.9,113.5,125.8,497.0,202.4,191.1,136.8,65.9,27.5,32.5,29.0,35.9,305.7,215.1,190.9,138.1,30.3,98.9,33.3,,,,,,,,,,,,,,,101.0,115.9,213.0,133.7,213.1,238.9,42.0,189.8,355.5,18.8,67.0,268.0,80.1,198.8,319.8,,,,,,,,,,,,,,,,,,,,,,,
HPAP-005,Tail of pancreas,ROI2,356,0.9802,2.04,6.12,1.02,5.1,149.98,5.1,0.0,87.74,True,421.9,222.3,,294.9,281.9,421.0,208.4,,149.7,296.9,,,,,,366.4,219.6,,369.1,145.5,329.3,291.2,,224.6,147.3,50.6,30.1,,14.2,345.7,241.1,,198.8,34.3,170.4,25.6,,,,,,,,,,,,,,,108.6,155.7,204.6,,,,75.7,114.3,190.0,65.3,106.2,112.3,66.7,120.7,178.6,27.9,102.4,201.4,90.7,68.8,,39.3,20.8,339.1,259.2,,174.1,159.5,39.3,41.1,32.7,,,,,,,
HPAP-006,Body of pancreas,ROI4,837,0.9794,14.29,37.78,45.94,27.57,2.04,216.45,0.0,0.0,True,62.4,40.1,54.6,99.9,31.2,78.1,60.5,59.4,76.9,26.2,130.8,92.3,30.3,89.0,28.4,214.6,89.1,146.1,83.8,24.3,166.5,76.9,91.8,80.7,25.0,414.8,313.0,451.2,346.5,130.2,193.5,77.3,177.9,788.4,87.5,360.8,,,,,,,,,,,,27.8,121.9,217.6,27.9,67.1,163.7,110.4,166.1,229.1,30.4,102.3,171.7,49.4,117.0,185.4,,,,,,,,,,,,,,,,,,,,,,,,,,
HPAP-006,Body of pancreas,ROI5,1310,0.9873,11.14,19.24,3.04,30.39,1.01,536.83,0.0,84.07,True,45.9,129.3,77.3,144.0,26.6,147.1,36.7,175.6,179.1,21.0,70.9,63.5,423.4,84.6,16.9,229.9,134.7,433.3,78.5,17.6,246.4,215.6,366.6,87.0,16.9,,,,,,,,,,,,,,,,,,,,,,,154.3,221.7,325.3,102.0,144.6,191.9,162.8,193.4,231.9,30.8,122.5,263.9,96.5,167.9,294.3,,,,182.7,283.6,353.2,66.3,65.2,75.1,83.4,69.8,173.4,269.8,306.7,101.6,25.1,24.9,,,,,,,,,
HPAP-006,Body of pancreas,ROI6,1104,0.993,11.08,30.21,13.09,41.29,10.07,563.97,0.0,12.09,True,157.1,94.2,112.1,88.5,19.4,148.3,51.4,175.8,77.2,21.3,136.4,96.1,187.3,91.3,16.8,136.7,129.5,168.6,59.3,16.8,152.1,98.6,140.7,83.4,18.2,172.7,130.8,172.9,229.0,104.6,55.6,107.1,77.9,145.5,26.7,181.4,,,,,,,,,,,,227.4,263.0,405.6,133.4,228.0,343.5,143.5,170.2,251.8,21.5,121.0,214.2,87.1,155.1,274.5,249.5,379.5,483.6,232.9,250.5,264.2,261.8,247.5,486.7,338.3,410.0,116.7,78.8,69.1,160.4,47.0,16.0,234.3,157.6,,,,,,,
HPAP-006,Head of pancreas,ROI1,2413,0.9926,41.31,56.42,87.65,96.71,16.12,1193.82,270.0,175.3,True,55.9,49.8,33.0,49.7,12.4,50.6,41.1,47.2,44.4,15.5,40.0,51.8,22.1,42.9,15.7,82.9,66.8,79.9,42.9,15.6,70.6,77.4,72.9,50.0,13.2,108.3,119.1,150.6,195.7,32.4,39.8,68.4,55.3,19.7,16.0,158.7,50.1,65.1,78.3,41.2,40.7,276.9,124.2,171.3,49.7,16.7,14.6,174.9,269.5,313.1,159.6,280.0,335.9,169.5,273.4,325.7,145.4,238.1,330.0,133.8,216.6,315.1,99.4,151.9,225.6,165.2,208.6,254.4,118.3,106.1,35.3,117.7,109.4,99.1,98.0,33.5,50.4,28.7,11.9,112.4,143.3,42.2,102.1,254.4,36.0,355.8,161.9,82.6
HPAP-006,Head of pancreas,ROI2,2160,0.9934,10.07,31.21,255.69,102.68,2.01,778.15,0.0,0.0,True,131.0,74.1,52.8,57.9,19.7,144.2,93.5,57.1,39.6,17.9,162.4,87.3,13.2,47.6,28.6,146.5,80.0,61.2,32.1,17.8,159.4,87.5,87.5,52.9,14.4,358.9,327.1,197.5,294.5,149.7,25.8,60.1,37.4,229.6,21.0,351.3,,,,,,,,,,,,6.3,37.4,122.3,40.1,95.6,180.0,43.9,122.9,206.3,42.1,141.0,214.0,92.7,179.1,346.1,,,,,,,,,,,,,,,,,,,,,,,,,,
HPAP-006,Head of pancreas,ROI3,2090,1.0918,19.24,27.48,172.2,90.68,9.16,850.92,0.0,0.0,True,82.5,66.9,60.1,70.6,15.8,108.2,60.7,85.0,47.9,22.3,124.9,63.5,13.8,80.7,22.9,124.2,127.1,76.1,40.0,16.9,123.5,125.0,62.9,52.5,14.8,136.1,214.4,97.2,221.7,91.2,77.0,38.4,103.6,119.6,15.4,154.5,,,,,,,,,,,,118.2,232.4,420.7,29.6,208.9,342.8,142.6,266.7,323.0,64.1,203.0,317.6,115.3,215.4,364.7,178.5,275.7,396.4,,,,,,,,,,,,,,,,,,,,,,,
HPAP-006,Tail of pancreas,ROI1,625,0.987,2.03,8.11,36.47,11.15,0.0,198.58,0.0,0.0,True,406.7,201.1,138.5,181.7,29.6,291.4,64.1,79.3,106.5,29.0,326.5,484.1,18.4,114.5,30.9,288.9,119.8,80.0,122.3,30.4,315.9,227.5,129.6,135.6,20.1,,,,,,,,,,,,,,,,,,,,,,,,,,317.6,407.6,620.1,116.1,169.0,327.5,233.8,357.2,570.8,148.3,283.9,637.7,,,,,,,,,,,,,,,,,,,,,,,,,,
HPAP-006,Tail of pancreas,ROI2,910,0.9825,0.0,14.25,8.14,14.25,2.04,418.33,0.0,0.0,False,,,,,,,83.6,110.3,144.6,19.0,,82.8,209.8,133.0,19.1,,268.5,168.7,113.8,22.7,,104.6,176.7,120.6,15.6,,244.9,401.9,295.5,,172.5,259.4,149.0,488.4,20.3,306.4,,,,,,,,,,,,,,,,,,,,,,,,,,,,,,,,,,,,,,,,,,,,,,,,,,,,
HPAP-006,Tail of pancreas,ROI3,560,0.9702,0.0,5.15,1.03,26.8,0.0,397.85,0.0,0.0,True,,,,,,,356.0,,171.2,13.9,,,,,,,223.5,,106.9,18.8,,194.7,,82.8,18.5,,,,,,,,,,,,,,,,,,,,,,,,,,206.6,244.3,245.2,,,,166.8,248.6,287.1,133.3,205.1,282.1,,,,,,,,,,,,,,,,,,,,,,,,,,
HPAP-011,Body of pancreas,ROI1,453,0.9752,0.0,5.13,183.56,6.15,0.0,24.61,0.0,105.62,True,,,,,,,203.8,28.2,170.3,72.4,,158.6,20.0,196.2,62.8,,59.4,20.6,94.0,58.4,,352.9,26.6,210.5,63.7,,,,,,,,,,,,,,,,,,,,,,,,,,11.2,161.7,535.6,146.0,337.1,557.3,558.5,618.1,724.1,249.8,567.7,666.7,,,,238.1,435.2,657.6,,58.9,40.1,34.2,31.7,,223.5,36.1,250.8,69.4,34.4,,,,,,,,,
HPAP-011,Body of pancreas,ROI2,346,0.8828,0.0,0.0,28.32,7.93,0.0,63.43,0.0,131.39,True,,,,,,,,,,,,,75.8,158.3,45.4,,,65.8,158.9,63.1,,,78.5,169.9,62.8,,,,,,,,,,,,,,,,,,,,,,,,,,,,,106.6,246.3,367.1,145.7,180.4,216.8,138.3,244.6,420.6,,,,172.9,252.2,398.4,,,30.9,46.0,39.1,,,78.5,185.4,59.2,36.6,,,,,,,,,
HPAP-011,Body of pancreas,ROI3,361,0.9194,0.0,0.0,196.86,9.79,0.0,29.37,0.0,0.0,True,,,,,,,,,,,,,14.4,115.6,45.6,,,18.7,94.7,58.6,,,20.4,113.7,35.4,,,,,,,,,,,,,,,,,,,,,,,,,,,,,79.4,170.4,267.4,5.4,7.1,297.0,70.3,211.9,315.2,,,,,,,,,,,,,,,,,,,,,,,,,,
HPAP-011,Head of pancreas,ROI1,785,0.9856,0.0,82.18,0.0,227.26,0.0,0.0,102.47,0.0,True,,,,,,,27.2,,17.5,,,,,,,,35.1,,20.1,,,,,,,,,,,,,,,,,,,34.9,,34.0,,,46.4,,23.5,,35.9,,,,127.5,256.6,372.9,,,,112.4,214.4,395.3,,,,,,,,,,,,,,,,,,,,,,,107.3,250.4,395.7,,,,
HPAP-011,Head of pancreas,ROI2,570,0.9811,0.0,16.31,4.08,213.02,0.0,0.0,0.0,61.15,True,,,,,,,153.0,254.4,31.5,,,102.5,329.2,46.6,,,110.0,317.8,25.8,,,,,,,,,,,,,,,,,,,,,,,,,,,,,,,,94.3,175.9,288.0,128.0,203.5,284.5,184.1,302.4,471.3,,,,,,,97.6,176.2,285.3,,64.1,83.4,59.7,,,99.1,272.1,27.8,,42.9,,,,,,,,,
HPAP-011,Head of pancreas,ROI3,675,0.9729,0.0,180.9,63.72,244.62,0.0,0.0,42.14,0.0,True,,,,,,,29.9,54.0,34.7,,,33.8,52.2,27.5,,,36.7,56.3,26.1,,,,,,,,,,,,,,,,,,,71.7,71.6,67.8,,,30.4,49.7,26.6,,78.4,,,,24.5,59.1,117.4,14.6,52.7,111.8,14.6,69.3,135.4,,,,,,,,,,,,,,,,,,,,,,,14.9,62.0,130.2,,,,
HPAP-011,Tail of pancreas,ROI1,661,0.9709,1.03,1.03,197.75,41.2,2.06,80.34,0.0,0.0,True,,,,,,,,,,,,,21.0,73.8,42.7,,,39.9,36.5,55.0,,,22.3,70.6,38.0,,,289.7,364.2,,,16.7,94.1,108.0,33.3,299.2,,,,,,,,,,,,,,,,,,100.7,223.0,295.9,59.9,252.4,324.4,55.1,133.2,264.3,,,,,,,,,,,,,,,,,,,,,,,,,,
HPAP-011,Tail of pancreas,ROI2,919,1.1885,0.0,18.51,140.52,98.45,1.68,91.72,0.0,0.0,True,,,,,,,34.4,19.2,29.9,49.1,,126.6,27.5,40.5,36.1,,166.5,30.7,30.3,41.8,,192.3,31.8,37.8,41.8,,288.7,273.7,336.3,,284.0,67.8,115.5,1023.0,75.1,315.5,,,,,,,,,,,,,,,34.4,117.5,194.1,56.1,112.4,207.0,62.8,131.5,199.1,45.3,106.7,209.6,,,,,,,,,,,,,,,,,,,,,,,,,,
HPAP-011,Tail of pancreas,ROI3,1290,1.1888,2.52,19.35,258.25,196.84,10.09,226.29,0.0,49.63,True,32.6,22.6,11.7,11.0,12.9,129.5,48.6,15.5,25.5,17.5,198.5,81.2,16.0,26.4,17.8,253.3,99.3,23.8,15.1,25.9,252.9,98.7,17.5,30.5,20.5,27.1,65.8,394.0,217.2,122.0,42.0,15.5,25.4,37.3,15.0,328.2,,,,,,,,,,,,7.7,12.5,27.2,24.5,71.0,132.3,55.2,124.5,197.1,79.3,138.9,208.4,58.2,141.2,220.3,7.3,17.6,103.8,31.2,98.6,205.3,134.0,82.0,129.3,120.5,122.7,257.2,137.6,35.0,52.5,33.4,15.9,51.4,142.4,,,,,,,
HPAP-012,Body of pancreas,ROI1,977,0.9977,1.0,2.0,13.03,19.04,0.0,360.83,0.0,24.06,True,,,,,,,50.6,482.8,71.4,17.3,,827.0,30.2,49.6,17.7,,473.9,210.6,109.7,22.4,,552.6,252.4,107.1,21.7,,,,,,,,,,,,,,,,,,,,,,,,,,,,,333.5,346.3,438.5,464.3,652.0,786.9,352.5,558.2,759.5,,,,560.7,725.7,798.5,,50.0,166.6,76.2,108.2,,464.3,225.0,94.7,24.2,105.0,,,,,,,,,
HPAP-012,Body of pancreas,ROI2,1235,0.9932,0.0,0.0,4.03,17.12,0.0,397.71,0.0,0.0,True,,,,,,,,,,,,,130.6,108.1,17.5,,,303.0,144.6,19.7,,,299.1,100.3,17.9,,,,,,,,,,,,,,,,,,,,,,,,,,,,,364.5,413.7,534.0,136.7,318.1,517.9,197.4,312.1,463.7,,,,,,,,,,,,,,,,,,,,,,,,,,
HPAP-012,Body of pancreas,ROI3,2035,0.9942,0.0,0.0,1.01,21.12,0.0,44.26,552.22,0.0,False,,,,,,,,,,,,,,,,,,,78.4,71.4,,,,119.9,55.0,,,,,,,,,,,,,,,21.6,20.7,,,,121.0,76.1,15.3,,,,,,,,,,,,,,,,,,,,,,,,,,,,,,,,,,,,,,,,,
HPAP-012,Head of pancreas,ROI1,4911,1.1449,5.24,6.11,226.23,104.82,0.87,930.25,727.6,0.0,True,142.7,226.2,61.0,32.6,10.8,200.6,139.9,48.4,63.3,11.3,139.0,140.2,11.1,44.3,13.3,172.5,203.4,60.1,33.2,14.3,194.5,193.6,38.6,49.7,12.2,,,,,,,,,,,,16.2,30.9,46.7,19.0,25.3,226.9,328.7,112.1,54.6,19.3,13.8,286.3,304.7,350.9,313.8,446.5,500.2,360.9,401.0,447.3,176.9,283.6,378.5,221.8,325.6,414.3,,,,,,,,,,,,,,,,,,,,89.3,172.7,285.6,,,,
HPAP-012,Head of pancreas,ROI2,1600,0.9895,0.0,321.36,109.14,42.44,0.0,0.0,394.13,0.0,True,,,,,,,17.9,58.6,62.4,,,26.7,28.3,94.3,,,18.6,85.6,42.1,,,,,,,,,,,,,,,,,,,28.6,22.3,34.9,,,30.4,44.1,108.3,,15.5,,,,14.4,62.5,142.5,59.6,110.0,310.4,4.0,16.6,129.0,,,,,,,,,,,,,,,,,,,,,,,82.5,262.6,395.0,,,,
HPAP-012,Head of pancreas,ROI3,4715,0.9977,4.01,13.03,60.14,111.25,0.0,2052.65,564.28,0.0,True,260.9,76.9,128.4,52.3,8.6,158.0,176.8,105.4,36.9,11.7,221.7,139.4,24.1,56.9,11.0,259.7,126.2,111.4,34.0,12.1,235.1,130.8,94.0,47.9,10.9,,,,,,,,,,,,21.3,21.8,38.2,18.4,21.9,207.6,128.6,96.0,45.3,11.5,15.4,10.8,115.6,246.4,30.4,133.0,219.9,165.4,272.0,336.1,90.8,180.2,268.2,103.3,192.3,286.1,,,,,,,,,,,,,,,,,,,,115.1,199.3,288.4,,,,
HPAP-012,Tail of pancreas,ROI1,3573,0.9967,2.01,12.04,6.02,71.24,0.0,1397.66,0.0,0.0,True,603.2,72.7,250.5,28.6,10.8,125.5,114.4,265.3,26.9,17.5,225.1,127.2,136.6,27.6,11.1,286.3,129.9,203.4,44.7,13.5,416.5,225.0,219.3,57.1,12.4,,,,,,,,,,,,,,,,,,,,,,,,,,51.7,168.7,309.2,165.8,275.2,381.9,110.9,230.2,392.6,161.0,271.1,389.6,,,,,,,,,,,,,,,,,,,,,,,,,,
HPAP-012,Tail of pancreas,ROI2,2013,0.9967,2.01,9.03,1.0,121.4,0.0,1018.36,0.0,70.23,True,329.4,148.0,,11.4,9.9,498.4,101.8,,28.5,13.1,,,,,,569.7,136.6,,31.2,18.1,429.4,167.1,,47.6,12.3,,,,,,,,,,,,,,,,,,,,,,,,,,25.3,68.6,106.5,,,,17.5,54.1,133.6,55.4,130.6,264.4,,,,100.2,140.3,190.2,107.6,225.0,,203.8,114.2,407.4,143.4,,66.0,27.6,14.4,,,,,,,,,
HPAP-012,Tail of pancreas,ROI3,3286,0.9938,0.0,7.04,41.26,74.46,0.0,1463.11,0.0,105.66,True,,,,,,,193.0,105.7,61.8,10.7,,131.7,27.4,59.6,10.3,,165.6,103.0,33.6,13.3,,191.9,98.3,58.7,11.8,,,,,,,,,,,,,,,,,,,,,,,,,,84.4,191.9,473.2,146.1,281.2,654.2,209.4,404.4,553.0,238.0,474.5,660.0,,,,541.6,722.4,815.0,,82.9,99.1,62.4,62.8,,228.2,134.3,78.7,15.3,33.5,,,,,,,,,
HPAP-014,Body of pancreas,ROI1,424,0.9742,2.05,6.16,0.0,30.8,0.0,198.12,0.0,21.56,True,359.2,169.4,,174.5,60.4,418.0,131.5,,72.3,17.9,,,,,,466.2,179.8,,39.1,19.8,392.6,191.0,,88.4,20.8,,,,,,,,,,,,,,,,,,,,,,,,,,28.8,72.8,162.6,,,,19.7,65.5,177.7,42.0,132.4,203.2,,,,125.1,176.1,186.9,125.0,239.8,,294.2,249.3,452.5,263.2,,35.3,31.7,18.1,,,,,,,,,
HPAP-014,Body of pancreas,ROI2,2595,0.992,5.04,26.21,3.02,81.65,0.0,1233.88,0.0,0.0,False,159.0,97.5,326.5,32.3,15.0,188.2,94.6,215.6,42.9,14.3,270.6,41.3,171.6,23.7,12.5,224.2,89.2,202.4,44.7,13.4,256.8,98.5,215.5,44.1,12.6,,,,,,,,,,,,,,,,,,,,,,,,,,,,,,,,,,,,,,,,,,,,,,,,,,,,,,,,,,,,,,,
HPAP-014,Body of pancreas,ROI3,452,0.9927,1.01,9.07,0.0,23.17,0.0,151.1,0.0,0.0,True,,,,,,,175.5,,134.6,40.5,,,,,,,138.6,,59.3,17.1,,153.9,,83.5,25.0,,,,,,,,,,,,,,,,,,,,,,,,,,261.4,451.0,653.0,,,,314.7,378.6,539.5,179.8,358.7,676.7,,,,,,,,,,,,,,,,,,,,,,,,,,
HPAP-014,Head of pancreas,ROI1,973,0.9809,3.06,9.18,2.04,29.56,0.0,430.21,0.0,32.62,True,209.5,311.7,388.5,33.4,15.6,352.7,84.9,120.4,107.2,26.0,315.2,14.3,177.2,92.2,54.3,360.1,240.1,364.0,85.4,20.2,301.5,227.3,354.1,88.0,17.2,,,,,,,,,,,,,,,,,,,,,,,68.7,127.3,141.8,65.9,222.4,314.2,,,,20.9,69.5,134.9,63.3,132.7,247.0,,,,117.7,361.7,400.1,364.5,172.2,136.3,248.8,264.3,405.5,191.3,224.8,153.4,38.6,17.5,,,,,,,,,
HPAP-014,Head of pancreas,ROI2,439,0.9703,0.0,11.34,1.03,10.31,0.0,175.2,0.0,0.0,True,,,,,,,29.3,,109.6,30.6,,,,,,,83.2,,188.4,21.5,,187.3,,139.3,25.3,,,,,,,,,,,,,,,,,,,,,,,,,,116.6,240.4,279.4,,,,150.1,271.4,421.3,163.5,241.1,334.8,,,,,,,,,,,,,,,,,,,,,,,,,,
HPAP-014,Head of pancreas,ROI3,994,0.9837,2.03,14.23,7.12,48.8,0.0,541.83,118.94,0.0,True,411.9,189.8,458.0,78.3,18.2,455.8,105.5,175.2,103.3,20.1,437.0,143.5,93.5,124.7,15.4,336.9,163.5,312.5,43.5,20.8,377.6,138.0,271.2,73.8,14.8,,,,,,,,,,,,68.0,29.6,53.9,36.9,42.2,525.9,134.8,208.4,71.2,19.2,34.2,,,,28.0,140.6,259.5,186.2,377.9,411.3,13.3,27.5,99.5,22.8,72.0,215.0,,,,,,,,,,,,,,,,,,,,41.0,107.0,244.1,,,,
HPAP-014,Tail of pancreas,ROI1,2223,0.9913,1.01,49.43,1.01,219.91,0.0,852.39,0.0,514.46,True,,,,,,,45.0,,25.5,18.7,,,,,,,68.0,,18.2,14.4,,65.5,,29.4,12.7,,,,,,,,,,,,,,,,,,,,,,,,,,73.8,210.5,270.2,,,,95.2,208.6,273.1,103.4,185.4,282.5,,,,49.7,140.9,242.5,,23.6,,21.8,24.1,,82.9,,39.8,20.7,13.4,,,,,,,,,
HPAP-014,Tail of pancreas,ROI2,1736,0.9907,0.0,19.18,6.06,72.68,0.0,456.25,0.0,467.35,True,,,,,,,111.7,217.6,60.0,24.5,,100.6,64.3,43.0,13.0,,141.7,271.1,23.9,23.0,,93.6,198.2,58.2,16.6,,,,,,,,,,,,,,,,,,,,,,,,,,180.3,267.1,348.9,192.4,370.7,395.4,23.7,173.2,343.2,97.7,210.8,329.3,,,,123.5,240.7,356.5,,20.3,32.7,22.4,22.8,,105.6,191.0,63.6,21.5,16.7,,,,,,,,,
HPAP-014,Tail of pancreas,ROI3,771,0.9922,18.14,80.63,2.02,140.09,0.0,121.95,0.0,0.0,True,46.7,32.1,377.0,22.3,54.9,93.6,28.5,342.8,26.0,32.5,110.6,46.1,293.4,45.8,23.2,75.2,35.5,346.1,21.0,43.1,157.1,47.4,405.0,38.6,24.2,,,,,,,,,,,,,,,,,,,,,,,10.1,24.4,30.6,10.0,19.6,28.0,,,,9.1,14.8,23.0,7.0,15.1,32.8,,,,,,,,,,,,,,,,,,,,,,,,,,
HPAP-018,Body of pancreas,ROI1,3489,0.9941,0.0,21.12,4.02,38.22,0.0,2137.57,0.0,0.0,False,,,,,,,139.5,282.5,107.4,12.4,,30.8,98.0,46.8,13.2,,106.9,352.8,76.3,13.0,,103.0,318.7,77.6,11.9,,,,,,,,,,,,,,,,,,,,,,,,,,,,,,,,,,,,,,,,,,,,,,,,,,,,,,,,,,,,,,,
HPAP-018,Body of pancreas,ROI2,2872,0.9951,0.0,28.14,9.04,32.16,0.0,1594.85,0.0,0.0,False,,,,,,,94.8,172.3,95.3,14.1,,62.6,83.7,66.7,9.4,,103.5,197.4,60.2,14.4,,91.7,215.7,94.6,12.6,,,,,,,,,,,,,,,,,,,,,,,,,,,,,,,,,,,,,,,,,,,,,,,,,,,,,,,,,,,,,,,
HPAP-018,Body of pancreas,ROI3,1533,0.9911,0.0,0.0,0.0,0.0,0.0,0.0,156.39,0.0,False,,,,,,,,,,,,,,,,,,,,,,,,,,,,,,,,,,,,,,,,,,,,,,,29.1,,,,,,,,,,,,,,,,,,,,,,,,,,,,,,,,,,,,,,,,,
HPAP-018,Head of pancreas,ROI1,4313,0.9953,2.01,93.44,19.09,42.2,0.0,2942.73,35.16,0.0,True,261.8,14.6,28.9,110.3,11.0,135.9,21.3,75.5,59.8,11.0,146.3,36.9,67.3,100.9,9.4,539.8,57.2,205.2,58.6,10.8,532.7,71.4,154.9,80.9,11.0,,,,,,,,,,,,453.2,420.6,325.3,169.6,172.9,548.6,112.6,208.3,153.2,12.8,20.8,,,,448.9,660.7,780.9,501.5,632.2,678.8,161.2,264.4,557.9,197.4,347.2,545.2,,,,,,,,,,,,,,,,,,,,345.2,414.7,459.5,,,,
HPAP-018,Head of pancreas,ROI2,3869,0.9948,2.01,86.45,21.11,85.44,0.0,2221.5,0.0,0.0,True,624.9,64.3,157.1,42.3,10.2,269.8,35.4,74.9,46.4,11.8,261.1,55.3,110.1,59.7,11.3,276.4,47.4,89.6,37.0,12.6,303.6,54.6,108.2,55.0,11.5,,,,,,,,,,,,,,,,,,,,,,,,,,214.1,279.5,369.9,156.1,257.4,314.1,187.6,292.2,400.5,191.1,300.2,387.0,,,,,,,,,,,,,,,,,,,,,,,,,,
HPAP-018,Tail of pancreas,ROI4,1820,0.993,0.0,15.11,1.01,4.03,0.0,188.32,0.0,0.0,True,,,,,,,88.1,,316.2,26.5,,,,,,,67.9,,95.7,25.0,,116.1,,251.5,26.7,,,,,,,,,,,,,,,,,,,,,,,,,,27.5,84.4,150.8,,,,100.2,131.8,139.6,47.7,107.3,198.8,,,,,,,,,,,,,,,,,,,,,,,,,,
HPAP-018,Tail of pancreas,ROI5,1814,0.923,0.0,10.83,0.0,6.5,0.0,548.22,0.0,0.0,True,,,,,,,123.6,,111.6,19.0,,,,,,,62.4,,297.2,21.3,,154.8,,169.5,18.0,,,,,,,,,,,,,,,,,,,,,,,,,,157.3,218.8,327.3,,,,51.3,175.6,288.5,55.4,151.4,280.2,,,,,,,,,,,,,,,,,,,,,,,,,,
HPAP-026,Head of pancreas,ROI1,493,0.9484,0.0,0.0,0.0,192.95,0.0,3.16,0.0,0.0,True,,,,,,,,,,,,,,,,,,,28.3,224.4,,,,93.1,421.8,,,,,,,,,,,,,,,,,,,,,,,,,,,,,,,,27.5,120.6,230.4,52.3,100.4,163.4,,,,,,,,,,,,,,,,,,,,,,,,,,
HPAP-026,Head of pancreas,ROI2,526,0.9847,5.08,10.16,6.09,82.26,0.0,133.03,0.0,107.64,True,288.8,154.6,345.3,101.3,23.5,161.8,98.6,214.9,79.2,34.6,275.6,206.3,191.9,91.4,42.5,290.6,185.1,254.1,32.3,31.1,337.9,257.4,187.9,59.5,33.9,,,,,,,,,,,,,,,,,,,,,,,215.2,310.8,567.1,241.2,432.5,551.8,99.5,218.5,346.7,30.6,199.4,286.2,58.8,145.0,246.3,,,,95.8,151.3,299.3,104.3,75.2,74.6,86.2,77.4,307.2,282.1,203.9,73.7,48.8,18.9,,,,,,,,,
HPAP-026,Head of pancreas,ROI3,2353,1.4281,8.4,18.91,15.41,275.9,0.0,438.36,0.0,0.0,True,142.7,113.5,96.2,15.8,17.3,132.8,84.7,105.8,25.7,14.9,142.5,93.3,66.7,25.0,16.3,166.4,113.5,139.8,20.8,24.5,127.6,81.7,106.3,30.4,15.4,,,,,,,,,,,,,,,,,,,,,,,84.6,347.6,554.6,151.0,406.6,485.8,132.4,269.3,544.9,98.9,197.2,395.9,103.5,295.4,467.6,,,,,,,,,,,,,,,,,,,,,,,,,,
HPAP-026,Tail of pancreas,ROI1,2414,0.9914,14.12,76.66,3.03,1543.24,0.0,71.61,0.0,118.01,True,134.9,61.2,318.7,15.9,46.5,117.3,32.1,147.9,13.4,54.9,133.7,33.7,379.4,15.5,45.1,137.0,57.4,262.9,12.7,61.9,116.2,55.1,220.4,14.1,43.0,,,,,,,,,,,,,,,,,,,,,,,89.0,183.2,215.2,80.4,158.3,363.9,114.1,160.0,350.6,79.5,185.3,441.6,46.6,157.7,472.9,,,,66.1,134.1,177.8,114.6,76.9,102.8,83.6,82.1,133.5,74.2,267.5,23.5,71.6,15.5,,,,,,,,,
HPAP-026,Tail of pancreas,ROI2,1682,0.9857,2.03,3.04,1.01,676.67,0.0,51.74,0.0,0.0,True,367.2,365.7,,31.9,40.0,299.1,43.2,,46.8,21.1,,,,,,405.9,576.8,,14.9,129.1,315.1,317.7,,20.1,47.7,,,,,,,,,,,,,,,,,,,,,,,,,,8.5,13.0,65.3,,,,43.3,120.1,178.8,20.6,82.3,156.1,,,,,,,,,,,,,,,,,,,,,,,,,,
HPAP-026,Tail of pancreas,ROI3,1412,1.195,16.74,25.94,21.76,274.49,0.84,210.05,0.0,53.56,True,49.0,94.8,73.1,24.8,29.6,137.4,118.3,100.1,26.3,23.8,149.5,73.1,119.3,28.6,23.9,138.1,84.3,99.3,22.3,37.0,126.3,83.9,90.9,31.7,25.5,,,,,,,,,,,,,,,,,,,,,,,37.5,152.9,206.8,84.3,184.0,291.5,124.5,237.9,286.4,46.1,122.0,259.0,60.0,137.2,244.7,,,,70.7,156.2,215.4,93.9,107.9,79.5,99.4,108.6,135.2,127.7,108.4,41.6,50.9,29.6,,,,,,,,,
HPAP-027,Body of pancreas,ROI1,2251,0.9943,9.05,48.27,59.34,366.08,74.42,303.72,0.0,0.0,True,160.0,33.7,77.4,24.1,28.4,113.2,54.5,65.1,28.5,25.5,160.4,67.3,35.5,27.2,27.3,281.0,83.0,74.3,15.0,31.0,121.7,62.6,59.9,26.5,17.9,48.0,47.9,56.0,75.9,91.9,42.9,54.3,24.2,23.6,19.4,52.9,,,,,,,,,,,,122.5,166.8,194.5,14.7,77.6,119.7,68.6,98.9,146.8,11.0,59.7,163.0,39.8,89.2,174.6,41.3,72.2,151.0,,,,,,,,,,,,,,,,,,,,,,,
HPAP-027,Body of pancreas,ROI2,926,0.9922,4.03,29.23,71.56,116.91,3.02,241.89,0.0,0.0,True,151.9,42.3,54.7,29.4,38.3,206.5,57.2,55.9,49.0,25.9,294.5,93.0,30.7,76.2,28.1,237.3,101.9,71.1,30.5,48.4,224.8,93.6,58.1,62.2,22.7,148.6,332.5,243.9,265.1,184.2,71.5,63.1,54.7,456.1,26.2,255.7,,,,,,,,,,,,7.8,11.9,31.3,12.6,31.4,75.5,47.7,89.3,225.9,9.2,18.4,87.4,30.9,66.0,153.9,91.7,161.5,202.7,,,,,,,,,,,,,,,,,,,,,,,
HPAP-027,Body of pancreas,ROI3,2022,0.992,5.04,31.25,47.38,133.06,29.23,607.86,0.0,143.14,True,113.0,46.9,75.6,17.2,16.3,188.1,47.3,74.0,28.1,19.4,291.5,91.0,69.8,51.3,24.2,234.1,90.9,79.8,33.2,19.6,253.3,98.9,74.3,41.3,15.4,91.0,111.4,73.4,104.7,252.3,108.1,66.0,31.4,57.8,16.9,97.4,,,,,,,,,,,,21.2,32.0,63.7,7.8,63.3,179.6,44.3,104.8,188.2,21.4,81.4,174.5,29.9,79.8,149.1,63.9,108.7,188.1,34.6,82.8,152.8,50.9,36.6,36.5,43.4,37.9,248.8,105.4,65.8,47.0,17.3,31.6,38.2,76.1,,,,,,,
HPAP-027,Head of pancreas,ROI1,980,0.9889,4.04,221.46,2.02,409.55,0.0,9.1,0.0,94.04,True,100.0,15.0,370.4,24.4,109.3,260.7,22.3,351.0,24.4,153.6,374.5,34.4,373.7,19.5,153.6,305.0,33.5,355.8,16.1,178.9,306.3,26.0,279.2,37.7,184.2,,,,,,,,,,,,,,,,,,,,,,,48.8,67.0,110.9,76.7,182.7,335.0,,,,61.7,130.6,303.0,41.7,60.2,132.4,,,,105.5,157.2,261.7,69.6,77.2,27.1,82.4,58.8,425.5,43.2,358.3,32.4,171.6,16.5,,,,,,,,,
HPAP-027,Head of pancreas,ROI2,990,0.988,14.17,289.46,17.21,112.34,31.38,85.02,181.17,0.0,True,80.3,19.6,77.9,44.7,34.4,85.6,18.4,68.0,33.9,39.6,90.3,17.0,149.3,45.3,44.9,96.8,23.0,82.9,29.1,49.3,89.3,27.0,93.1,39.0,37.1,79.0,62.0,63.5,66.3,90.6,19.0,78.4,26.0,48.7,33.4,66.2,29.8,30.6,35.9,32.3,36.4,105.3,25.3,109.9,45.4,45.1,29.8,10.2,42.7,66.7,9.9,32.7,154.6,6.3,29.2,87.8,8.1,36.7,154.5,14.4,82.1,250.0,10.6,49.7,210.7,,,,,,,,,,,,,,,,,11.6,85.4,208.4,40.1,88.2,,
HPAP-027,Head of pancreas,ROI3,1437,0.9928,55.4,253.83,29.21,159.15,61.44,179.29,0.0,0.0,True,56.3,19.2,108.2,38.9,27.4,55.8,24.8,107.3,40.2,34.5,94.5,33.3,45.0,37.7,43.4,61.5,30.0,154.6,25.6,37.9,53.4,28.7,110.0,39.7,24.6,45.5,62.5,120.6,69.2,54.8,24.8,124.1,36.9,34.0,32.8,64.0,,,,,,,,,,,,55.7,102.0,181.8,55.8,108.3,175.1,20.5,39.6,99.5,15.3,68.0,117.9,49.1,88.9,166.2,88.8,128.3,196.4,,,,,,,,,,,,,,,,,,,,,,,
HPAP-034,Body of pancreas,ROI1,2600,0.9664,1.03,8.28,0.0,17.59,62.09,461.53,0.0,120.04,False,,,,,,,201.9,,100.7,21.8,,,,,,,147.7,,146.8,17.0,,174.1,,100.8,17.8,,52.6,,63.6,,175.8,,109.6,43.8,21.1,65.1,,,,,,,,,,,,,,,,,,,,,,,,,,,,,,,,,,248.9,,180.3,192.5,,216.8,,127.2,34.5,10.1,238.6,120.7,,,,,,,
HPAP-034,Body of pancreas,ROI2,3855,1.5101,7.95,15.23,0.0,25.16,150.33,750.31,0.0,180.13,True,91.0,54.6,,67.6,14.0,162.1,133.7,,71.9,16.8,,,,,,197.2,124.7,,73.4,19.0,212.7,138.8,,100.9,13.8,26.8,31.6,,37.3,178.4,161.0,,89.4,22.4,15.0,40.1,,,,,,,,,,,,414.7,690.0,1285.6,395.9,464.3,881.5,,,,387.3,737.9,1262.2,455.9,846.6,1212.8,572.5,1040.4,1327.8,275.9,546.6,1193.4,40.5,77.8,,117.8,105.7,215.0,108.0,,101.1,23.3,10.8,102.4,54.1,,,,,,,
HPAP-034,Body of pancreas,ROI3,3667,1.0961,3.65,16.42,0.0,27.37,71.16,247.25,694.31,0.0,True,139.7,74.2,,72.8,45.9,342.6,73.9,,77.4,35.8,,,,,,261.8,129.9,,85.6,39.4,300.3,115.8,,93.5,16.1,68.7,73.7,,52.1,297.9,107.8,,58.8,17.9,18.5,56.1,14.0,17.4,,18.3,23.6,325.4,121.3,,101.3,38.8,16.0,4.9,45.9,110.9,211.8,310.3,551.8,,,,133.4,202.7,380.8,200.4,358.9,491.1,35.4,165.2,435.8,,,,,,,,,,,,,,,,,149.3,334.2,539.5,22.6,74.6,,
HPAP-034,Head of pancreas,ROI1,3057,0.9944,9.05,16.09,1.01,26.15,607.39,772.31,0.0,0.0,True,157.0,147.3,,104.3,21.3,150.7,102.4,,98.2,13.6,,,,,,198.2,100.0,,70.5,22.4,164.3,125.3,,99.4,15.7,11.2,18.5,,22.8,157.1,111.6,,99.0,14.8,18.9,22.9,,,,,,,,,,,,358.2,641.1,865.1,613.9,677.7,757.9,,,,281.3,559.7,836.0,302.5,539.7,781.6,478.1,696.0,846.4,,,,,,,,,,,,,,,,,,,,,,,
HPAP-034,Head of pancreas,ROI2,3605,1.0944,9.14,13.71,0.0,42.95,1159.58,870.83,0.0,201.94,True,235.6,113.9,,86.6,16.4,120.7,196.1,,113.7,18.2,,,,,,130.6,145.3,,64.6,20.8,147.9,129.1,,76.7,15.7,15.6,14.5,,14.3,174.3,133.9,,78.3,13.6,19.1,17.4,,,,,,,,,,,,383.5,726.0,876.8,312.7,472.6,706.6,,,,448.4,654.9,857.2,362.7,688.3,849.1,446.2,630.2,793.8,474.4,725.0,819.4,89.6,117.8,,125.8,114.1,131.0,144.7,,105.9,19.8,12.8,96.8,19.5,,,,,,,
HPAP-034,Head of pancreas,ROI3,3805,1.0138,5.92,12.82,0.99,33.54,1451.95,486.28,0.0,184.45,False,181.8,137.3,,89.9,39.1,200.2,153.6,,56.7,34.1,,,,,,215.1,131.9,,99.1,28.9,209.0,143.0,,85.1,17.0,10.2,10.9,,11.5,219.8,134.7,,81.5,12.2,28.2,15.7,,,,,,,,,,,,,,,,,,,,,,,,,,,,,,,,,116.2,79.3,,139.6,167.5,156.7,118.3,,94.1,57.3,10.4,113.0,22.7,,,,,,,
HPAP-034,Tail of pancreas,ROI1,1272,0.9919,9.07,6.05,0.0,39.32,491.97,179.45,130.05,0.0,True,88.0,161.3,,79.1,23.7,133.3,143.7,,34.7,30.7,,,,,,148.9,174.2,,106.3,35.4,164.6,186.4,,74.3,29.0,19.0,21.1,,17.1,128.5,203.2,,60.9,13.9,29.2,21.8,36.0,30.4,,39.3,39.0,167.2,185.5,,59.6,24.3,26.3,116.7,193.1,461.3,142.7,185.9,261.4,,,,80.2,209.3,385.6,126.2,263.6,397.4,123.8,223.4,364.2,,,,,,,,,,,,,,,,,167.3,268.5,383.4,36.6,18.9,,
HPAP-034,Tail of pancreas,ROI2,3571,0.9946,8.04,22.12,0.0,123.67,735.98,1028.57,387.1,67.36,True,99.2,95.6,,22.4,18.3,169.1,62.3,,35.2,18.9,,,,,,206.1,109.6,,36.0,16.2,188.1,112.9,,46.8,14.0,19.4,20.6,,16.0,196.2,124.9,,44.3,13.8,15.5,18.5,24.6,34.2,,28.5,24.5,222.2,127.8,,50.3,15.8,18.6,180.6,232.0,343.5,165.2,223.3,311.9,,,,188.7,270.2,379.1,183.2,309.6,431.8,181.1,284.4,406.9,190.8,211.1,240.8,186.7,130.9,,167.3,158.2,279.1,65.7,,36.2,22.9,11.8,148.1,23.3,233.3,334.4,438.9,29.7,23.4,151.5,44.2
HPAP-034,Tail of pancreas,ROI3,2241,1.0126,8.89,10.86,0.0,47.4,499.72,437.5,272.57,0.0,False,162.0,256.2,,85.8,27.7,121.6,89.2,,70.5,22.3,,,,,,162.1,255.7,,60.2,27.4,172.8,128.4,,79.7,15.8,15.9,25.9,,18.8,169.0,275.5,,60.8,14.1,21.8,22.9,33.0,32.6,,53.3,30.2,159.4,206.5,,94.3,23.2,17.3,,,,,,,,,,,,,,,,,,,,,,,,,,,,,,,,,,,,,,49.7,35.4,,
HPAP-034,Tail of pancreas,ROI4,1620,0.9918,7.06,13.11,0.0,52.43,357.94,340.8,0.0,56.46,True,172.9,140.2,,42.3,55.4,254.1,171.0,,28.8,18.7,,,,,,194.4,136.9,,61.3,24.7,261.2,114.6,,68.9,19.0,14.7,30.2,,18.9,209.1,123.5,,51.4,16.0,31.2,30.7,,,,,,,,,,,,43.0,120.4,335.7,409.6,559.7,726.8,,,,137.3,516.7,651.6,419.5,592.8,728.8,137.2,380.3,557.5,481.1,741.6,797.2,70.5,101.9,,101.3,143.1,378.7,136.0,,86.8,33.6,15.2,116.1,33.1,,,,,,,
HPAP-035,Body of pancreas,ROI1,4081,0.9975,291.74,665.69,47.12,74.19,481.22,830.11,0.0,387.99,True,21.1,15.7,110.9,61.9,19.9,22.6,14.9,109.0,60.9,20.9,49.9,28.6,57.0,61.2,15.2,30.6,16.5,81.1,28.2,16.4,31.0,22.7,76.8,62.5,13.1,20.0,24.6,25.9,31.1,30.0,21.6,82.9,73.2,17.8,17.8,22.3,,,,,,,,,,,,81.2,190.9,304.2,100.6,199.4,331.7,55.9,144.9,263.0,68.9,193.2,376.8,75.4,161.1,294.3,121.8,180.8,300.3,96.4,196.7,345.4,21.2,23.0,27.5,22.6,25.4,29.5,18.8,87.6,54.8,18.2,15.7,26.3,23.8,,,,,,,
HPAP-035,Body of pancreas,ROI2,3777,0.9946,75.41,778.23,7.04,158.86,27.15,92.5,612.33,0.0,True,43.7,20.9,200.8,35.2,45.6,71.2,12.5,219.1,38.0,70.8,62.1,36.4,149.5,22.3,41.7,75.6,15.3,202.6,30.4,60.7,52.1,20.9,158.7,37.6,43.6,116.2,212.2,147.8,176.4,68.5,40.7,218.8,57.1,39.8,37.4,99.0,19.1,22.7,20.1,21.9,15.8,49.9,21.8,195.9,41.0,44.7,15.9,85.8,142.0,205.1,79.2,166.2,283.7,135.2,176.0,296.0,63.7,157.9,235.8,113.7,178.4,228.4,154.5,204.0,259.2,,,,,,,,,,,,,,,,,95.6,162.6,239.7,17.4,100.6,,
HPAP-035,Body of pancreas,ROI3,4037,0.9948,52.27,178.93,168.88,12.06,285.48,802.17,612.18,365.9,True,38.9,22.7,57.7,125.2,18.4,52.4,22.9,47.7,140.1,21.1,90.0,47.5,31.9,144.1,15.1,70.0,32.4,42.5,158.3,18.3,93.7,44.5,36.9,149.8,16.4,18.0,26.1,32.1,31.5,54.8,34.2,44.6,141.2,21.4,19.1,32.0,28.5,25.5,20.9,19.1,20.9,90.1,43.9,37.4,153.6,17.5,15.2,255.3,385.7,505.1,173.0,341.2,492.5,155.3,342.4,478.6,187.7,284.6,438.0,205.1,394.8,539.5,210.5,405.6,516.3,150.8,322.2,536.1,27.6,26.1,27.6,21.2,26.7,86.5,41.9,39.1,143.3,17.5,18.3,26.9,33.6,153.4,318.7,528.2,20.7,33.1,25.8,19.4
HPAP-035,Head of pancreas,ROI1,4076,0.9967,79.26,79.26,143.47,83.27,205.67,873.84,0.0,0.0,True,31.1,41.4,48.2,52.0,17.3,54.5,35.1,44.3,49.5,19.7,62.7,59.3,29.4,57.7,13.5,67.8,48.8,41.6,41.0,18.9,59.8,68.5,33.0,58.5,13.5,18.7,32.7,30.4,32.6,43.9,55.6,33.3,51.2,22.6,14.3,30.1,,,,,,,,,,,,92.5,271.4,420.4,90.4,203.5,382.6,50.7,131.0,271.1,100.7,209.5,304.1,61.3,134.2,263.1,57.7,169.0,312.7,,,,,,,,,,,,,,,,,,,,,,,
HPAP-035,Head of pancreas,ROI2,4461,0.9969,41.13,105.32,318.98,18.06,225.69,1129.45,0.0,297.91,True,40.3,47.5,23.5,106.5,14.0,78.9,21.6,29.3,118.4,14.8,72.2,52.9,24.1,115.7,13.8,80.0,53.1,29.4,116.9,15.8,87.0,54.6,25.5,114.1,13.8,21.7,31.2,31.7,31.0,64.2,49.9,29.2,106.3,24.1,14.5,34.5,,,,,,,,,,,,219.6,366.5,522.5,152.9,289.4,436.4,185.7,341.7,464.7,128.0,330.7,527.1,183.5,327.7,463.3,171.8,326.1,460.2,147.3,301.2,489.4,29.2,25.4,28.0,25.0,29.2,90.7,51.1,27.3,118.3,15.5,21.6,26.4,32.7,,,,,,,
HPAP-035,Head of pancreas,ROI3,4243,0.9964,14.05,80.29,206.74,63.23,120.43,990.53,513.83,846.02,True,109.8,34.1,38.0,49.2,25.9,251.7,53.6,39.1,58.4,17.4,218.6,61.9,31.1,62.5,14.4,132.8,60.2,33.9,52.5,16.7,199.2,56.0,30.6,58.2,13.5,43.3,47.5,43.4,39.1,159.0,54.8,31.1,55.8,34.5,13.7,43.0,38.8,25.6,22.1,21.2,23.6,247.6,50.8,34.3,61.0,16.6,16.1,78.2,142.4,298.9,26.5,106.0,260.9,83.8,170.2,268.7,33.1,171.2,255.3,59.5,146.5,256.1,108.5,208.7,287.6,48.0,120.3,236.3,24.3,21.3,20.4,22.2,19.8,203.7,58.7,36.3,66.7,17.1,13.8,21.5,58.4,15.1,77.9,199.7,21.7,52.8,17.6,23.2
HPAP-035,Tail of pancreas,ROI1,773,0.9912,25.22,24.21,3.03,41.37,0.0,126.11,120.06,0.0,True,47.7,65.6,203.0,32.9,29.8,83.5,55.5,150.7,47.9,34.9,55.1,76.0,111.8,22.6,43.7,49.3,74.8,202.1,43.1,24.3,89.8,80.7,348.3,50.9,18.1,,,,,,,,,,,,39.4,32.9,21.0,36.7,39.6,129.4,91.5,247.8,82.6,45.8,22.5,7.1,20.9,40.1,6.9,12.9,30.9,7.1,7.3,8.2,6.7,12.0,47.0,7.6,19.8,57.4,,,,,,,,,,,,,,,,,,,,9.0,19.1,70.0,,,,
HPAP-035,Tail of pancreas,ROI2,1223,0.9913,30.26,24.21,2.02,21.18,0.0,50.44,0.0,213.86,True,49.1,53.1,471.2,63.0,60.3,22.9,27.2,444.0,67.7,60.1,88.9,139.3,227.3,167.3,76.4,55.1,111.3,531.1,113.6,54.4,92.7,130.2,502.9,86.3,52.4,,,,,,,,,,,,,,,,,,,,,,,6.8,14.6,28.4,5.6,13.4,18.9,,,,7.1,14.3,22.6,10.4,21.9,35.6,,,,5.8,15.4,38.2,26.4,28.4,37.1,20.3,35.8,104.9,137.5,507.9,102.4,66.0,23.3,,,,,,,,,
HPAP-035,Tail of pancreas,ROI3,1286,0.9945,21.12,24.13,2.01,45.25,0.0,221.21,38.21,74.41,True,81.9,70.0,348.2,105.5,36.5,83.4,109.7,300.8,73.1,29.4,84.8,113.0,459.1,64.4,10.8,104.8,103.8,280.5,54.5,19.3,132.2,110.2,343.7,76.3,25.8,,,,,,,,,,,,210.5,326.6,173.0,299.2,332.4,177.8,148.9,360.9,127.1,32.2,27.2,7.6,27.7,74.5,7.1,25.7,41.7,,,,9.2,22.8,58.0,7.8,24.0,52.8,,,,11.6,26.4,66.3,58.1,57.4,79.4,42.5,58.3,119.2,106.8,346.0,58.1,31.4,42.4,,,4.2,7.9,16.7,,,132.9,410.7
HPAP-036,Body of pancreas,ROI1,3808,0.9926,38.28,49.37,201.49,180.34,49.37,863.39,279.07,0.0,True,34.8,49.6,31.4,31.8,14.4,78.8,61.0,38.8,34.8,13.5,80.0,73.9,21.0,34.6,11.7,81.5,64.7,33.7,26.2,16.1,84.5,69.9,25.6,33.3,12.7,48.9,100.6,62.6,63.0,65.2,69.1,30.3,24.7,49.9,12.5,66.1,70.0,50.7,61.0,56.4,57.1,154.5,83.2,67.9,48.4,25.0,20.0,37.4,96.0,214.6,69.6,145.4,305.0,38.3,122.0,243.3,26.0,127.5,266.4,48.3,135.1,250.7,15.7,42.1,152.6,,,,,,,,,,,,,,,,,175.7,260.3,396.8,64.7,129.6,,
HPAP-036,Body of pancreas,ROI2,3951,0.9936,37.24,48.31,230.47,207.33,84.54,1484.49,10.06,0.0,True,56.0,56.5,48.4,27.5,15.1,60.7,67.8,29.9,37.6,13.7,85.9,71.0,25.7,37.4,12.6,69.2,75.6,33.3,20.2,14.1,91.5,71.1,30.6,36.7,11.1,33.4,40.2,48.9,48.7,75.0,62.5,32.3,32.2,40.1,12.8,55.1,275.4,290.2,307.8,273.8,300.6,90.8,55.5,24.1,49.1,22.5,10.2,162.9,271.8,409.6,155.3,337.5,572.5,235.4,404.3,542.9,133.8,249.5,435.7,184.6,331.2,492.6,152.4,291.6,464.6,,,,,,,,,,,,,,,,,9.1,11.4,16.5,269.2,49.0,,
HPAP-036,Body of pancreas,ROI3,4302,0.9951,8.04,4.02,312.54,18.09,47.23,1380.79,0.0,325.6,True,62.4,170.3,26.1,104.2,11.3,189.9,226.7,26.8,79.3,13.1,223.6,196.9,21.2,100.5,11.0,173.3,147.8,25.7,80.6,12.2,199.3,202.1,23.9,106.7,11.9,63.3,85.0,75.8,76.6,139.4,167.6,19.9,105.5,29.9,10.2,86.2,,,,,,,,,,,,6.5,60.4,296.3,24.8,63.7,211.6,29.0,91.0,160.7,10.6,50.2,98.4,38.7,90.9,189.1,29.8,58.1,102.3,50.9,142.1,333.6,25.6,26.1,28.9,28.7,25.3,204.2,258.6,29.2,121.2,12.2,21.9,27.3,111.3,,,,,,,
HPAP-036,Head of pancreas,ROI1,3418,0.9958,36.15,9.04,41.17,145.61,34.14,1420.95,753.15,49.21,True,51.1,130.4,55.6,36.4,13.1,97.6,188.1,55.0,31.6,10.7,77.9,155.9,69.2,62.9,12.5,67.6,139.1,77.4,22.7,12.9,94.4,147.3,78.5,48.5,11.4,61.8,50.5,82.8,67.9,71.9,115.0,65.0,54.5,63.2,12.2,79.4,15.1,19.5,24.0,19.2,16.8,97.3,170.1,84.2,48.9,12.7,15.4,5.1,36.8,94.7,41.1,125.1,170.8,14.2,45.2,85.4,10.4,37.6,122.1,16.4,62.6,116.8,12.3,49.7,98.2,7.8,40.3,136.2,94.7,69.0,86.3,75.3,69.3,115.2,148.4,93.1,49.2,11.5,55.7,63.1,75.2,8.9,38.0,99.3,15.0,88.3,73.4,20.5
HPAP-036,Head of pancreas,ROI2,3274,0.995,12.06,32.16,9.05,164.82,11.06,1423.1,592.96,0.0,True,90.5,62.6,166.7,40.4,10.8,120.2,61.2,190.6,32.1,13.3,127.5,70.1,142.1,32.6,12.2,135.6,77.8,226.3,27.8,13.8,142.2,85.2,185.3,40.2,11.4,115.0,115.7,110.7,146.6,132.3,67.2,131.7,33.6,122.4,11.7,149.9,22.9,22.6,34.5,23.2,19.9,159.3,91.8,235.8,42.7,12.6,15.5,8.6,32.3,75.1,19.6,70.7,142.9,44.7,61.3,77.3,13.2,56.7,156.1,31.4,75.4,144.4,41.0,78.8,150.7,,,,,,,,,,,,,,,,,28.5,75.1,132.9,24.3,200.8,,
HPAP-036,Head of pancreas,ROI3,2188,0.9943,9.05,14.08,10.06,139.8,6.03,1048.99,0.0,486.78,True,238.5,150.3,155.1,29.7,27.4,102.4,71.8,112.5,40.5,14.0,135.5,180.9,170.1,59.2,17.9,129.7,139.2,161.0,23.5,12.9,143.5,183.8,175.0,44.0,13.6,303.0,176.3,211.6,217.8,390.0,430.7,163.6,21.5,186.2,11.9,222.5,,,,,,,,,,,,21.6,59.8,109.3,9.9,34.8,54.5,49.8,115.1,224.9,21.2,71.0,150.9,40.7,104.6,213.2,138.8,222.3,256.2,41.6,101.4,220.5,20.2,27.8,32.6,23.1,19.3,142.3,185.2,173.9,44.2,13.0,16.1,14.4,230.9,,,,,,,
HPAP-036,Tail of pancreas,ROI1,2866,0.9929,5.04,121.86,82.59,93.66,6.04,691.91,591.19,0.0,True,125.0,40.0,67.4,50.2,15.6,240.9,32.4,55.7,48.2,16.1,317.0,49.8,40.8,60.1,16.0,229.0,43.3,66.5,45.5,17.4,301.1,44.2,50.0,46.2,15.2,171.8,232.5,258.7,195.7,270.6,28.0,94.2,31.1,64.5,14.3,227.9,13.1,23.2,18.6,16.9,18.4,285.8,46.0,56.8,46.9,16.9,16.0,9.1,63.6,110.9,25.5,71.3,150.9,38.8,96.8,172.9,15.7,70.3,131.0,43.3,105.8,167.9,45.1,133.5,162.1,,,,,,,,,,,,,,,,,28.7,91.9,162.3,21.8,232.3,,
HPAP-036,Tail of pancreas,ROI2,3169,0.9906,19.18,226.14,71.68,41.39,9.09,939.88,0.0,315.98,True,112.2,26.1,55.8,80.9,16.5,122.9,30.3,60.4,72.4,17.0,108.1,33.1,44.7,76.3,12.8,101.1,28.9,65.9,77.1,16.1,102.9,30.9,53.4,69.7,13.1,192.4,180.1,142.2,149.2,99.6,32.4,34.5,82.1,120.2,16.5,169.9,,,,,,,,,,,,29.9,83.2,203.9,22.1,104.3,202.3,62.4,111.4,195.4,60.7,125.3,229.8,45.8,119.9,206.3,41.2,104.0,365.1,38.0,102.5,181.2,24.1,28.2,24.9,22.5,27.2,104.6,34.0,57.2,62.7,15.7,20.7,33.5,161.9,,,,,,,
HPAP-036,Tail of pancreas,ROI3,3700,0.9931,26.18,954.61,22.15,91.63,19.13,1214.41,0.0,359.49,True,90.0,12.7,154.1,61.5,12.1,86.4,13.8,179.4,53.2,14.3,154.2,23.9,81.5,71.1,12.4,104.8,16.6,152.3,33.4,15.7,94.1,15.8,131.0,54.0,12.4,125.4,120.7,227.7,106.3,112.4,12.0,268.9,40.2,72.8,14.2,141.4,,,,,,,,,,,,17.1,74.2,196.6,22.7,62.8,149.3,111.6,248.7,384.6,15.6,57.2,158.8,35.4,86.5,235.9,14.2,49.4,80.7,30.4,115.0,290.8,22.7,25.8,29.5,20.3,26.1,87.7,17.0,144.5,50.9,15.6,20.6,27.1,155.9,,,,,,,
HPAP-037,Body of pancreas,ROI1,3565,1.2022,1.66,18.3,0.0,28.28,128.1,647.15,0.0,199.64,True,355.8,92.2,,72.4,14.8,382.4,102.4,,85.9,19.3,,,,,,484.6,153.2,,74.3,23.4,428.2,138.8,,93.9,14.8,67.6,38.1,,40.0,388.4,123.2,,100.3,33.1,16.6,43.9,,,,,,,,,,,,,,,287.1,545.3,838.0,,,,522.2,635.2,778.9,386.1,618.2,783.6,291.7,604.6,753.6,300.6,666.3,801.5,33.0,134.9,,141.5,119.1,415.6,94.9,,146.7,32.7,11.2,97.3,43.4,,,,,,,
HPAP-037,Body of pancreas,ROI2,2793,0.9945,1.01,26.14,0.0,42.23,65.36,947.25,0.0,118.66,True,,,,,,,51.3,,117.9,16.2,,,,,,,119.6,,74.0,16.5,,103.8,,71.5,14.4,,148.4,,97.1,,142.3,,66.1,37.9,17.6,85.0,,,,,,,,,,,,,,,23.2,89.6,147.9,,,,59.1,129.0,197.7,58.0,125.3,182.0,9.1,73.1,178.4,47.8,148.6,201.9,,136.6,,111.7,135.0,,136.5,,104.4,23.8,12.0,94.7,60.4,,,,,,,
HPAP-037,Body of pancreas,ROI3,4286,1.3131,6.85,30.46,0.0,22.85,15.23,281.02,470.65,167.55,True,253.8,108.4,,88.0,17.5,177.6,77.2,,95.1,26.0,,,,,,192.2,94.0,,103.3,19.3,180.9,88.6,,81.0,21.3,164.1,111.6,,126.2,183.3,69.1,,95.1,129.4,20.3,118.3,18.3,20.9,,22.1,19.9,164.7,87.3,,90.6,25.2,17.2,284.3,345.9,390.0,251.5,405.8,489.7,,,,68.7,222.5,430.3,120.3,273.2,505.4,256.3,356.4,557.2,262.7,368.5,494.1,160.4,131.1,,130.7,130.5,212.5,113.3,,146.7,39.9,10.5,114.3,133.3,141.0,320.7,531.7,20.3,115.6,135.1,59.2
HPAP-037,Head of pancreas,ROI1,3471,1.193,2.51,21.79,0.0,36.04,260.69,1007.56,0.0,137.47,True,569.6,111.2,,110.9,20.7,257.7,85.0,,64.7,17.0,,,,,,283.9,95.8,,89.4,13.8,293.0,116.9,,74.8,13.5,40.7,32.1,,29.6,300.7,114.1,,77.3,21.4,15.1,32.0,,,,,,,,,,,,75.4,143.8,240.9,40.4,135.0,272.2,,,,86.2,203.1,298.5,137.5,248.0,366.1,136.7,230.8,343.8,141.2,199.9,270.7,188.4,111.0,,113.2,101.0,281.8,120.2,,99.3,25.9,11.3,89.5,35.7,,,,,,,
HPAP-037,Head of pancreas,ROI2,4981,1.8307,2.18,16.93,0.0,21.3,127.27,184.08,501.99,144.75,True,216.2,66.1,,96.8,58.0,270.5,107.0,,99.1,37.9,,,,,,314.6,133.1,,126.6,33.8,348.0,125.0,,94.1,26.2,55.5,43.3,,41.5,342.3,127.5,,98.2,20.6,23.9,35.9,38.1,25.4,,19.1,23.5,344.3,135.3,,98.4,35.7,16.8,212.0,280.6,308.6,85.1,170.8,267.1,,,,64.7,162.2,298.7,113.1,198.1,322.8,80.8,173.0,281.3,125.9,241.8,325.1,87.5,76.5,,99.1,104.6,271.3,97.9,,104.4,47.4,11.7,101.9,69.4,109.5,216.3,329.0,26.8,54.6,97.0,34.0
HPAP-037,Head of pancreas,ROI3,2372,0.9937,4.03,19.12,0.0,26.16,251.58,647.07,0.0,39.25,False,333.8,164.8,,181.6,20.9,300.0,77.0,,93.6,16.6,,,,,,298.8,143.5,,96.3,17.1,298.0,113.2,,107.1,16.3,41.0,30.8,,19.9,291.4,110.0,,90.5,22.0,17.4,30.2,,,,,,,,,,,,,,,,,,,,,,,,,,,,,,,,,91.2,128.6,,125.8,117.3,203.4,94.9,,87.1,23.5,13.8,105.5,35.5,,,,,,,
HPAP-037,Tail of pancreas,ROI1,1659,0.9918,4.03,21.17,0.0,43.36,458.76,100.83,245.01,0.0,True,312.1,107.0,,65.0,60.6,289.1,37.7,,69.2,50.9,,,,,,312.9,102.8,,62.2,53.4,272.2,109.0,,82.8,33.0,19.6,36.1,,14.6,229.3,108.2,,57.7,14.7,47.0,22.7,163.5,38.9,,43.3,35.5,383.4,113.2,,92.1,47.6,17.4,12.1,140.4,279.7,127.6,261.2,302.5,,,,68.3,194.0,279.0,99.6,196.0,342.3,63.7,186.5,313.5,,,,,,,,,,,,,,,,,165.8,244.0,323.5,79.0,30.3,,
HPAP-037,Tail of pancreas,ROI2,1413,1.2747,1.57,21.18,0.0,43.15,433.05,149.84,0.0,120.03,True,635.3,68.7,,47.4,45.4,288.2,82.6,,43.3,56.5,,,,,,257.6,56.4,,33.1,51.5,272.3,121.2,,76.4,20.0,30.4,15.8,,13.9,325.2,63.7,,44.8,13.4,39.3,20.1,,,,,,,,,,,,,,,340.1,514.7,659.9,,,,355.9,462.9,635.8,171.3,299.5,613.8,367.6,516.9,635.3,439.0,527.1,592.7,109.4,36.2,,33.5,42.7,397.0,65.1,,52.2,32.1,17.6,28.7,14.2,,,,,,,
HPAP-037,Tail of pancreas,ROI3,3178,2.3163,1.73,13.38,0.43,20.72,394.6,294.44,0.0,0.0,True,173.8,88.5,,70.8,28.9,309.9,80.7,,76.3,18.3,,,,,,261.0,92.4,,62.2,19.1,277.0,107.2,,85.3,15.8,13.2,16.9,,14.8,331.9,96.1,,80.8,14.4,24.2,19.5,,,,,,,,,,,,136.7,278.8,416.8,135.3,276.4,486.3,,,,129.6,240.3,559.9,189.2,339.4,473.7,172.2,310.3,495.1,,,,,,,,,,,,,,,,,,,,,,,
HPAP-039,Body of pancreas,ROI3,3565,0.9836,106.75,125.05,1.02,78.28,0.0,303.97,0.0,504.25,True,35.3,38.7,,55.5,29.2,38.5,28.1,,56.4,31.2,,,,,,38.8,53.5,,41.8,21.3,46.8,51.2,,51.7,21.9,,,,,,,,,,,,,,,,,,,,,,,75.0,186.5,374.5,90.7,174.6,325.3,,,,23.8,169.7,286.8,32.8,140.4,300.1,,,,77.7,197.1,334.3,21.5,22.1,,21.0,25.4,43.9,45.4,,55.5,30.7,15.5,,,,,,,,,
HPAP-039,Body of pancreas,ROI4,2260,0.9931,136.94,142.98,1.01,155.06,0.0,249.71,0.0,348.39,True,33.1,37.4,,40.5,36.4,35.8,27.2,,34.0,36.3,,,,,,40.0,36.6,,29.8,30.5,44.8,51.0,,34.4,24.2,,,,,,,,,,,,,,,,,,,,,,,109.8,269.0,481.3,70.7,257.9,461.5,,,,84.4,167.7,402.6,115.3,257.2,449.2,,,,85.1,156.0,276.6,26.2,28.3,,27.3,26.7,38.8,49.8,,37.6,30.9,18.5,,,,,,,,,
HPAP-039,Body of pancreas,ROI5,4523,0.9951,134.66,226.11,0.0,71.35,0.0,146.72,721.54,489.4,True,37.0,34.2,,58.4,38.5,38.9,22.8,,50.1,41.5,,,,,,37.0,27.6,,52.0,31.9,39.4,36.1,,58.5,36.7,,,,,,,,,,,,21.6,21.0,,19.5,19.5,43.3,36.5,,63.5,43.8,16.0,78.7,164.7,283.3,44.7,144.0,264.9,,,,16.7,141.9,277.2,103.1,206.7,292.3,,,,98.0,178.9,272.8,20.5,22.3,,26.7,24.7,40.5,33.7,,65.3,40.0,18.8,,,75.4,167.5,274.4,,,23.8,19.6
HPAP-039,Head of pancreas,ROI1,2463,0.9943,149.86,235.35,7.04,365.09,0.0,594.4,0.0,34.2,True,32.4,32.3,211.5,26.9,18.6,44.4,24.4,175.9,23.7,21.0,28.0,17.2,240.7,22.8,13.7,37.9,29.3,207.4,21.5,18.5,37.9,33.0,204.2,23.3,15.8,,,,,,,,,,,,,,,,,,,,,,,244.8,498.2,832.5,393.6,599.6,894.3,507.4,579.9,925.4,256.6,464.5,796.1,282.4,508.0,847.9,,,,321.8,469.9,710.6,105.5,111.3,94.9,117.0,109.1,44.8,32.9,169.2,28.7,25.2,23.0,,,,,,,,,
HPAP-039,Head of pancreas,ROI2,2781,1.0387,103.98,123.23,0.0,237.8,0.0,718.2,170.4,98.2,True,44.5,42.3,,27.3,19.2,42.4,28.8,,33.2,24.6,,,,,,45.0,48.0,,25.3,18.2,42.7,50.4,,30.4,13.3,,,,,,,,,,,,58.4,57.1,,60.7,47.8,51.3,48.3,,40.0,20.1,16.8,66.1,132.3,219.6,62.7,150.3,232.7,,,,85.1,152.7,226.1,80.7,149.6,235.0,,,,69.8,139.6,203.8,53.9,52.2,,48.5,43.3,47.0,50.9,,31.1,18.1,38.7,,,19.7,96.6,185.3,,,47.2,42.3
HPAP-039,Head of pancreas,ROI4,2529,0.9922,92.72,82.64,0.0,165.28,0.0,199.55,385.99,0.0,True,35.8,54.2,,34.1,31.9,48.3,43.6,,32.3,35.0,,,,,,43.9,45.7,,31.6,30.9,52.9,56.0,,35.5,26.3,,,,,,,,,,,,34.3,22.6,,35.1,24.9,52.7,51.9,,41.0,32.2,15.2,131.2,299.2,511.9,111.4,292.5,561.0,,,,164.0,333.3,500.3,133.7,326.2,494.0,,,,,,,,,,,,,,,,,,,,64.6,173.7,406.2,,,,
HPAP-039,Tail of pancreas,ROI1,3008,0.9901,90.9,135.34,2.02,168.68,0.0,902.97,0.0,0.0,True,42.7,48.1,252.4,42.6,16.0,43.1,23.6,222.6,25.4,16.1,22.2,14.6,450.8,18.7,12.5,44.7,30.1,226.1,20.9,18.5,50.6,43.5,298.5,38.6,13.3,,,,,,,,,,,,,,,,,,,,,,,81.1,174.9,324.1,18.8,121.9,227.3,,,,33.3,124.3,307.1,81.3,177.2,322.1,,,,,,,,,,,,,,,,,,,,,,,,,,
HPAP-039,Tail of pancreas,ROI2,3181,0.9948,88.46,213.11,4.02,29.15,0.0,67.35,0.0,0.0,True,42.4,31.2,232.7,83.4,56.4,47.2,20.6,193.3,79.6,51.8,56.6,12.1,351.3,70.8,47.3,43.1,29.3,206.2,91.4,54.0,48.2,28.2,203.7,76.0,33.6,,,,,,,,,,,,,,,,,,,,,,,43.7,200.7,449.6,38.9,154.8,376.5,8.1,18.4,156.4,18.0,198.3,624.8,22.2,154.0,277.7,,,,,,,,,,,,,,,,,,,,,,,,,,
HPAP-039,Tail of pancreas,ROI3,2988,0.994,114.68,141.85,6.04,106.64,0.0,400.39,393.35,0.0,True,40.5,44.2,223.8,48.4,22.4,41.7,25.6,181.7,43.7,25.3,37.4,32.1,256.9,46.2,26.4,41.5,34.0,199.1,32.6,23.0,42.0,44.3,190.4,49.2,21.0,,,,,,,,,,,,25.9,25.3,29.0,28.3,24.3,49.1,51.3,167.3,61.0,24.1,19.4,137.5,298.7,465.9,43.7,261.8,443.6,86.2,188.4,320.5,112.4,331.3,421.7,122.0,273.8,464.3,,,,,,,,,,,,,,,,,,,,67.0,195.7,349.3,,,,
HPAP-040,Body of pancreas,ROI1,3148,0.9926,0.0,15.11,0.0,53.39,172.27,1256.27,0.0,62.46,True,,,,,,,109.7,,64.1,13.9,,,,,,,118.6,,51.8,15.4,,142.3,,67.4,13.3,,29.5,,40.6,,129.4,,63.0,18.8,14.0,43.0,,,,,,,,,,,,,,,62.6,163.1,381.4,,,,80.1,350.5,566.4,185.6,429.0,620.6,191.0,366.7,621.3,262.6,349.8,382.9,,236.0,,152.4,150.7,,235.4,,42.3,20.4,12.6,150.1,48.2,,,,,,,
HPAP-040,Body of pancreas,ROI2,1599,1.0966,5.47,12.77,0.91,32.83,135.88,285.43,263.55,0.0,True,44.4,36.4,,67.6,43.2,205.5,113.8,,60.0,23.9,,,,,,262.6,146.7,,64.5,21.0,308.9,131.3,,79.0,22.0,19.7,17.4,,37.6,210.8,96.1,,71.4,19.0,22.5,42.4,35.0,44.2,,33.6,27.8,378.9,161.0,,86.4,26.1,20.3,9.0,29.5,55.5,31.7,77.4,152.9,,,,42.1,140.4,223.2,82.1,151.9,243.2,27.7,137.8,266.1,,,,,,,,,,,,,,,,,84.6,167.7,293.2,41.2,64.3,,
HPAP-040,Body of pancreas,ROI3,1450,0.9922,3.02,18.14,0.0,39.31,199.57,311.44,277.18,0.0,True,47.5,125.0,,39.8,18.6,345.1,99.1,,94.9,33.4,,,,,,248.3,94.2,,57.1,23.8,272.0,100.3,,53.5,16.9,29.0,43.7,,26.9,310.9,98.5,,48.4,17.1,18.4,24.5,21.6,39.1,,43.3,52.0,354.2,134.4,,115.5,37.6,21.7,77.5,79.2,149.7,43.5,108.2,180.2,,,,29.9,119.2,245.7,15.0,74.2,166.1,11.4,67.7,135.9,,,,,,,,,,,,,,,,,105.4,186.3,307.0,54.6,102.5,,
HPAP-040,Head of pancreas,ROI1,3560,1.6021,1.25,23.09,0.62,36.83,573.61,134.2,0.0,0.0,True,1092.4,130.8,,107.7,89.4,462.2,83.2,,77.5,40.9,,,,,,512.1,105.1,,73.0,37.5,522.1,108.3,,70.9,32.1,15.2,20.8,,18.6,436.3,100.7,,87.2,17.5,44.6,19.4,,,,,,,,,,,,,,,93.5,196.6,304.8,,,,71.3,153.6,247.6,89.7,198.6,299.9,108.4,235.8,374.2,,,,,,,,,,,,,,,,,,,,,,,
HPAP-040,Head of pancreas,ROI2,3095,0.9944,2.01,37.21,0.0,49.28,757.23,295.65,0.0,0.0,True,686.1,86.7,,130.4,97.3,367.2,71.0,,70.3,35.5,,,,,,322.8,72.9,,51.9,35.5,399.9,93.1,,72.3,18.1,10.8,18.8,,19.1,352.8,85.5,,78.2,15.5,31.0,19.3,,,,,,,,,,,,,,,249.0,512.1,616.5,,,,200.4,439.1,519.9,136.6,320.3,443.6,177.5,366.6,530.6,,,,,,,,,,,,,,,,,,,,,,,
HPAP-040,Head of pancreas,ROI3,2744,0.9939,0.0,24.15,0.0,68.42,1035.31,424.59,0.0,178.09,True,,,,,,,80.9,,57.9,22.5,,,,,,,93.0,,54.2,27.8,,110.0,,65.5,19.1,,16.0,,13.7,,104.0,,56.2,14.3,23.0,15.4,,,,,,,,,,,,,,,98.3,183.3,351.0,,,,107.6,178.6,413.4,87.1,164.1,343.0,96.0,187.3,402.2,223.4,286.6,362.7,,140.4,,113.8,182.9,,131.4,,52.5,53.1,13.7,173.0,37.5,,,,,,,
HPAP-040,Tail of pancreas,ROI1,3095,0.9944,1.01,18.1,0.0,45.26,63.36,474.67,0.0,0.0,True,,,,,,,94.9,,77.7,31.9,,,,,,,106.9,,51.8,22.4,,114.7,,73.1,16.1,,72.3,,65.0,,112.1,,75.7,42.0,24.1,58.9,,,,,,,,,,,,,,,29.7,60.3,91.3,,,,8.5,46.2,135.1,16.5,63.5,138.6,25.5,72.4,152.9,,,,,,,,,,,,,,,,,,,,,,,
HPAP-040,Tail of pancreas,ROI2,2734,0.9929,1.01,45.32,0.0,51.36,87.62,781.52,0.0,0.0,True,,,,,,,69.8,,90.9,16.3,,,,,,,84.6,,52.0,14.2,,69.4,,67.4,13.8,,53.6,,40.8,,66.4,,60.1,46.0,17.0,50.0,,,,,,,,,,,,,,,418.1,642.1,804.2,,,,264.9,452.9,734.6,381.5,569.2,742.0,345.1,532.1,727.2,,,,,,,,,,,,,,,,,,,,,,,
HPAP-040,Tail of pancreas,ROI3,1893,0.9929,2.01,28.2,0.0,50.36,94.67,392.78,0.0,112.8,True,413.0,45.4,,91.7,24.3,602.9,50.7,,41.8,24.2,,,,,,452.2,98.0,,39.5,22.0,471.5,111.5,,69.8,21.1,105.6,42.2,,44.3,531.0,89.8,,70.0,28.2,20.5,52.0,,,,,,,,,,,,,,,12.9,38.4,127.6,,,,15.0,69.6,152.5,15.9,74.0,153.4,10.3,53.8,146.3,24.3,58.4,94.2,75.8,78.3,,135.0,128.4,281.1,135.4,,91.3,51.4,13.8,110.1,69.4,,,,,,,
HPAP-042,Body of pancreas,ROI1,2583,0.9951,0.0,0.0,3.01,20.1,5.02,336.66,318.57,36.18,True,,,,,,,,,,,,,434.9,193.9,37.2,,,241.3,64.6,20.7,,,236.1,102.0,18.7,,,514.4,323.9,,,423.0,109.1,39.4,54.8,368.7,,,45.6,31.3,28.8,,,291.2,115.6,29.6,20.6,,,,,,,52.7,86.1,148.2,104.4,221.5,301.6,28.9,121.9,296.4,413.3,432.1,450.5,10.6,89.5,508.8,,,200.4,129.8,127.1,,,357.6,61.3,21.3,13.2,128.2,272.5,76.4,294.8,411.0,21.1,239.2,138.2,45.2
HPAP-042,Body of pancreas,ROI2,1914,0.995,0.0,0.0,0.0,0.0,0.0,0.0,0.0,398.0,True,,,,,,,,,,,,,,,,,,,,,,,,,,,,,,,,,,,,,,,,,,,,,,,,,,,,,,,,,,,,,,,,,,60.9,125.9,186.2,,,,,,,,,,,17.0,,,,,,,,,
HPAP-042,Body of pancreas,ROI3,944,1.1526,2.6,0.87,1.74,13.01,25.16,329.69,0.0,0.0,True,291.7,,265.5,115.0,14.3,,,,,,219.3,,542.0,204.3,29.7,308.3,,305.7,103.2,17.5,298.2,,261.4,103.6,15.4,49.6,,143.6,111.3,229.8,,301.5,127.5,27.6,31.1,143.1,,,,,,,,,,,,130.2,246.8,301.6,,,,,,,132.8,177.8,294.2,128.0,193.9,286.6,14.6,80.1,155.4,,,,,,,,,,,,,,,,,,,,,,,
HPAP-042,Tail of pancreas,ROI1,1619,0.9916,1.01,2.02,1.01,18.15,13.11,382.22,0.0,188.59,True,,,,,,,1027.0,,70.5,11.9,,,,,,,295.5,,108.4,21.6,,456.2,,125.9,16.9,,143.4,,120.2,,291.7,,124.0,138.0,12.3,89.0,,,,,,,,,,,,,,,,,,,,,297.9,585.4,748.4,367.2,656.0,794.7,639.0,752.5,849.0,439.1,642.3,801.7,,88.2,,46.8,57.1,,355.1,,96.0,36.9,16.2,36.1,124.5,,,,,,,
HPAP-042,Tail of pancreas,ROI2,1874,0.9947,0.0,1.01,11.06,27.14,11.06,546.92,0.0,0.0,True,,,,,,,,,,,,,227.2,67.8,29.7,,,119.7,71.9,18.7,,,138.7,84.3,16.5,,,121.0,137.2,,,131.8,115.6,187.0,22.1,139.9,,,,,,,,,,,,,,,,,,157.4,267.1,493.4,183.0,291.5,515.6,90.0,244.6,467.3,275.4,334.4,572.1,,,,,,,,,,,,,,,,,,,,,,,
HPAP-046,Body of pancreas,ROI1,1775,0.9926,2.02,5.04,1.01,24.18,204.52,263.97,0.0,0.0,False,308.0,421.4,,55.3,107.2,442.1,310.0,,62.9,35.3,,,,,,361.1,285.7,,59.1,37.8,417.2,195.6,,128.4,21.5,15.5,30.6,,16.3,346.7,290.6,,59.7,14.9,32.5,51.5,,,,,,,,,,,,,,,,,,,,,,,,,,,,,,,,,,,,,,,,,,,,,,,,,,,,
HPAP-046,Body of pancreas,ROI2,2811,0.994,15.09,24.15,2.01,78.47,144.87,687.14,0.0,0.0,True,59.4,61.7,213.3,45.6,22.4,83.2,79.1,205.1,45.2,15.8,80.2,71.6,602.0,46.9,21.1,108.4,88.5,267.9,32.1,18.7,145.0,104.5,307.6,62.8,16.1,25.0,33.9,59.9,26.5,136.0,96.5,310.0,53.5,32.1,16.4,41.0,,,,,,,,,,,,31.7,136.5,219.6,124.3,187.8,268.0,,,,125.5,199.4,254.5,101.5,176.7,242.3,101.0,195.7,249.6,,,,,,,,,,,,,,,,,,,,,,,
HPAP-046,Body of pancreas,ROI3,2826,0.9937,1.01,10.06,0.0,67.42,144.91,754.72,0.0,0.0,True,,,,,,,187.7,,50.4,17.2,,,,,,,133.6,,49.9,16.8,,148.2,,62.6,15.1,,20.9,,47.2,,124.3,,59.8,24.7,17.6,42.9,,,,,,,,,,,,,,,130.4,139.5,313.6,,,,130.3,263.0,425.5,162.1,277.0,427.0,130.1,240.9,384.3,,,,,,,,,,,,,,,,,,,,,,,
HPAP-046,Head of pancreas,ROI1,3038,0.9935,1.01,23.15,0.0,66.43,139.91,1445.45,0.0,0.0,True,,,,,,,98.3,,68.1,14.0,,,,,,,131.8,,44.4,14.9,,114.6,,65.6,12.8,,58.1,,27.6,,118.3,,51.1,25.0,14.4,47.0,,,,,,,,,,,,,,,71.2,125.9,365.6,,,,22.6,133.9,237.9,64.3,149.1,283.3,56.6,163.1,293.6,,,,,,,,,,,,,,,,,,,,,,,
HPAP-046,Head of pancreas,ROI3,452,0.9872,6.08,5.06,0.0,23.3,19.25,112.44,114.47,98.26,True,30.1,253.0,,30.9,72.7,226.8,59.0,,34.9,30.1,,,,,,233.2,254.3,,63.6,34.7,236.3,234.7,,104.4,33.0,197.4,80.2,,144.1,214.0,216.0,,87.8,114.1,20.5,119.0,71.2,102.6,,116.3,90.9,286.8,281.3,,202.3,64.3,15.7,17.4,18.9,31.2,31.0,41.2,51.1,,,,8.3,20.4,49.5,5.0,18.0,51.4,5.0,9.2,44.8,18.0,44.3,75.7,124.0,155.6,,275.7,170.1,312.9,254.6,,180.3,81.5,19.1,239.9,101.6,24.8,49.2,79.4,36.1,104.3,19.8,20.7
HPAP-046,Tail of pancreas,ROI1,4157,1.4331,1.4,19.54,0.0,48.85,112.34,867.35,0.0,0.0,True,626.1,53.2,,42.7,14.3,313.1,96.5,,65.1,16.7,,,,,,340.2,110.0,,60.0,19.4,320.0,107.0,,68.1,14.1,24.2,41.0,,40.1,310.0,127.4,,62.6,33.7,15.9,47.9,,,,,,,,,,,,,,,49.3,190.7,378.4,,,,23.0,201.9,336.6,104.3,224.1,329.3,69.6,209.3,295.6,,,,,,,,,,,,,,,,,,,,,,,
HPAP-046,Tail of pancreas,ROI2,3533,0.9947,2.01,9.05,0.0,61.32,23.12,437.31,0.0,136.72,True,223.3,330.6,,26.9,16.5,370.7,148.3,,89.0,28.9,,,,,,360.0,163.5,,49.5,19.2,374.4,170.8,,56.1,18.4,99.4,98.4,,97.8,515.6,162.7,,42.7,103.6,22.4,100.4,,,,,,,,,,,,,,,49.4,404.5,502.2,,,,205.6,352.4,468.3,208.3,351.5,498.1,279.9,417.3,586.9,283.2,418.9,593.9,40.3,107.9,,90.9,129.1,498.9,253.4,,46.5,28.0,10.5,99.7,87.6,,,,,,,
HPAP-046,Tail of pancreas,ROI3,3076,0.994,2.01,20.12,1.01,28.17,24.14,553.31,0.0,154.93,True,474.7,84.1,,101.3,12.5,446.2,91.9,,98.8,21.9,,,,,,341.9,107.7,,105.8,14.6,248.8,118.8,,87.3,14.7,53.1,72.7,,82.3,333.6,91.4,,90.1,115.5,22.5,86.5,,,,,,,,,,,,,,,242.9,668.5,828.9,,,,310.5,637.5,720.2,151.3,361.9,617.8,185.5,338.5,635.8,464.4,510.3,690.5,450.7,170.0,,281.8,347.6,468.0,192.2,,100.9,50.7,11.4,209.0,94.7,,,,,,,
HPAP-047,Body of pancreas,ROI1,3161,0.9952,0.0,3.01,173.84,318.53,8.04,1044.03,0.0,141.68,True,,,,,,,266.4,104.3,14.4,28.4,,349.1,29.9,32.8,12.1,,282.9,47.6,18.8,18.5,,323.2,30.9,32.3,13.0,,157.5,150.7,233.2,,338.3,28.5,27.1,219.8,17.3,159.7,,,,,,,,,,,,,,,8.6,9.9,12.2,4.0,9.8,20.6,5.7,10.4,19.9,4.0,10.6,21.0,3.3,4.2,8.7,7.1,12.0,21.2,,58.6,38.6,41.2,36.0,,288.8,34.6,32.2,13.7,36.5,48.7,183.0,,,,,,,
HPAP-047,Body of pancreas,ROI2,2325,0.9919,0.0,3.02,160.29,226.83,0.0,892.2,0.0,107.87,True,,,,,,,134.5,38.4,17.7,26.2,,242.9,24.0,30.0,15.2,,165.1,30.0,18.7,17.5,,318.2,40.5,43.0,13.5,,,,,,,,,,,,,,,,,,,,,,,,,,61.3,71.0,146.6,25.9,60.8,86.5,38.1,66.0,93.5,22.5,44.7,76.3,,,,23.0,45.3,78.7,,19.8,51.0,40.8,44.9,,263.9,40.5,41.2,15.9,35.5,,,,,,,,,
HPAP-047,Body of pancreas,ROI3,2049,0.9935,0.0,3.02,6.04,47.31,1.01,565.65,0.0,0.0,True,,,,,,,40.5,186.7,121.2,16.7,,300.5,201.2,61.0,13.0,,232.1,142.2,41.8,22.0,,287.2,136.5,62.8,13.1,,,,,,,,,,,,,,,,,,,,,,,,,,39.5,74.1,77.1,10.9,25.0,40.9,9.9,22.5,46.1,3.6,10.2,28.5,,,,,,,,,,,,,,,,,,,,,,,,,,
HPAP-052,Body of pancreas,ROI1,2627,0.7942,2.52,26.44,1.26,100.73,206.5,1140.76,0.0,0.0,False,564.6,50.5,,103.0,13.3,246.2,92.7,,50.9,14.1,,,,,,242.9,97.2,,26.9,14.2,267.9,97.2,,47.2,13.5,40.4,33.8,,33.9,223.4,94.9,,45.6,23.4,12.6,32.8,,,,,,,,,,,,,,,,,,,,,,,,,,,,,,,,,,,,,,,,,,,,,,,,,,,,
HPAP-052,Body of pancreas,ROI2,3648,0.9938,0.0,0.0,0.0,0.0,0.0,0.0,0.0,53.33,False,,,,,,,,,,,,,,,,,,,,,,,,,,,,,,,,,,,,,,,,,,,,,,,,,,,,,,,,,,,,,,,,,,,,,,,,,,,,,,,10.7,,,,,,,,,
HPAP-052,Body of pancreas,ROI3,4181,0.9739,0.0,0.0,0.0,0.0,0.0,0.0,528.81,78.04,False,,,,,,,,,,,,,,,,,,,,,,,,,,,,,,,,,,,,,,,,,,,,,,,19.6,,,,,,,,,,,,,,,,,,,,,,,,,,,,,,,,10.8,,,,,,,,151.6,43.3
HPAP-052,Head of pancreas,ROI1,4061,0.9949,0.0,0.0,0.0,0.0,0.0,0.0,0.0,0.0,True,,,,,,,,,,,,,,,,,,,,,,,,,,,,,,,,,,,,,,,,,,,,,,,,,,,,,,,,,,,,,,,,,,,,,,,,,,,,,,,,,,,,,,,,
HPAP-052,Head of pancreas,ROI2,3374,0.9946,0.0,0.0,0.0,0.0,0.0,0.0,710.83,0.0,True,,,,,,,,,,,,,,,,,,,,,,,,,,,,,,,,,,,,,,,,,,,,,,,16.2,,,,,,,,,,,,,,,,,,,,,,,,,,,,,,,,,,,199.8,307.8,504.4,,,,
HPAP-052,Head of pancreas,ROI3,3950,0.9935,0.0,0.0,0.0,0.0,0.0,0.0,700.57,163.06,True,,,,,,,,,,,,,,,,,,,,,,,,,,,,,,,,,,,,,,,,,,,,,,,18.3,,,,,,,,,,,,,,,,,,,194.6,432.4,625.8,,,,,,,,,,,30.7,,,235.4,450.7,632.0,,,38.6,17.9
HPAP-052,Tail of pancreas,ROI1,3733,0.9947,0.0,0.0,0.0,0.0,0.0,0.0,0.0,556.97,True,,,,,,,,,,,,,,,,,,,,,,,,,,,,,,,,,,,,,,,,,,,,,,,,,,,,,,,,,,,,,,,,,,161.7,274.4,382.0,,,,,,,,,,,17.2,,,,,,,,,
HPAP-052,Tail of pancreas,ROI2,3775,0.9935,0.0,0.0,0.0,0.0,0.0,0.0,0.0,0.0,True,,,,,,,,,,,,,,,,,,,,,,,,,,,,,,,,,,,,,,,,,,,,,,,,,,,,,,,,,,,,,,,,,,,,,,,,,,,,,,,,,,,,,,,,
HPAP-052,Tail of pancreas,ROI3,4653,1.2688,0.0,0.0,0.0,0.0,0.0,0.0,0.0,372.8,True,,,,,,,,,,,,,,,,,,,,,,,,,,,,,,,,,,,,,,,,,,,,,,,,,,,,,,,,,,,,,,,,,,115.1,182.3,271.5,,,,,,,,,,,10.8,,,,,,,,,
HPAP-053,Body of pancreas,ROI1,3978,0.9946,0.0,0.0,0.0,0.0,0.0,0.0,0.0,0.0,True,,,,,,,,,,,,,,,,,,,,,,,,,,,,,,,,,,,,,,,,,,,,,,,,,,,,,,,,,,,,,,,,,,,,,,,,,,,,,,,,,,,,,,,,
HPAP-053,Body of pancreas,ROI2,3480,0.9941,0.0,0.0,0.0,0.0,0.0,0.0,0.0,101.6,True,,,,,,,,,,,,,,,,,,,,,,,,,,,,,,,,,,,,,,,,,,,,,,,,,,,,,,,,,,,,,,,,,,167.2,215.3,318.8,,,,,,,,,,,12.1,,,,,,,,,
HPAP-053,Body of pancreas,ROI3,3263,0.9947,0.0,0.0,0.0,0.0,0.0,0.0,0.0,54.29,True,,,,,,,,,,,,,,,,,,,,,,,,,,,,,,,,,,,,,,,,,,,,,,,,,,,,,,,,,,,,,,,,,,421.0,459.8,565.5,,,,,,,,,,,17.7,,,,,,,,,
HPAP-053,Head of pancreas,ROI1,4518,1.3438,0.0,0.0,0.0,0.0,0.0,0.0,0.0,296.92,True,,,,,,,,,,,,,,,,,,,,,,,,,,,,,,,,,,,,,,,,,,,,,,,,,,,,,,,,,,,,,,,,,,128.0,272.6,763.3,,,,,,,,,,,11.7,,,,,,,,,
HPAP-053,Head of pancreas,ROI2,4214,1.4331,0.0,0.0,0.0,0.0,0.0,0.0,0.0,0.0,True,,,,,,,,,,,,,,,,,,,,,,,,,,,,,,,,,,,,,,,,,,,,,,,,,,,,,,,,,,,,,,,,,,,,,,,,,,,,,,,,,,,,,,,,
HPAP-053,Head of pancreas,ROI3,3760,0.9938,0.0,0.0,0.0,0.0,0.0,0.0,212.31,90.56,False,,,,,,,,,,,,,,,,,,,,,,,,,,,,,,,,,,,,,,,,,,,,,,,29.1,,,,,,,,,,,,,,,,,,,,,,,,,,,,,,,,50.6,,,,,,,,51.9,35.8
HPAP-053,Tail of pancreas,ROI1,2076,0.9893,0.0,0.0,0.0,0.0,0.0,0.0,0.0,202.17,True,,,,,,,,,,,,,,,,,,,,,,,,,,,,,,,,,,,,,,,,,,,,,,,,,,,,,,,,,,,,,,,,,,136.8,173.2,203.4,,,,,,,,,,,10.7,,,,,,,,,
HPAP-053,Tail of pancreas,ROI2,3526,0.9923,0.0,0.0,0.0,0.0,0.0,0.0,0.0,110.85,True,,,,,,,,,,,,,,,,,,,,,,,,,,,,,,,,,,,,,,,,,,,,,,,,,,,,,,,,,,,,,,,,,,157.4,238.1,438.5,,,,,,,,,,,13.1,,,,,,,,,
HPAP-053,Tail of pancreas,ROI3,3255,0.9941,0.0,0.0,0.0,0.0,0.0,0.0,392.31,91.54,True,,,,,,,,,,,,,,,,,,,,,,,,,,,,,,,,,,,,,,,,,,,,,,,17.8,,,,,,,,,,,,,,,,,,,406.5,527.2,568.6,,,,,,,,,,,12.3,,,255.1,511.1,687.2,,,183.6,57.8
HPAP-054,Body of pancreas,ROI1,2971,0.993,0.0,0.0,0.0,0.0,0.0,0.0,0.0,204.43,True,,,,,,,,,,,,,,,,,,,,,,,,,,,,,,,,,,,,,,,,,,,,,,,,,,,,,,,,,,,,,,,,,,427.6,652.9,725.9,,,,,,,,,,,11.8,,,,,,,,,
HPAP-054,Body of pancreas,ROI2,4077,1.2939,0.0,0.0,0.0,0.0,0.0,0.0,0.0,236.49,True,,,,,,,,,,,,,,,,,,,,,,,,,,,,,,,,,,,,,,,,,,,,,,,,,,,,,,,,,,,,,,,,,,248.0,336.0,625.5,,,,,,,,,,,11.0,,,,,,,,,
HPAP-054,Body of pancreas,ROI3,2839,0.993,0.0,0.0,0.0,0.0,0.0,0.0,0.0,53.38,False,,,,,,,,,,,,,,,,,,,,,,,,,,,,,,,,,,,,,,,,,,,,,,,,,,,,,,,,,,,,,,,,,,,,,,,,,,,,,,,13.8,,,,,,,,,
HPAP-054,Head of pancreas,ROI1,2185,0.9927,0.0,0.0,0.0,0.0,0.0,0.0,0.0,0.0,True,,,,,,,,,,,,,,,,,,,,,,,,,,,,,,,,,,,,,,,,,,,,,,,,,,,,,,,,,,,,,,,,,,,,,,,,,,,,,,,,,,,,,,,,
HPAP-054,Head of pancreas,ROI2,3592,0.9936,0.0,0.0,0.0,0.0,0.0,0.0,0.0,0.0,True,,,,,,,,,,,,,,,,,,,,,,,,,,,,,,,,,,,,,,,,,,,,,,,,,,,,,,,,,,,,,,,,,,,,,,,,,,,,,,,,,,,,,,,,
HPAP-054,Head of pancreas,ROI3,2037,0.9912,0.0,0.0,0.0,0.0,0.0,0.0,0.0,125.1,True,,,,,,,,,,,,,,,,,,,,,,,,,,,,,,,,,,,,,,,,,,,,,,,,,,,,,,,,,,,,,,,,,,159.3,202.8,230.8,,,,,,,,,,,12.3,,,,,,,,,
HPAP-054,Tail of pancreas,ROI1,2847,0.9943,0.0,0.0,0.0,0.0,0.0,0.0,0.0,0.0,True,,,,,,,,,,,,,,,,,,,,,,,,,,,,,,,,,,,,,,,,,,,,,,,,,,,,,,,,,,,,,,,,,,,,,,,,,,,,,,,,,,,,,,,,
HPAP-054,Tail of pancreas,ROI2,2885,0.9924,0.0,0.0,0.0,0.0,0.0,0.0,0.0,219.68,True,,,,,,,,,,,,,,,,,,,,,,,,,,,,,,,,,,,,,,,,,,,,,,,,,,,,,,,,,,,,,,,,,,68.1,111.7,178.8,,,,,,,,,,,10.3,,,,,,,,,
HPAP-054,Tail of pancreas,ROI3,1424,0.9922,0.0,0.0,0.0,0.0,0.0,0.0,0.0,47.37,True,,,,,,,,,,,,,,,,,,,,,,,,,,,,,,,,,,,,,,,,,,,,,,,,,,,,,,,,,,,,,,,,,,240.6,361.4,386.3,,,,,,,,,,,13.9,,,,,,,,,
HPAP-056,Body of pancreas,ROI2,3687,0.995,0.0,0.0,0.0,0.0,0.0,0.0,0.0,906.53,True,,,,,,,,,,,,,,,,,,,,,,,,,,,,,,,,,,,,,,,,,,,,,,,,,,,,,,,,,,,,,,,,,,18.0,42.9,98.7,,,,,,,,,,,11.6,,,,,,,,,
HPAP-056,Body of pancreas,ROI3,3242,0.9942,0.0,0.0,0.0,0.0,0.0,0.0,0.0,947.46,True,,,,,,,,,,,,,,,,,,,,,,,,,,,,,,,,,,,,,,,,,,,,,,,,,,,,,,,,,,,,,,,,,,22.1,63.7,119.5,,,,,,,,,,,12.8,,,,,,,,,
HPAP-056,Body of pancreas,ROI5,2679,0.9283,0.0,0.0,0.0,0.0,0.0,0.0,0.0,782.09,True,,,,,,,,,,,,,,,,,,,,,,,,,,,,,,,,,,,,,,,,,,,,,,,,,,,,,,,,,,,,,,,,,,43.3,83.9,133.3,,,,,,,,,,,12.8,,,,,,,,,
HPAP-056,Head of pancreas,ROI1,7951,1.9918,0.0,0.0,0.0,0.0,0.0,0.0,0.0,63.26,True,,,,,,,,,,,,,,,,,,,,,,,,,,,,,,,,,,,,,,,,,,,,,,,,,,,,,,,,,,,,,,,,,,93.1,130.8,170.3,,,,,,,,,,,11.9,,,,,,,,,
HPAP-056,Head of pancreas,ROI2,2003,0.9897,0.0,0.0,0.0,0.0,0.0,0.0,0.0,29.3,True,,,,,,,,,,,,,,,,,,,,,,,,,,,,,,,,,,,,,,,,,,,,,,,,,,,,,,,,,,,,,,,,,,48.3,165.7,206.3,,,,,,,,,,,16.1,,,,,,,,,
HPAP-056,Tail of pancreas,ROI1,3316,0.9941,0.0,0.0,0.0,0.0,0.0,0.0,0.0,163.96,True,,,,,,,,,,,,,,,,,,,,,,,,,,,,,,,,,,,,,,,,,,,,,,,,,,,,,,,,,,,,,,,,,,66.9,110.8,155.3,,,,,,,,,,,11.2,,,,,,,,,
HPAP-056,Tail of pancreas,ROI2,3118,1.0393,0.0,0.0,0.0,0.0,0.0,0.0,0.0,189.56,True,,,,,,,,,,,,,,,,,,,,,,,,,,,,,,,,,,,,,,,,,,,,,,,,,,,,,,,,,,,,,,,,,,76.7,134.3,219.5,,,,,,,,,,,12.6,,,,,,,,,
HPAP-056,Tail of pancreas,ROI3,3121,0.9901,0.0,0.0,0.0,0.0,0.0,0.0,0.0,213.11,True,,,,,,,,,,,,,,,,,,,,,,,,,,,,,,,,,,,,,,,,,,,,,,,,,,,,,,,,,,,,,,,,,,76.5,132.8,187.4,,,,,,,,,,,13.2,,,,,,,,,
HPAP-059,Body of pancreas,ROI1,1788,1.0097,0.0,0.0,0.0,0.0,0.0,0.0,0.0,103.01,True,,,,,,,,,,,,,,,,,,,,,,,,,,,,,,,,,,,,,,,,,,,,,,,,,,,,,,,,,,,,,,,,,,138.4,188.7,226.1,,,,,,,,,,,17.4,,,,,,,,,
HPAP-059,Body of pancreas,ROI2,1690,1.1897,0.0,0.0,0.0,0.0,0.0,0.0,0.0,457.24,True,,,,,,,,,,,,,,,,,,,,,,,,,,,,,,,,,,,,,,,,,,,,,,,,,,,,,,,,,,,,,,,,,,114.4,221.9,349.3,,,,,,,,,,,20.3,,,,,,,,,
HPAP-059,Body of pancreas,ROI3,2430,1.4843,0.0,0.0,0.0,0.0,0.0,0.0,0.0,564.56,True,,,,,,,,,,,,,,,,,,,,,,,,,,,,,,,,,,,,,,,,,,,,,,,,,,,,,,,,,,,,,,,,,,163.9,327.3,503.9,,,,,,,,,,,17.7,,,,,,,,,
HPAP-059,Head of pancreas,ROI2,4692,1.2035,0.0,0.0,0.0,0.0,0.0,0.0,0.0,132.12,True,,,,,,,,,,,,,,,,,,,,,,,,,,,,,,,,,,,,,,,,,,,,,,,,,,,,,,,,,,,,,,,,,,261.0,399.0,454.9,,,,,,,,,,,13.2,,,,,,,,,
HPAP-059,Head of pancreas,ROI3,3334,0.9942,0.0,0.0,0.0,0.0,0.0,0.0,47.27,240.38,True,,,,,,,,,,,,,,,,,,,,,,,,,,,,,,,,,,,,,,,,,,,,,,,67.2,,,,,,,,,,,,,,,,,,,384.9,447.2,512.6,,,,,,,,,,,12.1,,,109.5,216.4,320.8,,,160.3,133.9
HPAP-059,Head of pancreas,ROI4,7110,2.241,0.0,0.0,0.0,0.0,0.0,0.0,0.0,325.75,True,,,,,,,,,,,,,,,,,,,,,,,,,,,,,,,,,,,,,,,,,,,,,,,,,,,,,,,,,,,,,,,,,,114.6,199.2,263.9,,,,,,,,,,,11.9,,,,,,,,,
HPAP-059,Tail of pancreas,ROI1,2474,0.9941,0.0,0.0,0.0,0.0,0.0,0.0,0.0,857.05,True,,,,,,,,,,,,,,,,,,,,,,,,,,,,,,,,,,,,,,,,,,,,,,,,,,,,,,,,,,,,,,,,,,47.9,95.9,165.7,,,,,,,,,,,13.6,,,,,,,,,
HPAP-059,Tail of pancreas,ROI2,2032,0.9929,0.0,0.0,0.0,0.0,0.0,0.0,0.0,613.38,True,,,,,,,,,,,,,,,,,,,,,,,,,,,,,,,,,,,,,,,,,,,,,,,,,,,,,,,,,,,,,,,,,,99.4,209.5,388.3,,,,,,,,,,,15.1,,,,,,,,,
HPAP-059,Tail of pancreas,ROI3,2724,0.9948,0.0,0.0,0.0,0.0,0.0,0.0,0.0,1091.72,True,,,,,,,,,,,,,,,,,,,,,,,,,,,,,,,,,,,,,,,,,,,,,,,,,,,,,,,,,,,,,,,,,,62.4,144.1,222.3,,,,,,,,,,,13.2,,,,,,,,,
HPAP-063,Body of pancreas,ROI1,2544,1.094,0.0,0.0,0.0,0.0,0.0,0.0,0.0,291.59,True,,,,,,,,,,,,,,,,,,,,,,,,,,,,,,,,,,,,,,,,,,,,,,,,,,,,,,,,,,,,,,,,,,40.2,65.4,86.9,,,,,,,,,,,10.6,,,,,,,,,
HPAP-063,Body of pancreas,ROI2,2517,1.1922,0.0,0.0,0.0,0.0,0.0,0.0,0.0,175.3,True,,,,,,,,,,,,,,,,,,,,,,,,,,,,,,,,,,,,,,,,,,,,,,,,,,,,,,,,,,,,,,,,,,20.9,37.8,75.4,,,,,,,,,,,11.2,,,,,,,,,
HPAP-063,Body of pancreas,ROI3,1664,0.9941,0.0,0.0,0.0,0.0,0.0,0.0,0.0,131.78,True,,,,,,,,,,,,,,,,,,,,,,,,,,,,,,,,,,,,,,,,,,,,,,,,,,,,,,,,,,,,,,,,,,7.8,19.4,42.7,,,,,,,,,,,13.0,,,,,,,,,
HPAP-063,Head of pancreas,ROI1,3189,0.9945,0.0,0.0,0.0,0.0,0.0,0.0,0.0,125.7,True,,,,,,,,,,,,,,,,,,,,,,,,,,,,,,,,,,,,,,,,,,,,,,,,,,,,,,,,,,,,,,,,,,11.4,25.5,47.2,,,,,,,,,,,11.4,,,,,,,,,
HPAP-063,Head of pancreas,ROI2,2150,0.9247,0.0,0.0,0.0,0.0,0.0,0.0,0.0,0.0,True,,,,,,,,,,,,,,,,,,,,,,,,,,,,,,,,,,,,,,,,,,,,,,,,,,,,,,,,,,,,,,,,,,,,,,,,,,,,,,,,,,,,,,,,
HPAP-063,Head of pancreas,ROI3,3354,0.9942,0.0,0.0,0.0,0.0,0.0,0.0,0.0,75.44,True,,,,,,,,,,,,,,,,,,,,,,,,,,,,,,,,,,,,,,,,,,,,,,,,,,,,,,,,,,,,,,,,,,6.9,14.3,31.1,,,,,,,,,,,9.9,,,,,,,,,
HPAP-063,Tail of pancreas,ROI1,2698,0.9669,0.0,0.0,0.0,0.0,0.0,0.0,0.0,203.73,True,,,,,,,,,,,,,,,,,,,,,,,,,,,,,,,,,,,,,,,,,,,,,,,,,,,,,,,,,,,,,,,,,,8.5,18.1,36.4,,,,,,,,,,,10.7,,,,,,,,,
HPAP-063,Tail of pancreas,ROI2,2862,1.1925,0.0,0.0,0.0,0.0,0.0,0.0,0.0,228.92,True,,,,,,,,,,,,,,,,,,,,,,,,,,,,,,,,,,,,,,,,,,,,,,,,,,,,,,,,,,,,,,,,,,33.3,66.9,113.1,,,,,,,,,,,11.9,,,,,,,,,
HPAP-063,Tail of pancreas,ROI3,4775,1.6148,0.0,0.0,0.0,0.0,0.0,0.0,0.0,227.28,True,,,,,,,,,,,,,,,,,,,,,,,,,,,,,,,,,,,,,,,,,,,,,,,,,,,,,,,,,,,,,,,,,,20.2,42.0,63.0,,,,,,,,,,,12.2,,,,,,,,,
HPAP-066,Head of pancreas,ROI3,3676,0.993,0.0,0.0,0.0,0.0,0.0,0.0,111.79,601.23,True,,,,,,,,,,,,,,,,,,,,,,,,,,,,,,,,,,,,,,,,,,,,,,,35.5,,,,,,,,,,,,,,,,,,,94.9,182.8,257.7,,,,,,,,,,,16.0,,,107.3,189.8,327.6,,,20.2,47.4
HPAP-066,Head of pancreas,ROI4,4787,1.1927,0.0,0.0,0.0,0.0,0.0,0.0,48.63,690.85,True,,,,,,,,,,,,,,,,,,,,,,,,,,,,,,,,,,,,,,,,,,,,,,,52.5,,,,,,,,,,,,,,,,,,,206.7,405.1,560.8,,,,,,,,,,,15.2,,,217.6,405.9,527.4,,,16.3,67.0
HPAP-066,Head of pancreas,ROI5,4864,1.1937,0.0,0.0,0.0,0.0,0.0,0.0,140.73,629.12,True,,,,,,,,,,,,,,,,,,,,,,,,,,,,,,,,,,,,,,,,,,,,,,,28.3,,,,,,,,,,,,,,,,,,,40.4,137.9,238.9,,,,,,,,,,,16.4,,,74.2,133.9,247.9,,,18.4,43.5
HPAP-066,Tail of pancreas,ROI2,3568,0.995,0.0,0.0,0.0,0.0,0.0,0.0,0.0,0.0,True,,,,,,,,,,,,,,,,,,,,,,,,,,,,,,,,,,,,,,,,,,,,,,,,,,,,,,,,,,,,,,,,,,,,,,,,,,,,,,,,,,,,,,,,
HPAP-066,Tail of pancreas,ROI3,4154,0.9953,0.0,0.0,0.0,0.0,0.0,0.0,0.0,151.71,True,,,,,,,,,,,,,,,,,,,,,,,,,,,,,,,,,,,,,,,,,,,,,,,,,,,,,,,,,,,,,,,,,,80.5,144.0,245.7,,,,,,,,,,,29.5,,,,,,,,,
HPAP-066,Tail of pancreas,ROI5,4386,0.9956,0.0,0.0,0.0,0.0,0.0,0.0,115.51,0.0,True,,,,,,,,,,,,,,,,,,,,,,,,,,,,,,,,,,,,,,,,,,,,,,,34.9,,,,,,,,,,,,,,,,,,,,,,,,,,,,,,,,,,,159.7,304.9,450.1,,,,
HPAP-067,Body of pancreas,ROI1,2954,0.9925,0.0,0.0,0.0,0.0,0.0,0.0,0.0,0.0,True,,,,,,,,,,,,,,,,,,,,,,,,,,,,,,,,,,,,,,,,,,,,,,,,,,,,,,,,,,,,,,,,,,,,,,,,,,,,,,,,,,,,,,,,
HPAP-067,Body of pancreas,ROI2,4242,0.9947,0.0,0.0,0.0,0.0,0.0,0.0,0.0,233.24,True,,,,,,,,,,,,,,,,,,,,,,,,,,,,,,,,,,,,,,,,,,,,,,,,,,,,,,,,,,,,,,,,,,282.4,456.5,603.3,,,,,,,,,,,22.4,,,,,,,,,
HPAP-067,Body of pancreas,ROI3,4108,0.995,0.0,0.0,0.0,0.0,0.0,0.0,551.74,260.29,True,,,,,,,,,,,,,,,,,,,,,,,,,,,,,,,,,,,,,,,,,,,,,,,16.1,,,,,,,,,,,,,,,,,,,104.2,204.9,304.7,,,,,,,,,,,21.9,,,28.6,107.8,213.6,,,32.6,22.4
HPAP-067,Head of pancreas,ROI1,3748,0.995,0.0,0.0,0.0,0.0,0.0,0.0,0.0,193.97,True,,,,,,,,,,,,,,,,,,,,,,,,,,,,,,,,,,,,,,,,,,,,,,,,,,,,,,,,,,,,,,,,,,81.0,210.9,297.6,,,,,,,,,,,27.4,,,,,,,,,
HPAP-067,Head of pancreas,ROI2,4278,0.9948,0.0,0.0,0.0,0.0,0.0,0.0,601.1,0.0,True,,,,,,,,,,,,,,,,,,,,,,,,,,,,,,,,,,,,,,,,,,,,,,,16.8,,,,,,,,,,,,,,,,,,,,,,,,,,,,,,,,,,,181.9,298.4,430.9,,,,
HPAP-067,Head of pancreas,ROI3,4564,0.9954,0.0,0.0,0.0,0.0,0.0,0.0,0.0,271.24,True,,,,,,,,,,,,,,,,,,,,,,,,,,,,,,,,,,,,,,,,,,,,,,,,,,,,,,,,,,,,,,,,,,93.0,173.9,283.3,,,,,,,,,,,22.7,,,,,,,,,
HPAP-067,Tail of pancreas,ROI1,2303,0.9942,0.0,0.0,0.0,0.0,0.0,0.0,0.0,0.0,True,,,,,,,,,,,,,,,,,,,,,,,,,,,,,,,,,,,,,,,,,,,,,,,,,,,,,,,,,,,,,,,,,,,,,,,,,,,,,,,,,,,,,,,,
HPAP-067,Tail of pancreas,ROI2,3313,0.9945,0.0,0.0,0.0,0.0,0.0,0.0,0.0,0.0,False,,,,,,,,,,,,,,,,,,,,,,,,,,,,,,,,,,,,,,,,,,,,,,,,,,,,,,,,,,,,,,,,,,,,,,,,,,,,,,,,,,,,,,,,
HPAP-067,Tail of pancreas,ROI3,3639,0.9942,0.0,0.0,0.0,0.0,0.0,0.0,0.0,0.0,True,,,,,,,,,,,,,,,,,,,,,,,,,,,,,,,,,,,,,,,,,,,,,,,,,,,,,,,,,,,,,,,,,,,,,,,,,,,,,,,,,,,,,,,,
HPAP-074,Body of pancreas,ROI1,3872,1.4334,0.0,0.0,0.0,0.0,0.0,0.0,0.0,355.1,True,,,,,,,,,,,,,,,,,,,,,,,,,,,,,,,,,,,,,,,,,,,,,,,,,,,,,,,,,,,,,,,,,,148.4,279.6,386.5,,,,,,,,,,,11.7,,,,,,,,,
HPAP-074,Body of pancreas,ROI2,2635,0.9951,0.0,0.0,0.0,0.0,0.0,0.0,0.0,121.6,True,,,,,,,,,,,,,,,,,,,,,,,,,,,,,,,,,,,,,,,,,,,,,,,,,,,,,,,,,,,,,,,,,,321.8,446.1,527.0,,,,,,,,,,,12.0,,,,,,,,,
HPAP-074,Body of pancreas,ROI3,3030,0.9947,0.0,0.0,0.0,0.0,0.0,0.0,0.0,72.39,True,,,,,,,,,,,,,,,,,,,,,,,,,,,,,,,,,,,,,,,,,,,,,,,,,,,,,,,,,,,,,,,,,,127.2,207.1,288.6,,,,,,,,,,,12.6,,,,,,,,,
HPAP-074,Head of pancreas,ROI3,2920,0.8936,0.0,0.0,0.0,0.0,0.0,0.0,0.0,0.0,True,,,,,,,,,,,,,,,,,,,,,,,,,,,,,,,,,,,,,,,,,,,,,,,,,,,,,,,,,,,,,,,,,,,,,,,,,,,,,,,,,,,,,,,,
HPAP-074,Head of pancreas,ROI4,2034,0.8947,0.0,0.0,0.0,0.0,0.0,0.0,10.06,285.03,True,,,,,,,,,,,,,,,,,,,,,,,,,,,,,,,,,,,,,,,,,,,,,,,13.1,,,,,,,,,,,,,,,,,,,77.6,286.6,355.4,,,,,,,,,,,11.0,,,312.2,327.9,355.6,,,50.9,416.4
HPAP-074,Head of pancreas,ROI5,3196,0.803,0.0,0.0,0.0,0.0,0.0,0.0,0.0,0.0,True,,,,,,,,,,,,,,,,,,,,,,,,,,,,,,,,,,,,,,,,,,,,,,,,,,,,,,,,,,,,,,,,,,,,,,,,,,,,,,,,,,,,,,,,
HPAP-075,Body of pancreas,ROI1,5218,0.993,0.0,0.0,0.0,0.0,0.0,0.0,701.94,391.76,False,,,,,,,,,,,,,,,,,,,,,,,,,,,,,,,,,,,,,,,,,,,,,,,15.5,,,,,,,,,,,,,,,,,,,,,,,,,,,,,,,,19.6,,,,,,,,24.8,19.7
HPAP-075,Body of pancreas,ROI3,4915,0.9946,0.0,0.0,0.0,0.0,0.0,0.0,0.0,755.07,True,,,,,,,,,,,,,,,,,,,,,,,,,,,,,,,,,,,,,,,,,,,,,,,,,,,,,,,,,,,,,,,,,,116.9,278.5,463.7,,,,,,,,,,,15.3,,,,,,,,,
HPAP-075,Body of pancreas,ROI4,4888,0.9941,0.0,0.0,0.0,0.0,0.0,0.0,0.0,691.05,True,,,,,,,,,,,,,,,,,,,,,,,,,,,,,,,,,,,,,,,,,,,,,,,,,,,,,,,,,,,,,,,,,,57.5,197.7,319.2,,,,,,,,,,,15.1,,,,,,,,,
HPAP-075,Head of pancreas,ROI1,4951,0.9955,0.0,0.0,0.0,0.0,0.0,0.0,0.0,0.0,True,,,,,,,,,,,,,,,,,,,,,,,,,,,,,,,,,,,,,,,,,,,,,,,,,,,,,,,,,,,,,,,,,,,,,,,,,,,,,,,,,,,,,,,,
HPAP-075,Head of pancreas,ROI2,4793,0.9945,0.0,0.0,0.0,0.0,0.0,0.0,0.0,1079.95,True,,,,,,,,,,,,,,,,,,,,,,,,,,,,,,,,,,,,,,,,,,,,,,,,,,,,,,,,,,,,,,,,,,168.5,284.6,414.2,,,,,,,,,,,13.1,,,,,,,,,
HPAP-075,Head of pancreas,ROI3,5029,0.9948,0.0,0.0,0.0,0.0,0.0,0.0,0.0,0.0,True,,,,,,,,,,,,,,,,,,,,,,,,,,,,,,,,,,,,,,,,,,,,,,,,,,,,,,,,,,,,,,,,,,,,,,,,,,,,,,,,,,,,,,,,
HPAP-075,Tail of pancreas,ROI1,4363,0.9947,0.0,0.0,0.0,0.0,0.0,0.0,0.0,362.91,True,,,,,,,,,,,,,,,,,,,,,,,,,,,,,,,,,,,,,,,,,,,,,,,,,,,,,,,,,,,,,,,,,,173.8,259.3,306.7,,,,,,,,,,,11.2,,,,,,,,,
HPAP-075,Tail of pancreas,ROI2,9330,1.9522,0.0,0.0,0.0,0.0,0.0,0.0,0.0,1174.05,True,,,,,,,,,,,,,,,,,,,,,,,,,,,,,,,,,,,,,,,,,,,,,,,,,,,,,,,,,,,,,,,,,,174.5,333.9,492.3,,,,,,,,,,,12.2,,,,,,,,,
HPAP-075,Tail of pancreas,ROI6,8183,1.6828,0.0,0.0,0.0,0.0,0.0,0.0,0.0,0.0,True,,,,,,,,,,,,,,,,,,,,,,,,,,,,,,,,,,,,,,,,,,,,,,,,,,,,,,,,,,,,,,,,,,,,,,,,,,,,,,,,,,,,,,,,
HPAP-080,Head of pancreas,ROI1,4927,0.9944,0.0,0.0,0.0,0.0,0.0,0.0,0.0,505.82,True,,,,,,,,,,,,,,,,,,,,,,,,,,,,,,,,,,,,,,,,,,,,,,,,,,,,,,,,,,,,,,,,,,340.0,435.7,530.5,,,,,,,,,,,10.5,,,,,,,,,
HPAP-080,Head of pancreas,ROI2,4657,0.9951,0.0,0.0,0.0,0.0,0.0,0.0,0.0,0.0,True,,,,,,,,,,,,,,,,,,,,,,,,,,,,,,,,,,,,,,,,,,,,,,,,,,,,,,,,,,,,,,,,,,,,,,,,,,,,,,,,,,,,,,,,
HPAP-080,Head of pancreas,ROI3,4779,0.9944,0.0,0.0,0.0,0.0,0.0,0.0,0.0,553.11,True,,,,,,,,,,,,,,,,,,,,,,,,,,,,,,,,,,,,,,,,,,,,,,,,,,,,,,,,,,,,,,,,,,219.0,395.0,609.0,,,,,,,,,,,15.3,,,,,,,,,
HPAP-080,Tail of pancreas,ROI1,9414,1.9912,0.0,0.0,0.0,0.0,0.0,0.0,0.0,686.0,True,,,,,,,,,,,,,,,,,,,,,,,,,,,,,,,,,,,,,,,,,,,,,,,,,,,,,,,,,,,,,,,,,,76.6,193.4,385.1,,,,,,,,,,,13.6,,,,,,,,,
HPAP-080,Tail of pancreas,ROI2,8870,1.9123,0.0,0.0,0.0,0.0,0.0,0.0,0.0,214.92,True,,,,,,,,,,,,,,,,,,,,,,,,,,,,,,,,,,,,,,,,,,,,,,,,,,,,,,,,,,,,,,,,,,107.2,286.5,524.0,,,,,,,,,,,31.8,,,,,,,,,
HPAP-080,Tail of pancreas,ROI3,4916,0.995,0.0,0.0,0.0,0.0,0.0,0.0,0.0,1129.7,True,,,,,,,,,,,,,,,,,,,,,,,,,,,,,,,,,,,,,,,,,,,,,,,,,,,,,,,,,,,,,,,,,,258.9,496.3,648.0,,,,,,,,,,,12.6,,,,,,,,,
HPAP-082,Body of pancreas,ROI1,4029,0.9935,0.0,0.0,0.0,0.0,0.0,0.0,0.0,0.0,False,,,,,,,,,,,,,,,,,,,,,,,,,,,,,,,,,,,,,,,,,,,,,,,,,,,,,,,,,,,,,,,,,,,,,,,,,,,,,,,,,,,,,,,,
HPAP-082,Body of pancreas,ROI4,4216,0.9946,0.0,0.0,0.0,0.0,0.0,0.0,0.0,0.0,False,,,,,,,,,,,,,,,,,,,,,,,,,,,,,,,,,,,,,,,,,,,,,,,,,,,,,,,,,,,,,,,,,,,,,,,,,,,,,,,,,,,,,,,,
HPAP-082,Head of pancreas,ROI1,4256,0.9947,0.0,0.0,0.0,0.0,0.0,0.0,0.0,0.0,False,,,,,,,,,,,,,,,,,,,,,,,,,,,,,,,,,,,,,,,,,,,,,,,,,,,,,,,,,,,,,,,,,,,,,,,,,,,,,,,,,,,,,,,,
HPAP-082,Head of pancreas,ROI2,4320,0.9949,0.0,0.0,0.0,0.0,0.0,0.0,0.0,23.12,False,,,,,,,,,,,,,,,,,,,,,,,,,,,,,,,,,,,,,,,,,,,,,,,,,,,,,,,,,,,,,,,,,,,,,,,,,,,,,,,89.9,,,,,,,,,
HPAP-082,Head of pancreas,ROI3,3103,0.9938,0.0,0.0,0.0,0.0,0.0,0.0,0.0,0.0,False,,,,,,,,,,,,,,,,,,,,,,,,,,,,,,,,,,,,,,,,,,,,,,,,,,,,,,,,,,,,,,,,,,,,,,,,,,,,,,,,,,,,,,,,
HPAP-082,Tail of pancreas,ROI1,4044,0.9948,0.0,0.0,0.0,0.0,0.0,0.0,0.0,0.0,False,,,,,,,,,,,,,,,,,,,,,,,,,,,,,,,,,,,,,,,,,,,,,,,,,,,,,,,,,,,,,,,,,,,,,,,,,,,,,,,,,,,,,,,,
HPAP-082,Tail of pancreas,ROI3,4219,0.9953,0.0,0.0,0.0,0.0,0.0,0.0,0.0,683.24,False,,,,,,,,,,,,,,,,,,,,,,,,,,,,,,,,,,,,,,,,,,,,,,,,,,,,,,,,,,,,,,,,,,,,,,,,,,,,,,,13.1,,,,,,,,,
HPAP-082,Tail of pancreas,ROI5,3926,0.9944,0.0,0.0,0.0,0.0,0.0,0.0,0.0,0.0,False,,,,,,,,,,,,,,,,,,,,,,,,,,,,,,,,,,,,,,,,,,,,,,,,,,,,,,,,,,,,,,,,,,,,,,,,,,,,,,,,,,,,,,,,
HPAP-093,Body of pancreas,ROI2,3746,0.9863,0.0,0.0,0.0,0.0,0.0,0.0,0.0,0.0,True,,,,,,,,,,,,,,,,,,,,,,,,,,,,,,,,,,,,,,,,,,,,,,,,,,,,,,,,,,,,,,,,,,,,,,,,,,,,,,,,,,,,,,,,
HPAP-093,Body of pancreas,ROI3,3438,0.9944,0.0,0.0,0.0,0.0,0.0,0.0,0.0,0.0,True,,,,,,,,,,,,,,,,,,,,,,,,,,,,,,,,,,,,,,,,,,,,,,,,,,,,,,,,,,,,,,,,,,,,,,,,,,,,,,,,,,,,,,,,
HPAP-093,Body of pancreas,ROI6,4233,0.9932,0.0,0.0,0.0,0.0,0.0,0.0,0.0,0.0,True,,,,,,,,,,,,,,,,,,,,,,,,,,,,,,,,,,,,,,,,,,,,,,,,,,,,,,,,,,,,,,,,,,,,,,,,,,,,,,,,,,,,,,,,
HPAP-093,Head of pancreas,ROI1,3218,0.9937,0.0,0.0,0.0,0.0,0.0,0.0,0.0,0.0,True,,,,,,,,,,,,,,,,,,,,,,,,,,,,,,,,,,,,,,,,,,,,,,,,,,,,,,,,,,,,,,,,,,,,,,,,,,,,,,,,,,,,,,,,
HPAP-093,Head of pancreas,ROI3,2625,0.9938,0.0,0.0,0.0,0.0,0.0,0.0,0.0,0.0,True,,,,,,,,,,,,,,,,,,,,,,,,,,,,,,,,,,,,,,,,,,,,,,,,,,,,,,,,,,,,,,,,,,,,,,,,,,,,,,,,,,,,,,,,
HPAP-093,Head of pancreas,ROI5,4119,0.9946,0.0,0.0,0.0,0.0,0.0,0.0,0.0,0.0,True,,,,,,,,,,,,,,,,,,,,,,,,,,,,,,,,,,,,,,,,,,,,,,,,,,,,,,,,,,,,,,,,,,,,,,,,,,,,,,,,,,,,,,,,
HPAP-093,Tail of pancreas,ROI1,2954,0.9934,0.0,0.0,0.0,0.0,0.0,0.0,0.0,0.0,True,,,,,,,,,,,,,,,,,,,,,,,,,,,,,,,,,,,,,,,,,,,,,,,,,,,,,,,,,,,,,,,,,,,,,,,,,,,,,,,,,,,,,,,,
HPAP-093,Tail of pancreas,ROI2,4406,0.9934,0.0,0.0,0.0,0.0,0.0,0.0,0.0,0.0,True,,,,,,,,,,,,,,,,,,,,,,,,,,,,,,,,,,,,,,,,,,,,,,,,,,,,,,,,,,,,,,,,,,,,,,,,,,,,,,,,,,,,,,,,
HPAP-093,Tail of pancreas,ROI3,4350,0.9917,0.0,0.0,0.0,0.0,0.0,0.0,0.0,0.0,True,,,,,,,,,,,,,,,,,,,,,,,,,,,,,,,,,,,,,,,,,,,,,,,,,,,,,,,,,,,,,,,,,,,,,,,,,,,,,,,,,,,,,,,,
HPAP-095,Body of pancreas,ROI1,3152,0.9939,0.0,0.0,0.0,0.0,0.0,0.0,0.0,0.0,False,,,,,,,,,,,,,,,,,,,,,,,,,,,,,,,,,,,,,,,,,,,,,,,,,,,,,,,,,,,,,,,,,,,,,,,,,,,,,,,,,,,,,,,,
HPAP-095,Body of pancreas,ROI3,4393,0.9946,0.0,0.0,0.0,0.0,0.0,0.0,0.0,85.46,False,,,,,,,,,,,,,,,,,,,,,,,,,,,,,,,,,,,,,,,,,,,,,,,,,,,,,,,,,,,,,,,,,,,,,,,,,,,,,,,42.4,,,,,,,,,
HPAP-095,Body of pancreas,ROI4,4274,0.995,0.0,0.0,0.0,0.0,0.0,0.0,0.0,0.0,False,,,,,,,,,,,,,,,,,,,,,,,,,,,,,,,,,,,,,,,,,,,,,,,,,,,,,,,,,,,,,,,,,,,,,,,,,,,,,,,,,,,,,,,,
HPAP-095,Head of pancreas,ROI1,3919,0.9941,0.0,0.0,0.0,0.0,0.0,0.0,0.0,0.0,False,,,,,,,,,,,,,,,,,,,,,,,,,,,,,,,,,,,,,,,,,,,,,,,,,,,,,,,,,,,,,,,,,,,,,,,,,,,,,,,,,,,,,,,,
HPAP-095,Head of pancreas,ROI2,4309,0.9953,0.0,0.0,0.0,0.0,0.0,0.0,0.0,0.0,False,,,,,,,,,,,,,,,,,,,,,,,,,,,,,,,,,,,,,,,,,,,,,,,,,,,,,,,,,,,,,,,,,,,,,,,,,,,,,,,,,,,,,,,,
HPAP-095,Head of pancreas,ROI3,4207,0.994,0.0,0.0,0.0,0.0,0.0,0.0,0.0,0.0,False,,,,,,,,,,,,,,,,,,,,,,,,,,,,,,,,,,,,,,,,,,,,,,,,,,,,,,,,,,,,,,,,,,,,,,,,,,,,,,,,,,,,,,,,
HPAP-095,Tail of pancreas,ROI1,3981,0.9944,0.0,0.0,0.0,0.0,0.0,0.0,0.0,120.68,False,,,,,,,,,,,,,,,,,,,,,,,,,,,,,,,,,,,,,,,,,,,,,,,,,,,,,,,,,,,,,,,,,,,,,,,,,,,,,,,44.0,,,,,,,,,
HPAP-095,Tail of pancreas,ROI2,3905,0.9948,0.0,0.0,0.0,0.0,0.0,0.0,0.0,0.0,False,,,,,,,,,,,,,,,,,,,,,,,,,,,,,,,,,,,,,,,,,,,,,,,,,,,,,,,,,,,,,,,,,,,,,,,,,,,,,,,,,,,,,,,,
HPAP-095,Tail of pancreas,ROI5,4074,0.9952,0.0,0.0,0.0,0.0,0.0,0.0,0.0,0.0,False,,,,,,,,,,,,,,,,,,,,,,,,,,,,,,,,,,,,,,,,,,,,,,,,,,,,,,,,,,,,,,,,,,,,,,,,,,,,,,,,,,,,,,,,
HPAP-099,Body of pancreas,ROI1,4057,0.9945,0.0,0.0,0.0,0.0,0.0,0.0,0.0,0.0,True,,,,,,,,,,,,,,,,,,,,,,,,,,,,,,,,,,,,,,,,,,,,,,,,,,,,,,,,,,,,,,,,,,,,,,,,,,,,,,,,,,,,,,,,
HPAP-099,Body of pancreas,ROI2,5461,1.2937,0.0,0.0,0.0,0.0,0.0,0.0,0.0,0.0,True,,,,,,,,,,,,,,,,,,,,,,,,,,,,,,,,,,,,,,,,,,,,,,,,,,,,,,,,,,,,,,,,,,,,,,,,,,,,,,,,,,,,,,,,
HPAP-099,Body of pancreas,ROI3,4080,0.9933,0.0,0.0,0.0,0.0,0.0,0.0,0.0,208.4,True,,,,,,,,,,,,,,,,,,,,,,,,,,,,,,,,,,,,,,,,,,,,,,,,,,,,,,,,,,,,,,,,,,41.9,99.8,185.6,,,,,,,,,,,26.8,,,,,,,,,
HPAP-099,Head of pancreas,ROI1,4322,0.9942,0.0,0.0,0.0,0.0,0.0,0.0,0.0,262.52,True,,,,,,,,,,,,,,,,,,,,,,,,,,,,,,,,,,,,,,,,,,,,,,,,,,,,,,,,,,,,,,,,,,40.3,103.4,163.0,,,,,,,,,,,24.6,,,,,,,,,
HPAP-099,Head of pancreas,ROI3,3581,0.9946,0.0,0.0,0.0,0.0,0.0,0.0,0.0,0.0,True,,,,,,,,,,,,,,,,,,,,,,,,,,,,,,,,,,,,,,,,,,,,,,,,,,,,,,,,,,,,,,,,,,,,,,,,,,,,,,,,,,,,,,,,
HPAP-099,Head of pancreas,ROI4,3250,0.9944,0.0,0.0,0.0,0.0,0.0,0.0,0.0,0.0,True,,,,,,,,,,,,,,,,,,,,,,,,,,,,,,,,,,,,,,,,,,,,,,,,,,,,,,,,,,,,,,,,,,,,,,,,,,,,,,,,,,,,,,,,
HPAP-099,Tail of pancreas,ROI1,3467,1.1936,0.0,0.0,0.0,0.0,0.0,0.0,0.0,0.0,True,,,,,,,,,,,,,,,,,,,,,,,,,,,,,,,,,,,,,,,,,,,,,,,,,,,,,,,,,,,,,,,,,,,,,,,,,,,,,,,,,,,,,,,,
HPAP-099,Tail of pancreas,ROI2,3384,0.9944,0.0,0.0,0.0,0.0,0.0,0.0,0.0,0.0,True,,,,,,,,,,,,,,,,,,,,,,,,,,,,,,,,,,,,,,,,,,,,,,,,,,,,,,,,,,,,,,,,,,,,,,,,,,,,,,,,,,,,,,,,
HPAP-099,Tail of pancreas,ROI3,4117,0.995,0.0,0.0,0.0,0.0,0.0,0.0,0.0,0.0,True,,,,,,,,,,,,,,,,,,,,,,,,,,,,,,,,,,,,,,,,,,,,,,,,,,,,,,,,,,,,,,,,,,,,,,,,,,,,,,,,,,,,,,,,
HPAP-105,Body of pancreas,ROI1,2861,0.9937,0.0,0.0,0.0,0.0,0.0,0.0,0.0,0.0,True,,,,,,,,,,,,,,,,,,,,,,,,,,,,,,,,,,,,,,,,,,,,,,,,,,,,,,,,,,,,,,,,,,,,,,,,,,,,,,,,,,,,,,,,
HPAP-105,Body of pancreas,ROI4,3615,0.9946,0.0,0.0,0.0,0.0,0.0,0.0,0.0,0.0,True,,,,,,,,,,,,,,,,,,,,,,,,,,,,,,,,,,,,,,,,,,,,,,,,,,,,,,,,,,,,,,,,,,,,,,,,,,,,,,,,,,,,,,,,
HPAP-105,Body of pancreas,ROI5,3601,0.9901,0.0,0.0,0.0,0.0,0.0,0.0,0.0,0.0,True,,,,,,,,,,,,,,,,,,,,,,,,,,,,,,,,,,,,,,,,,,,,,,,,,,,,,,,,,,,,,,,,,,,,,,,,,,,,,,,,,,,,,,,,
HPAP-105,Head of pancreas,ROI1,3050,0.9921,0.0,0.0,0.0,0.0,0.0,0.0,0.0,0.0,True,,,,,,,,,,,,,,,,,,,,,,,,,,,,,,,,,,,,,,,,,,,,,,,,,,,,,,,,,,,,,,,,,,,,,,,,,,,,,,,,,,,,,,,,
HPAP-105,Head of pancreas,ROI2,2777,0.9945,0.0,0.0,0.0,0.0,0.0,0.0,0.0,0.0,True,,,,,,,,,,,,,,,,,,,,,,,,,,,,,,,,,,,,,,,,,,,,,,,,,,,,,,,,,,,,,,,,,,,,,,,,,,,,,,,,,,,,,,,,
HPAP-105,Head of pancreas,ROI3,2556,0.994,0.0,0.0,0.0,0.0,0.0,0.0,0.0,0.0,True,,,,,,,,,,,,,,,,,,,,,,,,,,,,,,,,,,,,,,,,,,,,,,,,,,,,,,,,,,,,,,,,,,,,,,,,,,,,,,,,,,,,,,,,
HPAP-105,Tail of pancreas,ROI2,3760,0.9941,0.0,0.0,0.0,0.0,0.0,0.0,0.0,357.09,True,,,,,,,,,,,,,,,,,,,,,,,,,,,,,,,,,,,,,,,,,,,,,,,,,,,,,,,,,,,,,,,,,,71.0,150.3,273.3,,,,,,,,,,,11.9,,,,,,,,,
HPAP-105,Tail of pancreas,ROI3,3670,0.9947,0.0,0.0,0.0,0.0,0.0,0.0,0.0,445.37,True,,,,,,,,,,,,,,,,,,,,,,,,,,,,,,,,,,,,,,,,,,,,,,,,,,,,,,,,,,,,,,,,,,71.0,199.8,340.9,,,,,,,,,,,12.6,,,,,,,,,
HPAP-105,Tail of pancreas,ROI4,3391,0.9943,0.0,0.0,0.0,0.0,0.0,0.0,0.0,0.0,True,,,,,,,,,,,,,,,,,,,,,,,,,,,,,,,,,,,,,,,,,,,,,,,,,,,,,,,,,,,,,,,,,,,,,,,,,,,,,,,,,,,,,,,,
HPAP-118,Body of pancreas,ROI1,3777,0.9944,0.0,0.0,0.0,0.0,0.0,0.0,0.0,232.3,True,,,,,,,,,,,,,,,,,,,,,,,,,,,,,,,,,,,,,,,,,,,,,,,,,,,,,,,,,,,,,,,,,,495.1,549.7,594.3,,,,,,,,,,,9.9,,,,,,,,,
HPAP-118,Body of pancreas,ROI2,3302,0.9941,0.0,0.0,0.0,0.0,0.0,0.0,0.0,0.0,True,,,,,,,,,,,,,,,,,,,,,,,,,,,,,,,,,,,,,,,,,,,,,,,,,,,,,,,,,,,,,,,,,,,,,,,,,,,,,,,,,,,,,,,,
HPAP-118,Body of pancreas,ROI3,2810,0.9937,0.0,0.0,0.0,0.0,0.0,0.0,0.0,523.29,True,,,,,,,,,,,,,,,,,,,,,,,,,,,,,,,,,,,,,,,,,,,,,,,,,,,,,,,,,,,,,,,,,,50.7,121.2,234.6,,,,,,,,,,,15.9,,,,,,,,,
HPAP-118,Head of pancreas,ROI1,2698,0.9945,0.0,0.0,0.0,0.0,0.0,0.0,0.0,0.0,True,,,,,,,,,,,,,,,,,,,,,,,,,,,,,,,,,,,,,,,,,,,,,,,,,,,,,,,,,,,,,,,,,,,,,,,,,,,,,,,,,,,,,,,,
HPAP-118,Head of pancreas,ROI2,1807,0.9944,0.0,0.0,0.0,0.0,0.0,0.0,0.0,0.0,True,,,,,,,,,,,,,,,,,,,,,,,,,,,,,,,,,,,,,,,,,,,,,,,,,,,,,,,,,,,,,,,,,,,,,,,,,,,,,,,,,,,,,,,,
HPAP-118,Head of pancreas,ROI4,2744,0.9943,0.0,0.0,0.0,0.0,0.0,0.0,0.0,95.54,True,,,,,,,,,,,,,,,,,,,,,,,,,,,,,,,,,,,,,,,,,,,,,,,,,,,,,,,,,,,,,,,,,,5.0,9.8,22.1,,,,,,,,,,,13.5,,,,,,,,,
HPAP-118,Tail of pancreas,ROI1,2331,0.9934,0.0,0.0,0.0,0.0,0.0,0.0,0.0,0.0,True,,,,,,,,,,,,,,,,,,,,,,,,,,,,,,,,,,,,,,,,,,,,,,,,,,,,,,,,,,,,,,,,,,,,,,,,,,,,,,,,,,,,,,,,
HPAP-118,Tail of pancreas,ROI2,2511,0.9906,0.0,0.0,0.0,0.0,0.0,0.0,0.0,0.0,True,,,,,,,,,,,,,,,,,,,,,,,,,,,,,,,,,,,,,,,,,,,,,,,,,,,,,,,,,,,,,,,,,,,,,,,,,,,,,,,,,,,,,,,,
HPAP-118,Tail of pancreas,ROI3,3167,0.9945,0.0,0.0,0.0,0.0,0.0,0.0,0.0,0.0,True,,,,,,,,,,,,,,,,,,,,,,,,,,,,,,,,,,,,,,,,,,,,,,,,,,,,,,,,,,,,,,,,,,,,,,,,,,,,,,,,,,,,,,,,
HPAP-136,Body of pancreas,ROI1,4758,1.204,0.0,0.0,0.0,0.0,0.0,0.0,0.0,0.0,True,,,,,,,,,,,,,,,,,,,,,,,,,,,,,,,,,,,,,,,,,,,,,,,,,,,,,,,,,,,,,,,,,,,,,,,,,,,,,,,,,,,,,,,,
HPAP-136,Body of pancreas,ROI2,5579,1.3134,0.0,0.0,0.0,0.0,0.0,0.0,0.0,153.8,True,,,,,,,,,,,,,,,,,,,,,,,,,,,,,,,,,,,,,,,,,,,,,,,,,,,,,,,,,,,,,,,,,,82.3,177.6,338.1,,,,,,,,,,,36.2,,,,,,,,,
HPAP-139,Tail of pancreas,ROI1,4781,1.0944,0.0,0.0,0.0,0.0,0.0,0.0,0.0,475.16,True,,,,,,,,,,,,,,,,,,,,,,,,,,,,,,,,,,,,,,,,,,,,,,,,,,,,,,,,,,,,,,,,,,23.1,74.9,130.9,,,,,,,,,,,14.9,,,,,,,,,
HPAP-139,Tail of pancreas,ROI2,4632,0.9938,0.0,0.0,0.0,0.0,0.0,0.0,0.0,0.0,True,,,,,,,,,,,,,,,,,,,,,,,,,,,,,,,,,,,,,,,,,,,,,,,,,,,,,,,,,,,,,,,,,,,,,,,,,,,,,,,,,,,,,,,,
HPAP-139,Tail of pancreas,ROI3,4271,0.9942,0.0,0.0,0.0,0.0,0.0,0.0,0.0,0.0,True,,,,,,,,,,,,,,,,,,,,,,,,,,,,,,,,,,,,,,,,,,,,,,,,,,,,,,,,,,,,,,,,,,,,,,,,,,,,,,,,,,,,,,,,
HPAP-146,Body of pancreas,ROI1,4324,0.9947,0.0,0.0,0.0,0.0,0.0,0.0,0.0,0.0,True,,,,,,,,,,,,,,,,,,,,,,,,,,,,,,,,,,,,,,,,,,,,,,,,,,,,,,,,,,,,,,,,,,,,,,,,,,,,,,,,,,,,,,,,
HPAP-146,Body of pancreas,ROI2,4347,0.995,0.0,0.0,0.0,0.0,0.0,0.0,0.0,0.0,True,,,,,,,,,,,,,,,,,,,,,,,,,,,,,,,,,,,,,,,,,,,,,,,,,,,,,,,,,,,,,,,,,,,,,,,,,,,,,,,,,,,,,,,,
HPAP-146,Body of pancreas,ROI4,4554,0.9949,0.0,0.0,0.0,0.0,0.0,0.0,0.0,201.02,True,,,,,,,,,,,,,,,,,,,,,,,,,,,,,,,,,,,,,,,,,,,,,,,,,,,,,,,,,,,,,,,,,,88.2,257.1,419.9,,,,,,,,,,,32.4,,,,,,,,,
HPAP-146,Head of pancreas,ROI3,4585,0.9942,0.0,0.0,0.0,0.0,0.0,0.0,0.0,109.64,True,,,,,,,,,,,,,,,,,,,,,,,,,,,,,,,,,,,,,,,,,,,,,,,,,,,,,,,,,,,,,,,,,,312.5,383.7,452.2,,,,,,,,,,,11.3,,,,,,,,,
HPAP-146,Head of pancreas,ROI4,4586,0.9936,0.0,0.0,0.0,0.0,0.0,0.0,0.0,0.0,False,,,,,,,,,,,,,,,,,,,,,,,,,,,,,,,,,,,,,,,,,,,,,,,,,,,,,,,,,,,,,,,,,,,,,,,,,,,,,,,,,,,,,,,,
HPAP-146,Head of pancreas,ROI5,5432,1.1937,0.0,0.0,0.0,0.0,0.0,0.0,0.0,229.53,False,,,,,,,,,,,,,,,,,,,,,,,,,,,,,,,,,,,,,,,,,,,,,,,,,,,,,,,,,,,,,,,,,,,,,,,,,,,,,,,28.4,,,,,,,,,
HPAP-146,Tail of pancreas,ROI1,4108,0.9935,0.0,0.0,0.0,0.0,0.0,0.0,0.0,352.28,True,,,,,,,,,,,,,,,,,,,,,,,,,,,,,,,,,,,,,,,,,,,,,,,,,,,,,,,,,,,,,,,,,,118.6,192.2,259.4,,,,,,,,,,,11.9,,,,,,,,,
HPAP-146,Tail of pancreas,ROI2,7836,1.6829,0.0,0.0,0.0,0.0,0.0,0.0,0.0,301.87,True,,,,,,,,,,,,,,,,,,,,,,,,,,,,,,,,,,,,,,,,,,,,,,,,,,,,,,,,,,,,,,,,,,32.9,93.9,186.6,,,,,,,,,,,21.4,,,,,,,,,
HPAP-146,Tail of pancreas,ROI3,4362,0.9949,0.0,0.0,0.0,0.0,0.0,0.0,0.0,350.77,True,,,,,,,,,,,,,,,,,,,,,,,,,,,,,,,,,,,,,,,,,,,,,,,,,,,,,,,,,,,,,,,,,,106.1,160.9,221.4,,,,,,,,,,,11.6,,,,,,,,,
