donor,region,roi,has_septa,septa_p25_cd4_t,septa_p50_cd4_t,septa_p75_cd4_t,septa_p25_cd8_t,septa_p50_cd8_t,septa_p75_cd8_t,septa_p25_b_cell,septa_p50_b_cell,septa_p75_b_cell,septa_p25_macrophage,septa_p50_macrophage,septa_p75_macrophage,septa_p25_other_immune,septa_p50_other_immune,septa_p75_other_immune,septa_p25_mdsc,septa_p50_mdsc,septa_p75_mdsc,septa_p25_endothelial,septa_p50_endothelial,septa_p75_endothelial,septa_p25_fibroblast,septa_p50_fibroblast,septa_p75_fibroblast
HPAP-004,Body of pancreas,ROI1,False,,,,,,,,,,,,,,,,,,,,,,,,
HPAP-004,Body of pancreas,ROI3,False,,,,,,,,,,,,,,,,,,,,,,,,
HPAP-004,Body of pancreas,ROI4,False,,,,,,,,,,,,,,,,,,,,,,,,
HPAP-004,Head of pancreas,ROI1,False,,,,,,,,,,,,,,,,,,,,,,,,
HPAP-004,Head of pancreas,ROI2,True,6.0,15.6,75.5,27.8,76.6,170.0,51.2,127.1,198.7,15.8,61.3,141.3,56.3,119.1,194.8,,,,,,,,,
HPAP-004,Head of pancreas,ROI3,True,180.7,278.8,338.1,189.9,304.3,403.2,147.7,248.6,369.3,157.8,278.0,344.2,147.3,286.1,375.3,71.5,167.6,224.2,,,,,,
HPAP-004,Tail of pancreas,ROI1,True,155.9,255.6,516.0,104.8,230.2,325.9,270.3,348.1,439.3,89.3,237.8,438.8,124.5,293.5,494.6,,,,307.5,405.1,479.1,,,
HPAP-004,Tail of pancreas,ROI2,True,207.8,582.5,584.0,195.4,495.2,539.3,484.9,525.7,573.6,218.3,448.0,585.6,226.0,452.6,619.9,,,,288.9,469.0,530.8,,,
HPAP-004,Tail of pancreas,ROI3,False,,,,,,,,,,,,,,,,,,,,,,,,
HPAP-005,Body of pancreas,ROI1,True,37.1,61.3,79.6,7.7,15.1,59.8,47.0,172.7,291.1,119.3,175.0,312.6,74.1,149.3,241.9,25.5,102.4,225.2,116.0,148.3,180.8,,,
HPAP-005,Body of pancreas,ROI2,True,,,,48.9,54.6,125.4,,,,,,,60.4,107.8,174.6,69.0,123.4,186.0,33.1,94.0,165.1,,,
HPAP-005,Body of pancreas,ROI3,True,,,,,,,,,,81.2,133.8,240.3,63.6,120.1,193.0,52.9,109.6,172.6,47.2,113.3,184.6,,,
HPAP-005,Head of pancreas,ROI1,True,,,,281.1,370.9,389.8,253.6,330.2,381.4,95.6,245.9,382.9,162.0,291.8,420.8,163.0,310.8,452.9,,,,98.2,279.5,428.7
HPAP-005,Head of pancreas,ROI2,True,,,,125.2,132.9,168.7,178.5,208.0,234.0,55.2,190.6,244.4,115.7,193.0,276.5,149.5,216.1,276.7,242.3,302.5,356.3,,,
HPAP-005,Head of pancreas,ROI3,True,,,,139.5,248.1,533.1,261.4,297.8,603.0,,,,227.6,424.8,658.3,238.2,563.4,710.7,295.7,504.1,688.7,,,
HPAP-005,Tail of pancreas,ROI1,True,,,,101.0,115.9,213.0,133.7,213.1,238.9,42.0,189.8,355.5,18.8,67.0,268.0,80.1,198.8,319.8,,,,,,
HPAP-005,Tail of pancreas,ROI2,True,,,,108.6,155.7,204.6,,,,75.7,114.3,190.0,65.3,106.2,112.3,66.7,120.7,178.6,27.9,102.4,201.4,,,
HPAP-006,Body of pancreas,ROI4,True,27.8,121.9,217.6,27.9,67.1,163.7,110.4,166.1,229.1,30.4,102.3,171.7,49.4,117.0,185.4,,,,,,,,,
HPAP-006,Body of pancreas,ROI5,True,154.3,221.7,325.3,102.0,144.6,191.9,162.8,193.4,231.9,30.8,122.5,263.9,96.5,167.9,294.3,,,,182.7,283.6,353.2,,,
HPAP-006,Body of pancreas,ROI6,True,227.4,263.0,405.6,133.4,228.0,343.5,143.5,170.2,251.8,21.5,121.0,214.2,87.1,155.1,274.5,249.5,379.5,483.6,232.9,250.5,264.2,,,
HPAP-006,Head of pancreas,ROI1,True,174.9,269.5,313.1,159.6,280.0,335.9,169.5,273.4,325.7,145.4,238.1,330.0,133.8,216.6,315.1,99.4,151.9,225.6,165.2,208.6,254.4,42.2,102.1,254.4
HPAP-006,Head of pancreas,ROI2,True,6.3,37.4,122.3,40.1,95.6,180.0,43.9,122.9,206.3,42.1,141.0,214.0,92.7,179.1,346.1,,,,,,,,,
HPAP-006,Head of pancreas,ROI3,True,118.2,232.4,420.7,29.6,208.9,342.8,142.6,266.7,323.0,64.1,203.0,317.6,115.3,215.4,364.7,178.5,275.7,396.4,,,,,,
HPAP-006,Tail of pancreas,ROI1,True,,,,317.6,407.6,620.1,116.1,169.0,327.5,233.8,357.2,570.8,148.3,283.9,637.7,,,,,,,,,
HPAP-006,Tail of pancreas,ROI2,False,,,,,,,,,,,,,,,,,,,,,,,,
HPAP-006,Tail of pancreas,ROI3,True,,,,206.6,244.3,245.2,,,,166.8,248.6,287.1,133.3,205.1,282.1,,,,,,,,,
HPAP-011,Body of pancreas,ROI1,True,,,,11.2,161.7,535.6,146.0,337.1,557.3,558.5,618.1,724.1,249.8,567.7,666.7,,,,238.1,435.2,657.6,,,
HPAP-011,Body of pancreas,ROI2,True,,,,,,,106.6,246.3,367.1,145.7,180.4,216.8,138.3,244.6,420.6,,,,172.9,252.2,398.4,,,
HPAP-011,Body of pancreas,ROI3,True,,,,,,,79.4,170.4,267.4,5.4,7.1,297.0,70.3,211.9,315.2,,,,,,,,,
HPAP-011,Head of pancreas,ROI1,True,,,,127.5,256.6,372.9,,,,112.4,214.4,395.3,,,,,,,,,,107.3,250.4,395.7
HPAP-011,Head of pancreas,ROI2,True,,,,94.3,175.9,288.0,128.0,203.5,284.5,184.1,302.4,471.3,,,,,,,97.6,176.2,285.3,,,
HPAP-011,Head of pancreas,ROI3,True,,,,24.5,59.1,117.4,14.6,52.7,111.8,14.6,69.3,135.4,,,,,,,,,,14.9,62.0,130.2
HPAP-011,Tail of pancreas,ROI1,True,,,,,,,100.7,223.0,295.9,59.9,252.4,324.4,55.1,133.2,264.3,,,,,,,,,
HPAP-011,Tail of pancreas,ROI2,True,,,,34.4,117.5,194.1,56.1,112.4,207.0,62.8,131.5,199.1,45.3,106.7,209.6,,,,,,,,,
HPAP-011,Tail of pancreas,ROI3,True,7.7,12.5,27.2,24.5,71.0,132.3,55.2,124.5,197.1,79.3,138.9,208.4,58.2,141.2,220.3,7.3,17.6,103.8,31.2,98.6,205.3,,,
HPAP-012,Body of pancreas,ROI1,True,,,,,,,333.5,346.3,438.5,464.3,652.0,786.9,352.5,558.2,759.5,,,,560.7,725.7,798.5,,,
HPAP-012,Body of pancreas,ROI2,True,,,,,,,364.5,413.7,534.0,136.7,318.1,517.9,197.4,312.1,463.7,,,,,,,,,
HPAP-012,Body of pancreas,ROI3,False,,,,,,,,,,,,,,,,,,,,,,,,
HPAP-012,Head of pancreas,ROI1,True,286.3,304.7,350.9,313.8,446.5,500.2,360.9,401.0,447.3,176.9,283.6,378.5,221.8,325.6,414.3,,,,,,,89.3,172.7,285.6
HPAP-012,Head of pancreas,ROI2,True,,,,14.4,62.5,142.5,59.6,110.0,310.4,4.0,16.6,129.0,,,,,,,,,,82.5,262.6,395.0
HPAP-012,Head of pancreas,ROI3,True,10.8,115.6,246.4,30.4,133.0,219.9,165.4,272.0,336.1,90.8,180.2,268.2,103.3,192.3,286.1,,,,,,,115.1,199.3,288.4
HPAP-012,Tail of pancreas,ROI1,True,,,,51.7,168.7,309.2,165.8,275.2,381.9,110.9,230.2,392.6,161.0,271.1,389.6,,,,,,,,,
HPAP-012,Tail of pancreas,ROI2,True,,,,25.3,68.6,106.5,,,,17.5,54.1,133.6,55.4,130.6,264.4,,,,100.2,140.3,190.2,,,
HPAP-012,Tail of pancreas,ROI3,True,,,,84.4,191.9,473.2,146.1,281.2,654.2,209.4,404.4,553.0,238.0,474.5,660.0,,,,541.6,722.4,815.0,,,
HPAP-014,Body of pancreas,ROI1,True,,,,28.8,72.8,162.6,,,,19.7,65.5,177.7,42.0,132.4,203.2,,,,125.1,176.1,186.9,,,
HPAP-014,Body of pancreas,ROI2,False,,,,,,,,,,,,,,,,,,,,,,,,
HPAP-014,Body of pancreas,ROI3,True,,,,261.4,451.0,653.0,,,,314.7,378.6,539.5,179.8,358.7,676.7,,,,,,,,,
HPAP-014,Head of pancreas,ROI1,True,68.7,127.3,141.8,65.9,222.4,314.2,,,,20.9,69.5,134.9,63.3,132.7,247.0,,,,117.7,361.7,400.1,,,
HPAP-014,Head of pancreas,ROI2,True,,,,116.6,240.4,279.4,,,,150.1,271.4,421.3,163.5,241.1,334.8,,,,,,,,,
HPAP-014,Head of pancreas,ROI3,True,,,,28.0,140.6,259.5,186.2,377.9,411.3,13.3,27.5,99.5,22.8,72.0,215.0,,,,,,,41.0,107.0,244.1
HPAP-014,Tail of pancreas,ROI1,True,,,,73.8,210.5,270.2,,,,95.2,208.6,273.1,103.4,185.4,282.5,,,,49.7,140.9,242.5,,,
HPAP-014,Tail of pancreas,ROI2,True,,,,180.3,267.1,348.9,192.4,370.7,395.4,23.7,173.2,343.2,97.7,210.8,329.3,,,,123.5,240.7,356.5,,,
HPAP-014,Tail of pancreas,ROI3,True,10.1,24.4,30.6,10.0,19.6,28.0,,,,9.1,14.8,23.0,7.0,15.1,32.8,,,,,,,,,
HPAP-018,Body of pancreas,ROI1,False,,,,,,,,,,,,,,,,,,,,,,,,
HPAP-018,Body of pancreas,ROI2,False,,,,,,,,,,,,,,,,,,,,,,,,
HPAP-018,Body of pancreas,ROI3,False,,,,,,,,,,,,,,,,,,,,,,,,
HPAP-018,Head of pancreas,ROI1,True,,,,448.9,660.7,780.9,501.5,632.2,678.8,161.2,264.4,557.9,197.4,347.2,545.2,,,,,,,345.2,414.7,459.5
HPAP-018,Head of pancreas,ROI2,True,,,,214.1,279.5,369.9,156.1,257.4,314.1,187.6,292.2,400.5,191.1,300.2,387.0,,,,,,,,,
HPAP-018,Tail of pancreas,ROI4,True,,,,27.5,84.4,150.8,,,,100.2,131.8,139.6,47.7,107.3,198.8,,,,,,,,,
HPAP-018,Tail of pancreas,ROI5,True,,,,157.3,218.8,327.3,,,,51.3,175.6,288.5,55.4,151.4,280.2,,,,,,,,,
HPAP-026,Head of pancreas,ROI1,True,,,,,,,,,,27.5,120.6,230.4,52.3,100.4,163.4,,,,,,,,,
HPAP-026,Head of pancreas,ROI2,True,215.2,310.8,567.1,241.2,432.5,551.8,99.5,218.5,346.7,30.6,199.4,286.2,58.8,145.0,246.3,,,,95.8,151.3,299.3,,,
HPAP-026,Head of pancreas,ROI3,True,84.6,347.6,554.6,151.0,406.6,485.8,132.4,269.3,544.9,98.9,197.2,395.9,103.5,295.4,467.6,,,,,,,,,
HPAP-026,Tail of pancreas,ROI1,True,89.0,183.2,215.2,80.4,158.3,363.9,114.1,160.0,350.6,79.5,185.3,441.6,46.6,157.7,472.9,,,,66.1,134.1,177.8,,,
HPAP-026,Tail of pancreas,ROI2,True,,,,8.5,13.0,65.3,,,,43.3,120.1,178.8,20.6,82.3,156.1,,,,,,,,,
HPAP-026,Tail of pancreas,ROI3,True,37.5,152.9,206.8,84.3,184.0,291.5,124.5,237.9,286.4,46.1,122.0,259.0,60.0,137.2,244.7,,,,70.7,156.2,215.4,,,
HPAP-027,Body of pancreas,ROI1,True,122.5,166.8,194.5,14.7,77.6,119.7,68.6,98.9,146.8,11.0,59.7,163.0,39.8,89.2,174.6,41.3,72.2,151.0,,,,,,
HPAP-027,Body of pancreas,ROI2,True,7.8,11.9,31.3,12.6,31.4,75.5,47.7,89.3,225.9,9.2,18.4,87.4,30.9,66.0,153.9,91.7,161.5,202.7,,,,,,
HPAP-027,Body of pancreas,ROI3,True,21.2,32.0,63.7,7.8,63.3,179.6,44.3,104.8,188.2,21.4,81.4,174.5,29.9,79.8,149.1,63.9,108.7,188.1,34.6,82.8,152.8,,,
HPAP-027,Head of pancreas,ROI1,True,48.8,67.0,110.9,76.7,182.7,335.0,,,,61.7,130.6,303.0,41.7,60.2,132.4,,,,105.5,157.2,261.7,,,
HPAP-027,Head of pancreas,ROI2,True,10.2,42.7,66.7,9.9,32.7,154.6,6.3,29.2,87.8,8.1,36.7,154.5,14.4,82.1,250.0,10.6,49.7,210.7,,,,11.6,85.4,208.4
HPAP-027,Head of pancreas,ROI3,True,55.7,102.0,181.8,55.8,108.3,175.1,20.5,39.6,99.5,15.3,68.0,117.9,49.1,88.9,166.2,88.8,128.3,196.4,,,,,,
HPAP-034,Body of pancreas,ROI1,False,,,,,,,,,,,,,,,,,,,,,,,,
HPAP-034,Body of pancreas,ROI2,True,414.7,690.0,1285.6,395.9,464.3,881.5,,,,387.3,737.9,1262.2,455.9,846.6,1212.8,572.5,1040.4,1327.8,275.9,546.6,1193.4,,,
HPAP-034,Body of pancreas,ROI3,True,4.9,45.9,110.9,211.8,310.3,551.8,,,,133.4,202.7,380.8,200.4,358.9,491.1,35.4,165.2,435.8,,,,149.3,334.2,539.5
HPAP-034,Head of pancreas,ROI1,True,358.2,641.1,865.1,613.9,677.7,757.9,,,,281.3,559.7,836.0,302.5,539.7,781.6,478.1,696.0,846.4,,,,,,
HPAP-034,Head of pancreas,ROI2,True,383.5,726.0,876.8,312.7,472.6,706.6,,,,448.4,654.9,857.2,362.7,688.3,849.1,446.2,630.2,793.8,474.4,725.0,819.4,,,
HPAP-034,Head of pancreas,ROI3,False,,,,,,,,,,,,,,,,,,,,,,,,
HPAP-034,Tail of pancreas,ROI1,True,116.7,193.1,461.3,142.7,185.9,261.4,,,,80.2,209.3,385.6,126.2,263.6,397.4,123.8,223.4,364.2,,,,167.3,268.5,383.4
HPAP-034,Tail of pancreas,ROI2,True,180.6,232.0,343.5,165.2,223.3,311.9,,,,188.7,270.2,379.1,183.2,309.6,431.8,181.1,284.4,406.9,190.8,211.1,240.8,233.3,334.4,438.9
HPAP-034,Tail of pancreas,ROI3,False,,,,,,,,,,,,,,,,,,,,,,,,
HPAP-034,Tail of pancreas,ROI4,True,43.0,120.4,335.7,409.6,559.7,726.8,,,,137.3,516.7,651.6,419.5,592.8,728.8,137.2,380.3,557.5,481.1,741.6,797.2,,,
HPAP-035,Body of pancreas,ROI1,True,81.2,190.9,304.2,100.6,199.4,331.7,55.9,144.9,263.0,68.9,193.2,376.8,75.4,161.1,294.3,121.8,180.8,300.3,96.4,196.7,345.4,,,
HPAP-035,Body of pancreas,ROI2,True,85.8,142.0,205.1,79.2,166.2,283.7,135.2,176.0,296.0,63.7,157.9,235.8,113.7,178.4,228.4,154.5,204.0,259.2,,,,95.6,162.6,239.7
HPAP-035,Body of pancreas,ROI3,True,255.3,385.7,505.1,173.0,341.2,492.5,155.3,342.4,478.6,187.7,284.6,438.0,205.1,394.8,539.5,210.5,405.6,516.3,150.8,322.2,536.1,153.4,318.7,528.2
HPAP-035,Head of pancreas,ROI1,True,92.5,271.4,420.4,90.4,203.5,382.6,50.7,131.0,271.1,100.7,209.5,304.1,61.3,134.2,263.1,57.7,169.0,312.7,,,,,,
HPAP-035,Head of pancreas,ROI2,True,219.6,366.5,522.5,152.9,289.4,436.4,185.7,341.7,464.7,128.0,330.7,527.1,183.5,327.7,463.3,171.8,326.1,460.2,147.3,301.2,489.4,,,
HPAP-035,Head of pancreas,ROI3,True,78.2,142.4,298.9,26.5,106.0,260.9,83.8,170.2,268.7,33.1,171.2,255.3,59.5,146.5,256.1,108.5,208.7,287.6,48.0,120.3,236.3,15.1,77.9,199.7
HPAP-035,Tail of pancreas,ROI1,True,7.1,20.9,40.1,6.9,12.9,30.9,7.1,7.3,8.2,6.7,12.0,47.0,7.6,19.8,57.4,,,,,,,9.0,19.1,70.0
HPAP-035,Tail of pancreas,ROI2,True,6.8,14.6,28.4,5.6,13.4,18.9,,,,7.1,14.3,22.6,10.4,21.9,35.6,,,,5.8,15.4,38.2,,,
HPAP-035,Tail of pancreas,ROI3,True,7.6,27.7,74.5,7.1,25.7,41.7,,,,9.2,22.8,58.0,7.8,24.0,52.8,,,,11.6,26.4,66.3,4.2,7.9,16.7
HPAP-036,Body of pancreas,ROI1,True,37.4,96.0,214.6,69.6,145.4,305.0,38.3,122.0,243.3,26.0,127.5,266.4,48.3,135.1,250.7,15.7,42.1,152.6,,,,175.7,260.3,396.8
HPAP-036,Body of pancreas,ROI2,True,162.9,271.8,409.6,155.3,337.5,572.5,235.4,404.3,542.9,133.8,249.5,435.7,184.6,331.2,492.6,152.4,291.6,464.6,,,,9.1,11.4,16.5
HPAP-036,Body of pancreas,ROI3,True,6.5,60.4,296.3,24.8,63.7,211.6,29.0,91.0,160.7,10.6,50.2,98.4,38.7,90.9,189.1,29.8,58.1,102.3,50.9,142.1,333.6,,,
HPAP-036,Head of pancreas,ROI1,True,5.1,36.8,94.7,41.1,125.1,170.8,14.2,45.2,85.4,10.4,37.6,122.1,16.4,62.6,116.8,12.3,49.7,98.2,7.8,40.3,136.2,8.9,38.0,99.3
HPAP-036,Head of pancreas,ROI2,True,8.6,32.3,75.1,19.6,70.7,142.9,44.7,61.3,77.3,13.2,56.7,156.1,31.4,75.4,144.4,41.0,78.8,150.7,,,,28.5,75.1,132.9
HPAP-036,Head of pancreas,ROI3,True,21.6,59.8,109.3,9.9,34.8,54.5,49.8,115.1,224.9,21.2,71.0,150.9,40.7,104.6,213.2,138.8,222.3,256.2,41.6,101.4,220.5,,,
HPAP-036,Tail of pancreas,ROI1,True,9.1,63.6,110.9,25.5,71.3,150.9,38.8,96.8,172.9,15.7,70.3,131.0,43.3,105.8,167.9,45.1,133.5,162.1,,,,28.7,91.9,162.3
HPAP-036,Tail of pancreas,ROI2,True,29.9,83.2,203.9,22.1,104.3,202.3,62.4,111.4,195.4,60.7,125.3,229.8,45.8,119.9,206.3,41.2,104.0,365.1,38.0,102.5,181.2,,,
HPAP-036,Tail of pancreas,ROI3,True,17.1,74.2,196.6,22.7,62.8,149.3,111.6,248.7,384.6,15.6,57.2,158.8,35.4,86.5,235.9,14.2,49.4,80.7,30.4,115.0,290.8,,,
HPAP-037,Body of pancreas,ROI1,True,,,,287.1,545.3,838.0,,,,522.2,635.2,778.9,386.1,618.2,783.6,291.7,604.6,753.6,300.6,666.3,801.5,,,
HPAP-037,Body of pancreas,ROI2,True,,,,23.2,89.6,147.9,,,,59.1,129.0,197.7,58.0,125.3,182.0,9.1,73.1,178.4,47.8,148.6,201.9,,,
HPAP-037,Body of pancreas,ROI3,True,284.3,345.9,390.0,251.5,405.8,489.7,,,,68.7,222.5,430.3,120.3,273.2,505.4,256.3,356.4,557.2,262.7,368.5,494.1,141.0,320.7,531.7
HPAP-037,Head of pancreas,ROI1,True,75.4,143.8,240.9,40.4,135.0,272.2,,,,86.2,203.1,298.5,137.5,248.0,366.1,136.7,230.8,343.8,141.2,199.9,270.7,,,
HPAP-037,Head of pancreas,ROI2,True,212.0,280.6,308.6,85.1,170.8,267.1,,,,64.7,162.2,298.7,113.1,198.1,322.8,80.8,173.0,281.3,125.9,241.8,325.1,109.5,216.3,329.0
HPAP-037,Head of pancreas,ROI3,False,,,,,,,,,,,,,,,,,,,,,,,,
HPAP-037,Tail of pancreas,ROI1,True,12.1,140.4,279.7,127.6,261.2,302.5,,,,68.3,194.0,279.0,99.6,196.0,342.3,63.7,186.5,313.5,,,,165.8,244.0,323.5
HPAP-037,Tail of pancreas,ROI2,True,,,,340.1,514.7,659.9,,,,355.9,462.9,635.8,171.3,299.5,613.8,367.6,516.9,635.3,439.0,527.1,592.7,,,
HPAP-037,Tail of pancreas,ROI3,True,136.7,278.8,416.8,135.3,276.4,486.3,,,,129.6,240.3,559.9,189.2,339.4,473.7,172.2,310.3,495.1,,,,,,
HPAP-039,Body of pancreas,ROI3,True,75.0,186.5,374.5,90.7,174.6,325.3,,,,23.8,169.7,286.8,32.8,140.4,300.1,,,,77.7,197.1,334.3,,,
HPAP-039,Body of pancreas,ROI4,True,109.8,269.0,481.3,70.7,257.9,461.5,,,,84.4,167.7,402.6,115.3,257.2,449.2,,,,85.1,156.0,276.6,,,
HPAP-039,Body of pancreas,ROI5,True,78.7,164.7,283.3,44.7,144.0,264.9,,,,16.7,141.9,277.2,103.1,206.7,292.3,,,,98.0,178.9,272.8,75.4,167.5,274.4
HPAP-039,Head of pancreas,ROI1,True,244.8,498.2,832.5,393.6,599.6,894.3,507.4,579.9,925.4,256.6,464.5,796.1,282.4,508.0,847.9,,,,321.8,469.9,710.6,,,
HPAP-039,Head of pancreas,ROI2,True,66.1,132.3,219.6,62.7,150.3,232.7,,,,85.1,152.7,226.1,80.7,149.6,235.0,,,,69.8,139.6,203.8,19.7,96.6,185.3
HPAP-039,Head of pancreas,ROI4,True,131.2,299.2,511.9,111.4,292.5,561.0,,,,164.0,333.3,500.3,133.7,326.2,494.0,,,,,,,64.6,173.7,406.2
HPAP-039,Tail of pancreas,ROI1,True,81.1,174.9,324.1,18.8,121.9,227.3,,,,33.3,124.3,307.1,81.3,177.2,322.1,,,,,,,,,
HPAP-039,Tail of pancreas,ROI2,True,43.7,200.7,449.6,38.9,154.8,376.5,8.1,18.4,156.4,18.0,198.3,624.8,22.2,154.0,277.7,,,,,,,,,
HPAP-039,Tail of pancreas,ROI3,True,137.5,298.7,465.9,43.7,261.8,443.6,86.2,188.4,320.5,112.4,331.3,421.7,122.0,273.8,464.3,,,,,,,67.0,195.7,349.3
HPAP-040,Body of pancreas,ROI1,True,,,,62.6,163.1,381.4,,,,80.1,350.5,566.4,185.6,429.0,620.6,191.0,366.7,621.3,262.6,349.8,382.9,,,
HPAP-040,Body of pancreas,ROI2,True,9.0,29.5,55.5,31.7,77.4,152.9,,,,42.1,140.4,223.2,82.1,151.9,243.2,27.7,137.8,266.1,,,,84.6,167.7,293.2
HPAP-040,Body of pancreas,ROI3,True,77.5,79.2,149.7,43.5,108.2,180.2,,,,29.9,119.2,245.7,15.0,74.2,166.1,11.4,67.7,135.9,,,,105.4,186.3,307.0
HPAP-040,Head of pancreas,ROI1,True,,,,93.5,196.6,304.8,,,,71.3,153.6,247.6,89.7,198.6,299.9,108.4,235.8,374.2,,,,,,
HPAP-040,Head of pancreas,ROI2,True,,,,249.0,512.1,616.5,,,,200.4,439.1,519.9,136.6,320.3,443.6,177.5,366.6,530.6,,,,,,
HPAP-040,Head of pancreas,ROI3,True,,,,98.3,183.3,351.0,,,,107.6,178.6,413.4,87.1,164.1,343.0,96.0,187.3,402.2,223.4,286.6,362.7,,,
HPAP-040,Tail of pancreas,ROI1,True,,,,29.7,60.3,91.3,,,,8.5,46.2,135.1,16.5,63.5,138.6,25.5,72.4,152.9,,,,,,
HPAP-040,Tail of pancreas,ROI2,True,,,,418.1,642.1,804.2,,,,264.9,452.9,734.6,381.5,569.2,742.0,345.1,532.1,727.2,,,,,,
HPAP-040,Tail of pancreas,ROI3,True,,,,12.9,38.4,127.6,,,,15.0,69.6,152.5,15.9,74.0,153.4,10.3,53.8,146.3,24.3,58.4,94.2,,,
HPAP-042,Body of pancreas,ROI1,True,,,,,,,52.7,86.1,148.2,104.4,221.5,301.6,28.9,121.9,296.4,413.3,432.1,450.5,10.6,89.5,508.8,76.4,294.8,411.0
HPAP-042,Body of pancreas,ROI2,True,,,,,,,,,,,,,,,,,,,60.9,125.9,186.2,,,
HPAP-042,Body of pancreas,ROI3,True,130.2,246.8,301.6,,,,,,,132.8,177.8,294.2,128.0,193.9,286.6,14.6,80.1,155.4,,,,,,
HPAP-042,Tail of pancreas,ROI1,True,,,,,,,,,,297.9,585.4,748.4,367.2,656.0,794.7,639.0,752.5,849.0,439.1,642.3,801.7,,,
HPAP-042,Tail of pancreas,ROI2,True,,,,,,,157.4,267.1,493.4,183.0,291.5,515.6,90.0,244.6,467.3,275.4,334.4,572.1,,,,,,
HPAP-046,Body of pancreas,ROI1,False,,,,,,,,,,,,,,,,,,,,,,,,
HPAP-046,Body of pancreas,ROI2,True,31.7,136.5,219.6,124.3,187.8,268.0,,,,125.5,199.4,254.5,101.5,176.7,242.3,101.0,195.7,249.6,,,,,,
HPAP-046,Body of pancreas,ROI3,True,,,,130.4,139.5,313.6,,,,130.3,263.0,425.5,162.1,277.0,427.0,130.1,240.9,384.3,,,,,,
HPAP-046,Head of pancreas,ROI1,True,,,,71.2,125.9,365.6,,,,22.6,133.9,237.9,64.3,149.1,283.3,56.6,163.1,293.6,,,,,,
HPAP-046,Head of pancreas,ROI3,True,17.4,18.9,31.2,31.0,41.2,51.1,,,,8.3,20.4,49.5,5.0,18.0,51.4,5.0,9.2,44.8,18.0,44.3,75.7,24.8,49.2,79.4
HPAP-046,Tail of pancreas,ROI1,True,,,,49.3,190.7,378.4,,,,23.0,201.9,336.6,104.3,224.1,329.3,69.6,209.3,295.6,,,,,,
HPAP-046,Tail of pancreas,ROI2,True,,,,49.4,404.5,502.2,,,,205.6,352.4,468.3,208.3,351.5,498.1,279.9,417.3,586.9,283.2,418.9,593.9,,,
HPAP-046,Tail of pancreas,ROI3,True,,,,242.9,668.5,828.9,,,,310.5,637.5,720.2,151.3,361.9,617.8,185.5,338.5,635.8,464.4,510.3,690.5,,,
HPAP-047,Body of pancreas,ROI1,True,,,,8.6,9.9,12.2,4.0,9.8,20.6,5.7,10.4,19.9,4.0,10.6,21.0,3.3,4.2,8.7,7.1,12.0,21.2,,,
HPAP-047,Body of pancreas,ROI2,True,,,,61.3,71.0,146.6,25.9,60.8,86.5,38.1,66.0,93.5,22.5,44.7,76.3,,,,23.0,45.3,78.7,,,
HPAP-047,Body of pancreas,ROI3,True,,,,39.5,74.1,77.1,10.9,25.0,40.9,9.9,22.5,46.1,3.6,10.2,28.5,,,,,,,,,
HPAP-052,Body of pancreas,ROI1,False,,,,,,,,,,,,,,,,,,,,,,,,
HPAP-052,Body of pancreas,ROI2,False,,,,,,,,,,,,,,,,,,,,,,,,
HPAP-052,Body of pancreas,ROI3,False,,,,,,,,,,,,,,,,,,,,,,,,
HPAP-052,Head of pancreas,ROI1,True,,,,,,,,,,,,,,,,,,,,,,,,
HPAP-052,Head of pancreas,ROI2,True,,,,,,,,,,,,,,,,,,,,,,199.8,307.8,504.4
HPAP-052,Head of pancreas,ROI3,True,,,,,,,,,,,,,,,,,,,194.6,432.4,625.8,235.4,450.7,632.0
HPAP-052,Tail of pancreas,ROI1,True,,,,,,,,,,,,,,,,,,,161.7,274.4,382.0,,,
HPAP-052,Tail of pancreas,ROI2,True,,,,,,,,,,,,,,,,,,,,,,,,
HPAP-052,Tail of pancreas,ROI3,True,,,,,,,,,,,,,,,,,,,115.1,182.3,271.5,,,
HPAP-053,Body of pancreas,ROI1,True,,,,,,,,,,,,,,,,,,,,,,,,
HPAP-053,Body of pancreas,ROI2,True,,,,,,,,,,,,,,,,,,,167.2,215.3,318.8,,,
HPAP-053,Body of pancreas,ROI3,True,,,,,,,,,,,,,,,,,,,421.0,459.8,565.5,,,
HPAP-053,Head of pancreas,ROI1,True,,,,,,,,,,,,,,,,,,,128.0,272.6,763.3,,,
HPAP-053,Head of pancreas,ROI2,True,,,,,,,,,,,,,,,,,,,,,,,,
HPAP-053,Head of pancreas,ROI3,False,,,,,,,,,,,,,,,,,,,,,,,,
HPAP-053,Tail of pancreas,ROI1,True,,,,,,,,,,,,,,,,,,,136.8,173.2,203.4,,,
HPAP-053,Tail of pancreas,ROI2,True,,,,,,,,,,,,,,,,,,,157.4,238.1,438.5,,,
HPAP-053,Tail of pancreas,ROI3,True,,,,,,,,,,,,,,,,,,,406.5,527.2,568.6,255.1,511.1,687.2
HPAP-054,Body of pancreas,ROI1,True,,,,,,,,,,,,,,,,,,,427.6,652.9,725.9,,,
HPAP-054,Body of pancreas,ROI2,True,,,,,,,,,,,,,,,,,,,248.0,336.0,625.5,,,
HPAP-054,Body of pancreas,ROI3,False,,,,,,,,,,,,,,,,,,,,,,,,
HPAP-054,Head of pancreas,ROI1,True,,,,,,,,,,,,,,,,,,,,,,,,
HPAP-054,Head of pancreas,ROI2,True,,,,,,,,,,,,,,,,,,,,,,,,
HPAP-054,Head of pancreas,ROI3,True,,,,,,,,,,,,,,,,,,,159.3,202.8,230.8,,,
HPAP-054,Tail of pancreas,ROI1,True,,,,,,,,,,,,,,,,,,,,,,,,
HPAP-054,Tail of pancreas,ROI2,True,,,,,,,,,,,,,,,,,,,68.1,111.7,178.8,,,
HPAP-054,Tail of pancreas,ROI3,True,,,,,,,,,,,,,,,,,,,240.6,361.4,386.3,,,
HPAP-056,Body of pancreas,ROI2,True,,,,,,,,,,,,,,,,,,,18.0,42.9,98.7,,,
HPAP-056,Body of pancreas,ROI3,True,,,,,,,,,,,,,,,,,,,22.1,63.7,119.5,,,
HPAP-056,Body of pancreas,ROI5,True,,,,,,,,,,,,,,,,,,,43.3,83.9,133.3,,,
HPAP-056,Head of pancreas,ROI1,True,,,,,,,,,,,,,,,,,,,93.1,130.8,170.3,,,
HPAP-056,Head of pancreas,ROI2,True,,,,,,,,,,,,,,,,,,,48.3,165.7,206.3,,,
HPAP-056,Tail of pancreas,ROI1,True,,,,,,,,,,,,,,,,,,,66.9,110.8,155.3,,,
HPAP-056,Tail of pancreas,ROI2,True,,,,,,,,,,,,,,,,,,,76.7,134.3,219.5,,,
HPAP-056,Tail of pancreas,ROI3,True,,,,,,,,,,,,,,,,,,,76.5,132.8,187.4,,,
HPAP-059,Body of pancreas,ROI1,True,,,,,,,,,,,,,,,,,,,138.4,188.7,226.1,,,
HPAP-059,Body of pancreas,ROI2,True,,,,,,,,,,,,,,,,,,,114.4,221.9,349.3,,,
HPAP-059,Body of pancreas,ROI3,True,,,,,,,,,,,,,,,,,,,163.9,327.3,503.9,,,
HPAP-059,Head of pancreas,ROI2,True,,,,,,,,,,,,,,,,,,,261.0,399.0,454.9,,,
HPAP-059,Head of pancreas,ROI3,True,,,,,,,,,,,,,,,,,,,384.9,447.2,512.6,109.5,216.4,320.8
HPAP-059,Head of pancreas,ROI4,True,,,,,,,,,,,,,,,,,,,114.6,199.2,263.9,,,
HPAP-059,Tail of pancreas,ROI1,True,,,,,,,,,,,,,,,,,,,47.9,95.9,165.7,,,
HPAP-059,Tail of pancreas,ROI2,True,,,,,,,,,,,,,,,,,,,99.4,209.5,388.3,,,
HPAP-059,Tail of pancreas,ROI3,True,,,,,,,,,,,,,,,,,,,62.4,144.1,222.3,,,
HPAP-063,Body of pancreas,ROI1,True,,,,,,,,,,,,,,,,,,,40.2,65.4,86.9,,,
HPAP-063,Body of pancreas,ROI2,True,,,,,,,,,,,,,,,,,,,20.9,37.8,75.4,,,
HPAP-063,Body of pancreas,ROI3,True,,,,,,,,,,,,,,,,,,,7.8,19.4,42.7,,,
HPAP-063,Head of pancreas,ROI1,True,,,,,,,,,,,,,,,,,,,11.4,25.5,47.2,,,
HPAP-063,Head of pancreas,ROI2,True,,,,,,,,,,,,,,,,,,,,,,,,
HPAP-063,Head of pancreas,ROI3,True,,,,,,,,,,,,,,,,,,,6.9,14.3,31.1,,,
HPAP-063,Tail of pancreas,ROI1,True,,,,,,,,,,,,,,,,,,,8.5,18.1,36.4,,,
HPAP-063,Tail of pancreas,ROI2,True,,,,,,,,,,,,,,,,,,,33.3,66.9,113.1,,,
HPAP-063,Tail of pancreas,ROI3,True,,,,,,,,,,,,,,,,,,,20.2,42.0,63.0,,,
HPAP-066,Head of pancreas,ROI3,True,,,,,,,,,,,,,,,,,,,94.9,182.8,257.7,107.3,189.8,327.6
HPAP-066,Head of pancreas,ROI4,True,,,,,,,,,,,,,,,,,,,206.7,405.1,560.8,217.6,405.9,527.4
HPAP-066,Head of pancreas,ROI5,True,,,,,,,,,,,,,,,,,,,40.4,137.9,238.9,74.2,133.9,247.9
HPAP-066,Tail of pancreas,ROI2,True,,,,,,,,,,,,,,,,,,,,,,,,
HPAP-066,Tail of pancreas,ROI3,True,,,,,,,,,,,,,,,,,,,80.5,144.0,245.7,,,
HPAP-066,Tail of pancreas,ROI5,True,,,,,,,,,,,,,,,,,,,,,,159.7,304.9,450.1
HPAP-067,Body of pancreas,ROI1,True,,,,,,,,,,,,,,,,,,,,,,,,
HPAP-067,Body of pancreas,ROI2,True,,,,,,,,,,,,,,,,,,,282.4,456.5,603.3,,,
HPAP-067,Body of pancreas,ROI3,True,,,,,,,,,,,,,,,,,,,104.2,204.9,304.7,28.6,107.8,213.6
HPAP-067,Head of pancreas,ROI1,True,,,,,,,,,,,,,,,,,,,81.0,210.9,297.6,,,
HPAP-067,Head of pancreas,ROI2,True,,,,,,,,,,,,,,,,,,,,,,181.9,298.4,430.9
HPAP-067,Head of pancreas,ROI3,True,,,,,,,,,,,,,,,,,,,93.0,173.9,283.3,,,
HPAP-067,Tail of pancreas,ROI1,True,,,,,,,,,,,,,,,,,,,,,,,,
HPAP-067,Tail of pancreas,ROI2,False,,,,,,,,,,,,,,,,,,,,,,,,
HPAP-067,Tail of pancreas,ROI3,True,,,,,,,,,,,,,,,,,,,,,,,,
HPAP-074,Body of pancreas,ROI1,True,,,,,,,,,,,,,,,,,,,148.4,279.6,386.5,,,
HPAP-074,Body of pancreas,ROI2,True,,,,,,,,,,,,,,,,,,,321.8,446.1,527.0,,,
HPAP-074,Body of pancreas,ROI3,True,,,,,,,,,,,,,,,,,,,127.2,207.1,288.6,,,
HPAP-074,Head of pancreas,ROI3,True,,,,,,,,,,,,,,,,,,,,,,,,
HPAP-074,Head of pancreas,ROI4,True,,,,,,,,,,,,,,,,,,,77.6,286.6,355.4,312.2,327.9,355.6
HPAP-074,Head of pancreas,ROI5,True,,,,,,,,,,,,,,,,,,,,,,,,
HPAP-075,Body of pancreas,ROI1,False,,,,,,,,,,,,,,,,,,,,,,,,
HPAP-075,Body of pancreas,ROI3,True,,,,,,,,,,,,,,,,,,,116.9,278.5,463.7,,,
HPAP-075,Body of pancreas,ROI4,True,,,,,,,,,,,,,,,,,,,57.5,197.7,319.2,,,
HPAP-075,Head of pancreas,ROI1,True,,,,,,,,,,,,,,,,,,,,,,,,
HPAP-075,Head of pancreas,ROI2,True,,,,,,,,,,,,,,,,,,,168.5,284.6,414.2,,,
HPAP-075,Head of pancreas,ROI3,True,,,,,,,,,,,,,,,,,,,,,,,,
HPAP-075,Tail of pancreas,ROI1,True,,,,,,,,,,,,,,,,,,,173.8,259.3,306.7,,,
HPAP-075,Tail of pancreas,ROI2,True,,,,,,,,,,,,,,,,,,,174.5,333.9,492.3,,,
HPAP-075,Tail of pancreas,ROI6,True,,,,,,,,,,,,,,,,,,,,,,,,
HPAP-080,Head of pancreas,ROI1,True,,,,,,,,,,,,,,,,,,,340.0,435.7,530.5,,,
HPAP-080,Head of pancreas,ROI2,True,,,,,,,,,,,,,,,,,,,,,,,,
HPAP-080,Head of pancreas,ROI3,True,,,,,,,,,,,,,,,,,,,219.0,395.0,609.0,,,
HPAP-080,Tail of pancreas,ROI1,True,,,,,,,,,,,,,,,,,,,76.6,193.4,385.1,,,
HPAP-080,Tail of pancreas,ROI2,True,,,,,,,,,,,,,,,,,,,107.2,286.5,524.0,,,
HPAP-080,Tail of pancreas,ROI3,True,,,,,,,,,,,,,,,,,,,258.9,496.3,648.0,,,
HPAP-082,Body of pancreas,ROI1,False,,,,,,,,,,,,,,,,,,,,,,,,
HPAP-082,Body of pancreas,ROI4,False,,,,,,,,,,,,,,,,,,,,,,,,
HPAP-082,Head of pancreas,ROI1,False,,,,,,,,,,,,,,,,,,,,,,,,
HPAP-082,Head of pancreas,ROI2,False,,,,,,,,,,,,,,,,,,,,,,,,
HPAP-082,Head of pancreas,ROI3,False,,,,,,,,,,,,,,,,,,,,,,,,
HPAP-082,Tail of pancreas,ROI1,False,,,,,,,,,,,,,,,,,,,,,,,,
HPAP-082,Tail of pancreas,ROI3,False,,,,,,,,,,,,,,,,,,,,,,,,
HPAP-082,Tail of pancreas,ROI5,False,,,,,,,,,,,,,,,,,,,,,,,,
HPAP-093,Body of pancreas,ROI2,True,,,,,,,,,,,,,,,,,,,,,,,,
HPAP-093,Body of pancreas,ROI3,True,,,,,,,,,,,,,,,,,,,,,,,,
HPAP-093,Body of pancreas,ROI6,True,,,,,,,,,,,,,,,,,,,,,,,,
HPAP-093,Head of pancreas,ROI1,True,,,,,,,,,,,,,,,,,,,,,,,,
HPAP-093,Head of pancreas,ROI3,True,,,,,,,,,,,,,,,,,,,,,,,,
HPAP-093,Head of pancreas,ROI5,True,,,,,,,,,,,,,,,,,,,,,,,,
HPAP-093,Tail of pancreas,ROI1,True,,,,,,,,,,,,,,,,,,,,,,,,
HPAP-093,Tail of pancreas,ROI2,True,,,,,,,,,,,,,,,,,,,,,,,,
HPAP-093,Tail of pancreas,ROI3,True,,,,,,,,,,,,,,,,,,,,,,,,
HPAP-095,Body of pancreas,ROI1,False,,,,,,,,,,,,,,,,,,,,,,,,
HPAP-095,Body of pancreas,ROI3,False,,,,,,,,,,,,,,,,,,,,,,,,
HPAP-095,Body of pancreas,ROI4,False,,,,,,,,,,,,,,,,,,,,,,,,
HPAP-095,Head of pancreas,ROI1,False,,,,,,,,,,,,,,,,,,,,,,,,
HPAP-095,Head of pancreas,ROI2,False,,,,,,,,,,,,,,,,,,,,,,,,
HPAP-095,Head of pancreas,ROI3,False,,,,,,,,,,,,,,,,,,,,,,,,
HPAP-095,Tail of pancreas,ROI1,False,,,,,,,,,,,,,,,,,,,,,,,,
HPAP-095,Tail of pancreas,ROI2,False,,,,,,,,,,,,,,,,,,,,,,,,
HPAP-095,Tail of pancreas,ROI5,False,,,,,,,,,,,,,,,,,,,,,,,,
HPAP-099,Body of pancreas,ROI1,True,,,,,,,,,,,,,,,,,,,,,,,,
HPAP-099,Body of pancreas,ROI2,True,,,,,,,,,,,,,,,,,,,,,,,,
HPAP-099,Body of pancreas,ROI3,True,,,,,,,,,,,,,,,,,,,41.9,99.8,185.6,,,
HPAP-099,Head of pancreas,ROI1,True,,,,,,,,,,,,,,,,,,,40.3,103.4,163.0,,,
HPAP-099,Head of pancreas,ROI3,True,,,,,,,,,,,,,,,,,,,,,,,,
HPAP-099,Head of pancreas,ROI4,True,,,,,,,,,,,,,,,,,,,,,,,,
HPAP-099,Tail of pancreas,ROI1,True,,,,,,,,,,,,,,,,,,,,,,,,
HPAP-099,Tail of pancreas,ROI2,True,,,,,,,,,,,,,,,,,,,,,,,,
HPAP-099,Tail of pancreas,ROI3,True,,,,,,,,,,,,,,,,,,,,,,,,
HPAP-105,Body of pancreas,ROI1,True,,,,,,,,,,,,,,,,,,,,,,,,
HPAP-105,Body of pancreas,ROI4,True,,,,,,,,,,,,,,,,,,,,,,,,
HPAP-105,Body of pancreas,ROI5,True,,,,,,,,,,,,,,,,,,,,,,,,
HPAP-105,Head of pancreas,ROI1,True,,,,,,,,,,,,,,,,,,,,,,,,
HPAP-105,Head of pancreas,ROI2,True,,,,,,,,,,,,,,,,,,,,,,,,
HPAP-105,Head of pancreas,ROI3,True,,,,,,,,,,,,,,,,,,,,,,,,
HPAP-105,Tail of pancreas,ROI2,True,,,,,,,,,,,,,,,,,,,71.0,150.3,273.3,,,
HPAP-105,Tail of pancreas,ROI3,True,,,,,,,,,,,,,,,,,,,71.0,199.8,340.9,,,
HPAP-105,Tail of pancreas,ROI4,True,,,,,,,,,,,,,,,,,,,,,,,,
HPAP-118,Body of pancreas,ROI1,True,,,,,,,,,,,,,,,,,,,495.1,549.7,594.3,,,
HPAP-118,Body of pancreas,ROI2,True,,,,,,,,,,,,,,,,,,,,,,,,
HPAP-118,Body of pancreas,ROI3,True,,,,,,,,,,,,,,,,,,,50.7,121.2,234.6,,,
HPAP-118,Head of pancreas,ROI1,True,,,,,,,,,,,,,,,,,,,,,,,,
HPAP-118,Head of pancreas,ROI2,True,,,,,,,,,,,,,,,,,,,,,,,,
HPAP-118,Head of pancreas,ROI4,True,,,,,,,,,,,,,,,,,,,5.0,9.8,22.1,,,
HPAP-118,Tail of pancreas,ROI1,True,,,,,,,,,,,,,,,,,,,,,,,,
HPAP-118,Tail of pancreas,ROI2,True,,,,,,,,,,,,,,,,,,,,,,,,
HPAP-118,Tail of pancreas,ROI3,True,,,,,,,,,,,,,,,,,,,,,,,,
HPAP-136,Body of pancreas,ROI1,True,,,,,,,,,,,,,,,,,,,,,,,,
HPAP-136,Body of pancreas,ROI2,True,,,,,,,,,,,,,,,,,,,82.3,177.6,338.1,,,
HPAP-139,Tail of pancreas,ROI1,True,,,,,,,,,,,,,,,,,,,23.1,74.9,130.9,,,
HPAP-139,Tail of pancreas,ROI2,True,,,,,,,,,,,,,,,,,,,,,,,,
HPAP-139,Tail of pancreas,ROI3,True,,,,,,,,,,,,,,,,,,,,,,,,
HPAP-146,Body of pancreas,ROI1,True,,,,,,,,,,,,,,,,,,,,,,,,
HPAP-146,Body of pancreas,ROI2,True,,,,,,,,,,,,,,,,,,,,,,,,
HPAP-146,Body of pancreas,ROI4,True,,,,,,,,,,,,,,,,,,,88.2,257.1,419.9,,,
HPAP-146,Head of pancreas,ROI3,True,,,,,,,,,,,,,,,,,,,312.5,383.7,452.2,,,
HPAP-146,Head of pancreas,ROI4,False,,,,,,,,,,,,,,,,,,,,,,,,
HPAP-146,Head of pancreas,ROI5,False,,,,,,,,,,,,,,,,,,,,,,,,
HPAP-146,Tail of pancreas,ROI1,True,,,,,,,,,,,,,,,,,,,118.6,192.2,259.4,,,
HPAP-146,Tail of pancreas,ROI2,True,,,,,,,,,,,,,,,,,,,32.9,93.9,186.6,,,
HPAP-146,Tail of pancreas,ROI3,True,,,,,,,,,,,,,,,,,,,106.1,160.9,221.4,,,
